model,session,trial_number,state,state_label,p_state0,p_state1,p_state2,p_go,actual_choice,pupil_zscore,stim_strength
corrected,240-R-mPFC-S1-NE_2022_12_22,1,0,Liberal,0.983782,0.000131046,0.0160868,0.999199,1,1.83557,1
corrected,240-R-mPFC-S1-NE_2022_12_22,2,0,Liberal,0.98433,1.88555e-05,0.0156511,0.70735,1,-0.516923,0.025
corrected,240-R-mPFC-S1-NE_2022_12_22,3,0,Liberal,0.984242,6.90804e-06,0.0157516,0.798602,1,-0.280834,0.1
corrected,240-R-mPFC-S1-NE_2022_12_22,4,0,Liberal,0.984106,0.000193907,0.0157001,0.798475,0,1.31427,0.1
corrected,240-R-mPFC-S1-NE_2022_12_22,5,0,Liberal,0.984222,6.53046e-05,0.0157127,0.91569,1,0.294556,0.25
corrected,240-R-mPFC-S1-NE_2022_12_22,6,0,Liberal,0.984326,0.000240274,0.0154335,0.67321,0,0.367062,0
corrected,240-R-mPFC-S1-NE_2022_12_22,7,0,Liberal,0.984921,0.00030976,0.0147692,0.673564,0,0.335853,0
corrected,240-R-mPFC-S1-NE_2022_12_22,8,0,Liberal,0.986522,3.01469e-05,0.0134481,0.740858,1,-0.398504,0.05
corrected,240-R-mPFC-S1-NE_2022_12_22,9,0,Liberal,0.986941,3.39219e-05,0.0130248,0.674797,1,-0.112745,0
corrected,240-R-mPFC-S1-NE_2022_12_22,10,0,Liberal,0.986582,5.37727e-05,0.0133639,0.67458,0,-0.647363,0
corrected,240-R-mPFC-S1-NE_2022_12_22,11,0,Liberal,0.986566,1.85881e-06,0.0134319,0.981961,1,-0.958553,0.5
corrected,240-R-mPFC-S1-NE_2022_12_22,12,0,Liberal,0.986825,4.84125e-05,0.0131263,0.981916,1,2.71417,0.5
corrected,240-R-mPFC-S1-NE_2022_12_22,13,0,Liberal,0.98693,9.68996e-05,0.0129734,0.999214,1,1.05913,1
corrected,240-R-mPFC-S1-NE_2022_12_22,14,0,Liberal,0.986877,7.48979e-06,0.013116,0.799453,1,-1.1644,0.1
corrected,240-R-mPFC-S1-NE_2022_12_22,15,0,Liberal,0.986669,6.70906e-06,0.0133244,0.981955,1,-1.02365,0.5
corrected,240-R-mPFC-S1-NE_2022_12_22,16,0,Liberal,0.986475,2.80956e-05,0.0134969,0.740834,0,-0.946675,0.05
corrected,240-R-mPFC-S1-NE_2022_12_22,17,0,Liberal,0.986673,4.7505e-06,0.0133217,0.799388,1,-0.361188,0.1
corrected,240-R-mPFC-S1-NE_2022_12_22,18,0,Liberal,0.986682,2.37441e-06,0.0133153,0.740948,1,-0.768973,0.05
corrected,240-R-mPFC-S1-NE_2022_12_22,19,0,Liberal,0.98637,6.31215e-06,0.013624,0.981961,1,-0.0194778,0.5
corrected,240-R-mPFC-S1-NE_2022_12_22,20,0,Liberal,0.986001,6.47354e-06,0.0139929,0.981967,1,-0.544935,0.5
corrected,240-R-mPFC-S1-NE_2022_12_22,21,0,Liberal,0.985566,4.09909e-06,0.0144303,0.673969,1,-1.10638,0
corrected,240-R-mPFC-S1-NE_2022_12_22,22,0,Liberal,0.982658,5.95592e-06,0.017336,0.798091,1,0.111735,0.1
corrected,240-R-mPFC-S1-NE_2022_12_22,23,0,Liberal,0.978519,0.000103051,0.0213775,0.91597,1,0.818253,0.25
corrected,240-R-mPFC-S1-NE_2022_12_23,1,2,Engaged,0.0015966,0.25761,0.740793,0.366931,0,-0.287671,0.1
corrected,240-R-mPFC-S1-NE_2022_12_23,2,2,Engaged,0.000692908,0.263397,0.735911,0.0660819,0,-0.732889,0
corrected,240-R-mPFC-S1-NE_2022_12_23,3,2,Engaged,0.000418742,0.300131,0.699451,0.0639432,0,0.236844,0
corrected,240-R-mPFC-S1-NE_2022_12_23,4,2,Engaged,0.000331556,0.332087,0.667581,0.82785,1,0.146978,1
corrected,240-R-mPFC-S1-NE_2022_12_23,5,2,Engaged,0.000210422,0.425953,0.573836,0.0900419,0,0.284268,0.025
corrected,240-R-mPFC-S1-NE_2022_12_23,6,1,Conservative,0.000177581,0.578713,0.42111,0.443956,0,0.99096,0.25
corrected,240-R-mPFC-S1-NE_2022_12_23,7,2,Engaged,0.000143476,0.345415,0.654442,0.820942,1,-0.528687,1
corrected,240-R-mPFC-S1-NE_2022_12_23,8,2,Engaged,9.43162e-05,0.280271,0.719635,0.356385,0,-0.0280707,0.1
corrected,240-R-mPFC-S1-NE_2022_12_23,9,2,Engaged,9.11397e-05,0.238634,0.761275,0.876296,1,1.21432,1
corrected,240-R-mPFC-S1-NE_2022_12_23,10,2,Engaged,7.68819e-05,0.21619,0.783734,0.179827,0,0.857446,0.05
corrected,240-R-mPFC-S1-NE_2022_12_23,11,2,Engaged,9.22937e-05,0.155628,0.84428,0.411726,0,0.200694,0.1
corrected,240-R-mPFC-S1-NE_2022_12_23,12,2,Engaged,0.000176914,0.0530129,0.94681,0.972519,1,0.325727,1
corrected,240-R-mPFC-S1-NE_2022_12_23,13,2,Engaged,0.00022149,0.0084833,0.991295,0.219331,1,0.418754,0.05
corrected,240-R-mPFC-S1-NE_2022_12_23,14,2,Engaged,0.000187603,0.00159454,0.998218,0.968514,1,0.231267,0.25
corrected,240-R-mPFC-S1-NE_2022_12_23,15,2,Engaged,0.000137831,0.00135223,0.99851,0.999299,1,-0.74212,1
corrected,240-R-mPFC-S1-NE_2022_12_23,16,2,Engaged,8.33485e-05,0.000422467,0.999494,0.969585,1,-0.861084,0.25
corrected,240-R-mPFC-S1-NE_2022_12_23,17,2,Engaged,3.04605e-05,0.00375621,0.996213,0.135152,0,-0.71033,0.025
corrected,240-R-mPFC-S1-NE_2022_12_23,18,2,Engaged,2.16484e-05,0.0173328,0.982646,0.473107,0,1.27374,0.1
corrected,240-R-mPFC-S1-NE_2022_12_23,19,2,Engaged,1.89798e-05,0.00889523,0.991086,0.961887,1,-0.0501371,0.25
corrected,240-R-mPFC-S1-NE_2022_12_23,20,2,Engaged,9.44133e-06,0.0170033,0.982987,0.473249,0,-0.981824,0.1
corrected,240-R-mPFC-S1-NE_2022_12_23,21,2,Engaged,9.17051e-06,0.0302164,0.969774,0.215094,0,0.393982,0.05
corrected,240-R-mPFC-S1-NE_2022_12_23,22,2,Engaged,1.32587e-05,0.0262707,0.973716,0.986382,1,-0.694744,1
corrected,240-R-mPFC-S1-NE_2022_12_23,23,2,Engaged,1.3819e-05,0.0320167,0.96797,0.983403,1,-0.569962,1
corrected,240-R-mPFC-S1-NE_2022_12_23,24,2,Engaged,1.13809e-05,0.0583414,0.941647,0.454896,0,-0.179739,0.1
corrected,240-R-mPFC-S1-NE_2022_12_23,25,2,Engaged,1.40126e-05,0.0593462,0.94064,0.948663,1,-0.81253,0.5
corrected,240-R-mPFC-S1-NE_2022_12_23,26,2,Engaged,1.03816e-05,0.133223,0.866767,0.121275,0,-0.85497,0.025
corrected,240-R-mPFC-S1-NE_2022_12_23,27,2,Engaged,1.40062e-05,0.213717,0.786269,0.775719,0,-0.765057,0.25
corrected,240-R-mPFC-S1-NE_2022_12_23,28,2,Engaged,9.95848e-06,0.139816,0.860174,0.194289,0,-0.612083,0.05
corrected,240-R-mPFC-S1-NE_2022_12_23,29,2,Engaged,1.3354e-05,0.0184001,0.981587,0.984025,1,-1.15278,0.5
corrected,240-R-mPFC-S1-NE_2022_12_23,30,2,Engaged,8.58666e-06,0.0156975,0.984294,0.13386,0,0.0267662,0.025
corrected,240-R-mPFC-S1-NE_2022_12_23,31,2,Engaged,8.66986e-06,0.00433062,0.995661,0.966036,1,-0.554941,0.25
corrected,240-R-mPFC-S1-NE_2022_12_23,32,2,Engaged,2.76764e-06,0.00541212,0.994585,0.134958,0,-1.71875,0.025
corrected,240-R-mPFC-S1-NE_2022_12_23,33,2,Engaged,1.76148e-06,0.0109968,0.989001,0.218738,0,-0.345975,0.05
corrected,240-R-mPFC-S1-NE_2022_12_23,34,2,Engaged,3.05237e-06,0.0265826,0.973414,0.0783879,0,1.14957,0
corrected,240-R-mPFC-S1-NE_2022_12_23,35,2,Engaged,5.54687e-06,0.0287611,0.971233,0.975077,1,0.341414,0.5
corrected,240-R-mPFC-S1-NE_2022_12_23,36,2,Engaged,3.8934e-06,0.126339,0.873657,0.0730294,0,1.1621,0
corrected,240-R-mPFC-S1-NE_2022_12_23,37,2,Engaged,3.07638e-06,0.135295,0.864702,0.195144,0,-0.984622,0.05
corrected,240-R-mPFC-S1-NE_2022_12_23,38,2,Engaged,6.32637e-06,0.204915,0.795079,0.893775,1,0.989171,1
corrected,240-R-mPFC-S1-NE_2022_12_23,39,2,Engaged,3.8395e-06,0.266621,0.733376,0.362416,0,-0.101621,0.1
corrected,240-R-mPFC-S1-NE_2022_12_23,40,2,Engaged,3.80324e-06,0.27789,0.722106,0.357412,0,-0.731156,0.1
corrected,240-R-mPFC-S1-NE_2022_12_23,41,2,Engaged,6.07527e-06,0.252516,0.747478,0.0662524,0,-1.44946,0
corrected,240-R-mPFC-S1-NE_2022_12_23,42,2,Engaged,1.51546e-05,0.291717,0.708267,0.704823,1,0.656609,0.25
corrected,240-R-mPFC-S1-NE_2022_12_23,43,1,Conservative,5.34534e-06,0.832236,0.167759,0.213532,0,0.236296,0.25
corrected,240-R-mPFC-S1-NE_2022_12_23,44,1,Conservative,2.42165e-06,0.813228,0.18677,0.119719,0,-0.950489,0.1
corrected,240-R-mPFC-S1-NE_2022_12_23,45,1,Conservative,1.63172e-06,0.819633,0.180365,0.0357837,0,0.665659,0
corrected,240-R-mPFC-S1-NE_2022_12_23,46,1,Conservative,2.01381e-06,0.804491,0.195507,0.0681121,0,-0.301295,0.05
corrected,240-R-mPFC-S1-NE_2022_12_23,47,1,Conservative,4.39075e-06,0.778935,0.22106,0.596211,1,-0.597105,1
corrected,240-R-mPFC-S1-NE_2022_12_23,48,1,Conservative,1.61604e-06,0.826742,0.173256,0.0469989,0,0.746974,0.025
corrected,240-R-mPFC-S1-NE_2022_12_23,49,1,Conservative,1.0045e-06,0.843145,0.156854,0.0345202,0,-0.156682,0
corrected,240-R-mPFC-S1-NE_2022_12_23,50,1,Conservative,6.98784e-07,0.869591,0.130409,0.0946931,0,0.103325,0.1
corrected,240-R-mPFC-S1-NE_2022_12_23,51,1,Conservative,6.6403e-07,0.894764,0.105235,0.031747,0,0.713484,0
corrected,240-R-mPFC-S1-NE_2022_12_23,52,1,Conservative,5.42768e-07,0.931565,0.0684342,0.0297699,0,1.06916,0
corrected,240-R-mPFC-S1-NE_2022_12_23,53,1,Conservative,2.5738e-07,0.975577,0.0244231,0.0476346,0,1.27871,0.1
corrected,240-R-mPFC-S1-NE_2022_12_23,54,1,Conservative,1.82071e-07,0.990457,0.0095425,0.026606,0,0.691307,0
corrected,240-R-mPFC-S1-NE_2022_12_23,55,1,Conservative,4.13028e-08,0.999994,6.39496e-06,0.136277,0,-0.0546531,0.5
corrected,240-R-mPFC-S1-NE_2022_12_23,56,1,Conservative,1.12787e-07,0.998579,0.00142073,0.031268,0,1.36462,0.05
corrected,240-R-mPFC-S1-NE_2022_12_23,57,1,Conservative,1.04922e-07,0.998706,0.00129349,0.0261628,0,1.00736,0
corrected,240-R-mPFC-S1-NE_2022_12_23,58,1,Conservative,1.07187e-09,1,6.98979e-12,0.481614,0,0.212827,1
corrected,240-R-mPFC-S1-NE_2022_12_23,59,1,Conservative,1.17393e-07,0.998388,0.00161146,0.037506,0,0.196051,0.1
corrected,240-R-mPFC-S1-NE_2022_12_23,60,1,Conservative,1.05798e-07,0.998761,0.00123907,0.028576,0,0.484177,0.025
corrected,240-R-mPFC-S1-NE_2022_12_23,61,1,Conservative,7.05853e-08,0.999923,7.70448e-05,0.0611169,0,-0.476517,0.25
corrected,240-R-mPFC-S1-NE_2022_12_23,62,1,Conservative,2.91251e-07,1,1.64517e-09,0.481614,0,-0.838405,1
corrected,240-R-mPFC-S1-NE_2022_12_23,63,2,Engaged,9.93647e-05,0.19464,0.80526,0.831815,1,-0.32858,0.5
corrected,240-R-mPFC-S1-NE_2022_12_23,64,2,Engaged,8.82117e-05,0.109613,0.890299,0.870338,1,-0.145738,0.25
corrected,240-R-mPFC-S1-NE_2022_12_23,65,2,Engaged,5.9025e-05,0.128007,0.871934,0.423979,0,-0.363594,0.1
corrected,240-R-mPFC-S1-NE_2022_12_23,66,2,Engaged,5.60955e-05,0.139512,0.860432,0.843164,1,0.130561,0.25
corrected,240-R-mPFC-S1-NE_2022_12_23,67,1,Conservative,7.33104e-07,0.999999,1.78261e-08,0.481614,0,1.38322,1
corrected,240-R-mPFC-S1-NE_2022_12_23,68,1,Conservative,3.20629e-06,0.911317,0.0886793,0.0478342,0,-0.151725,0.05
corrected,240-R-mPFC-S1-NE_2022_12_23,69,1,Conservative,9.34833e-06,0.799207,0.200784,0.585702,1,-0.319089,1
corrected,240-R-mPFC-S1-NE_2022_12_23,70,1,Conservative,5.48298e-06,0.754641,0.245354,0.0775768,0,-0.350301,0.05
corrected,240-R-mPFC-S1-NE_2022_12_23,71,1,Conservative,6.14222e-06,0.654451,0.345543,0.190218,0,-1.26085,0.1
corrected,240-R-mPFC-S1-NE_2022_12_23,72,2,Engaged,1.22256e-05,0.447658,0.55233,0.767941,1,-1.77286,1
corrected,240-R-mPFC-S1-NE_2022_12_23,73,2,Engaged,4.54063e-06,0.404827,0.595168,0.0921847,0,-1.19145,0.025
corrected,240-R-mPFC-S1-NE_2022_12_23,74,2,Engaged,3.00818e-06,0.433853,0.566144,0.288164,0,0.964019,0.1
corrected,240-R-mPFC-S1-NE_2022_12_23,75,2,Engaged,2.94032e-06,0.370328,0.629669,0.0958784,0,-0.845927,0.025
corrected,240-R-mPFC-S1-NE_2022_12_23,76,2,Engaged,3.52497e-06,0.283583,0.716413,0.166995,0,-1.31813,0.05
corrected,240-R-mPFC-S1-NE_2022_12_23,77,2,Engaged,5.19227e-06,0.173382,0.826613,0.070503,0,-1.6923,0
corrected,240-R-mPFC-S1-NE_2022_12_23,78,2,Engaged,8.63088e-06,0.112118,0.887874,0.0737962,0,-1.18413,0
corrected,240-R-mPFC-S1-NE_2022_12_23,79,2,Engaged,1.86402e-05,0.042548,0.957433,0.46191,1,-1.56554,0.1
corrected,240-R-mPFC-S1-NE_2022_12_23,80,2,Engaged,1.37071e-05,0.0814734,0.918513,0.0754455,0,-0.0944992,0
corrected,240-R-mPFC-S1-NE_2022_12_23,81,2,Engaged,1.45735e-05,0.0942388,0.905747,0.918528,1,-1.1419,0.5
corrected,240-R-mPFC-S1-NE_2022_12_23,82,2,Engaged,5.89259e-06,0.232391,0.767603,0.176714,0,-1.42367,0.05
corrected,240-R-mPFC-S1-NE_2022_12_23,83,2,Engaged,3.23778e-06,0.437936,0.562061,0.137695,0,-0.874254,0.05
corrected,240-R-mPFC-S1-NE_2022_12_23,84,1,Conservative,3.0729e-06,0.573281,0.426716,0.112003,0,-1.41138,0.05
corrected,240-R-mPFC-S1-NE_2022_12_23,85,1,Conservative,4.3116e-06,0.949799,0.0501967,0.106676,0,-0.0124769,0.25
corrected,240-R-mPFC-S1-NE_2022_12_23,86,1,Conservative,5.88494e-06,0.965385,0.0346091,0.092509,0,0.442255,0.25
corrected,240-R-mPFC-S1-NE_2022_12_23,87,1,Conservative,2.61767e-05,0.802057,0.197917,0.584225,1,-0.552874,1
corrected,240-R-mPFC-S1-NE_2022_12_23,88,1,Conservative,2.68203e-05,0.737436,0.262537,0.363033,1,-0.544253,0.5
corrected,240-R-mPFC-S1-NE_2022_12_23,89,1,Conservative,1.19541e-05,0.751825,0.248163,0.0781148,0,-1.07764,0.05
corrected,240-R-mPFC-S1-NE_2022_12_23,90,1,Conservative,4.52462e-06,0.917688,0.0823079,0.135862,0,1.47504,0.25
corrected,240-R-mPFC-S1-NE_2022_12_23,91,1,Conservative,2.54679e-06,0.861924,0.138073,0.0572101,0,0.199561,0.05
corrected,240-R-mPFC-S1-NE_2022_12_23,92,1,Conservative,2.32713e-06,0.823577,0.176421,0.0473383,0,0.786788,0.025
corrected,240-R-mPFC-S1-NE_2022_12_23,93,1,Conservative,3.89529e-06,0.683256,0.31674,0.177428,0,-0.723227,0.1
corrected,240-R-mPFC-S1-NE_2022_12_23,94,1,Conservative,6.81008e-06,0.562031,0.437962,0.11414,0,0.11416,0.05
corrected,240-R-mPFC-S1-NE_2022_12_23,95,2,Engaged,1.54821e-05,0.471458,0.528527,0.755603,1,0.680131,1
corrected,240-R-mPFC-S1-NE_2022_12_23,96,2,Engaged,1.14466e-05,0.325024,0.674965,0.100735,0,-0.983589,0.025
corrected,240-R-mPFC-S1-NE_2022_12_23,97,2,Engaged,1.44967e-05,0.10928,0.890706,0.905538,1,-1.6722,0.5
corrected,240-R-mPFC-S1-NE_2022_12_23,98,2,Engaged,5.09818e-06,0.112691,0.887303,0.199436,0,-0.523902,0.05
corrected,240-R-mPFC-S1-NE_2022_12_23,99,2,Engaged,2.8685e-06,0.126427,0.87357,0.121998,0,0.262576,0.025
corrected,240-R-mPFC-S1-NE_2022_12_23,100,2,Engaged,2.56646e-06,0.132595,0.867402,0.121338,0,0.0991641,0.025
corrected,240-R-mPFC-S1-NE_2022_12_23,101,2,Engaged,2.74708e-06,0.106321,0.893676,0.200644,0,-1.28829,0.05
corrected,240-R-mPFC-S1-NE_2022_12_23,102,2,Engaged,4.86985e-06,0.0856107,0.914384,0.442786,0,-0.949624,0.1
corrected,240-R-mPFC-S1-NE_2022_12_23,103,2,Engaged,1.19288e-05,0.0526789,0.947309,0.972692,1,-0.712533,1
corrected,240-R-mPFC-S1-NE_2022_12_23,104,2,Engaged,1.47288e-05,0.0558443,0.944141,0.951687,1,0.385423,0.5
corrected,240-R-mPFC-S1-NE_2022_12_23,105,1,Conservative,4.97435e-06,0.673184,0.326811,0.043653,0,3.23668,0
corrected,240-R-mPFC-S1-NE_2022_12_23,106,1,Conservative,1.55244e-06,0.981012,0.0189868,0.0783057,0,2.60709,0.25
corrected,240-R-mPFC-S1-NE_2022_12_23,107,1,Conservative,1.80458e-06,0.980493,0.0195054,0.491726,1,1.69145,1
corrected,240-R-mPFC-S1-NE_2022_12_23,108,1,Conservative,9.53667e-07,0.973246,0.0267533,0.0275311,0,-0.325742,0
corrected,240-R-mPFC-S1-NE_2022_12_23,109,1,Conservative,6.06208e-07,0.972006,0.0279929,0.0492199,0,-0.0754933,0.1
corrected,240-R-mPFC-S1-NE_2022_12_23,110,1,Conservative,3.57649e-07,0.981719,0.0182807,0.0270755,0,1.41154,0
corrected,240-R-mPFC-S1-NE_2022_12_23,111,1,Conservative,7.79001e-07,0.975345,0.0246545,0.0310841,0,-0.651075,0.025
corrected,240-R-mPFC-S1-NE_2022_12_23,112,1,Conservative,2.23132e-06,0.962686,0.0373118,0.0949624,0,-1.59052,0.25
corrected,240-R-mPFC-S1-NE_2022_12_23,113,1,Conservative,3.87469e-06,0.883032,0.116964,0.0323792,0,0.491578,0
corrected,240-R-mPFC-S1-NE_2022_12_23,114,1,Conservative,9.97914e-06,0.541826,0.458164,0.117977,0,-1.54981,0.05
corrected,240-R-mPFC-S1-NE_2022_12_23,115,2,Engaged,1.89731e-05,0.389913,0.610068,0.797874,1,-0.456274,1
corrected,240-R-mPFC-S1-NE_2022_12_23,116,2,Engaged,1.3412e-05,0.323809,0.676178,0.337027,0,-0.551484,0.1
corrected,240-R-mPFC-S1-NE_2022_12_23,117,2,Engaged,1.76184e-05,0.0705058,0.929477,0.0760371,0,-1.73988,0
corrected,240-R-mPFC-S1-NE_2022_12_23,118,2,Engaged,2.87438e-05,0.0362914,0.96368,0.981187,1,0.697709,1
corrected,240-R-mPFC-S1-NE_2022_12_23,119,2,Engaged,3.07674e-05,0.00694283,0.993026,0.963661,1,-0.0118081,0.25
corrected,240-R-mPFC-S1-NE_2022_12_23,120,2,Engaged,2.88924e-05,0.0146382,0.985333,0.987274,1,0.732566,0.5
corrected,240-R-mPFC-S1-NE_2022_12_23,121,1,Conservative,5.58237e-06,0.693063,0.306931,0.0613173,0,4.0789,0.025
corrected,240-R-mPFC-S1-NE_2022_12_23,122,1,Conservative,3.12691e-06,0.769758,0.230239,0.13902,0,1.6669,0.1
corrected,240-R-mPFC-S1-NE_2022_12_23,123,1,Conservative,4.00666e-06,0.794182,0.205814,0.588307,1,1.3166,1
corrected,240-R-mPFC-S1-NE_2022_12_23,124,1,Conservative,1.887e-06,0.808179,0.191819,0.0674119,0,-0.0698721,0.05
corrected,240-R-mPFC-S1-NE_2022_12_23,125,1,Conservative,1.23228e-06,0.853266,0.146733,0.0441581,0,1.02936,0.025
corrected,240-R-mPFC-S1-NE_2022_12_23,126,1,Conservative,1.06065e-06,0.923218,0.0767813,0.0366667,0,1.65517,0.025
corrected,240-R-mPFC-S1-NE_2022_12_23,127,1,Conservative,2.12615e-06,0.94549,0.054508,0.509871,1,0.465152,1
corrected,240-R-mPFC-S1-NE_2022_12_23,128,1,Conservative,5.13764e-07,0.993085,0.00691407,0.0673317,0,0.220923,0.25
corrected,240-R-mPFC-S1-NE_2022_12_23,129,1,Conservative,4.88098e-07,0.987433,0.0125668,0.0267686,0,-0.151481,0
corrected,240-R-mPFC-S1-NE_2022_12_23,130,1,Conservative,1.97765e-07,0.992593,0.00740636,0.040079,0,0.955618,0.1
corrected,240-R-mPFC-S1-NE_2022_12_23,131,1,Conservative,2.51401e-07,0.991657,0.00834312,0.0325821,0,0.134086,0.05
corrected,240-R-mPFC-S1-NE_2022_12_23,132,1,Conservative,1.27269e-07,0.996828,0.00317227,0.038199,0,0.880313,0.1
corrected,240-R-mPFC-S1-NE_2022_12_23,133,1,Conservative,8.03787e-08,0.999756,0.000244156,0.0612688,0,0.49928,0.25
corrected,240-R-mPFC-S1-NE_2022_12_23,134,1,Conservative,9.3421e-08,1,3.56634e-10,0.481614,0,1.13413,1
corrected,240-R-mPFC-S1-NE_2022_12_23,135,2,Engaged,7.4387e-05,0.347364,0.652561,0.699916,1,-0.0509404,0.5
corrected,240-R-mPFC-S1-NE_2022_12_23,136,2,Engaged,6.60918e-05,0.319252,0.680682,0.101385,0,1.0124,0.025
corrected,240-R-mPFC-S1-NE_2022_12_23,137,2,Engaged,8.95752e-05,0.206367,0.793543,0.821687,1,-0.333379,0.5
corrected,240-R-mPFC-S1-NE_2022_12_23,138,2,Engaged,8.84405e-05,0.243242,0.756669,0.873907,1,0.863726,1
corrected,240-R-mPFC-S1-NE_2022_12_23,139,2,Engaged,7.84868e-05,0.304921,0.695,0.162984,0,0.470753,0.05
corrected,240-R-mPFC-S1-NE_2022_12_23,140,2,Engaged,9.12045e-05,0.302592,0.697317,0.84314,1,-1.14664,1
corrected,240-R-mPFC-S1-NE_2022_12_23,141,2,Engaged,9.7522e-05,0.376149,0.623754,0.0596658,0,-0.273405,0
corrected,240-R-mPFC-S1-NE_2022_12_23,142,2,Engaged,0.000137107,0.434377,0.565486,0.138441,0,-0.59762,0.05
corrected,240-R-mPFC-S1-NE_2022_12_23,143,1,Conservative,0.000357926,0.84966,0.149982,0.197675,0,2.03291,0.25
corrected,240-R-mPFC-S1-NE_2022_12_28,1,2,Engaged,0.0125044,0.000731593,0.986764,0.484509,1,0.592884,0.1
corrected,240-R-mPFC-S1-NE_2022_12_28,2,2,Engaged,0.00948571,0.00359819,0.986916,0.140661,0,0.852889,0.025
corrected,240-R-mPFC-S1-NE_2022_12_28,3,2,Engaged,0.00829997,0.000336618,0.991363,0.96921,1,0.165942,0.25
corrected,240-R-mPFC-S1-NE_2022_12_28,4,2,Engaged,0.00715995,0.000272165,0.992568,0.482987,1,0.157453,0.1
corrected,240-R-mPFC-S1-NE_2022_12_28,5,2,Engaged,0.00530789,0.00239987,0.992292,0.998752,1,0.38894,1
corrected,240-R-mPFC-S1-NE_2022_12_28,6,2,Engaged,0.00287839,0.00165956,0.995462,0.222027,0,-0.583183,0.05
corrected,240-R-mPFC-S1-NE_2022_12_28,7,2,Engaged,0.00232376,0.000650847,0.997025,0.999312,1,0.677004,0.5
corrected,240-R-mPFC-S1-NE_2022_12_28,8,2,Engaged,0.00175504,0.00123932,0.997006,0.998815,1,0.639483,0.5
corrected,240-R-mPFC-S1-NE_2022_12_28,9,2,Engaged,0.00100169,0.00275218,0.996246,0.220831,0,-0.339799,0.05
corrected,240-R-mPFC-S1-NE_2022_12_28,10,2,Engaged,0.000752529,0.000201119,0.999046,0.969749,1,-0.498372,0.25
corrected,240-R-mPFC-S1-NE_2022_12_28,11,2,Engaged,0.000586056,0.00216615,0.997248,0.998877,1,0.836402,1
corrected,240-R-mPFC-S1-NE_2022_12_28,12,2,Engaged,0.00038111,0.00207309,0.997546,0.479998,0,0.213088,0.1
corrected,240-R-mPFC-S1-NE_2022_12_28,13,2,Engaged,0.000337688,0.00143514,0.998227,0.998671,1,1.88159,0.5
corrected,240-R-mPFC-S1-NE_2022_12_28,14,2,Engaged,0.000269417,0.0013361,0.998394,0.999307,1,0.835865,1
corrected,240-R-mPFC-S1-NE_2022_12_28,15,2,Engaged,0.000200902,0.000878798,0.99892,0.969163,1,1.06393,0.25
corrected,240-R-mPFC-S1-NE_2022_12_28,16,2,Engaged,0.000136532,0.0122664,0.987597,0.218568,0,1.62684,0.05
corrected,240-R-mPFC-S1-NE_2022_12_28,17,2,Engaged,0.000116075,0.0119809,0.987903,0.993789,1,0.864856,1
corrected,240-R-mPFC-S1-NE_2022_12_28,18,2,Engaged,7.65842e-05,0.00549831,0.994425,0.99715,1,-0.601764,1
corrected,240-R-mPFC-S1-NE_2022_12_28,19,2,Engaged,4.52161e-05,0.00729484,0.99266,0.0794495,0,0.495843,0
corrected,240-R-mPFC-S1-NE_2022_12_28,20,2,Engaged,3.53424e-05,0.00359486,0.99637,0.996812,1,0.0479908,0.5
corrected,240-R-mPFC-S1-NE_2022_12_28,21,2,Engaged,1.99033e-05,0.00630003,0.99368,0.21964,0,-0.358084,0.05
corrected,240-R-mPFC-S1-NE_2022_12_28,22,2,Engaged,1.85997e-05,0.00704701,0.992934,0.219497,0,0.0323942,0.05
corrected,240-R-mPFC-S1-NE_2022_12_28,23,2,Engaged,2.59643e-05,0.000510792,0.999463,0.480577,1,-0.563613,0.1
corrected,240-R-mPFC-S1-NE_2022_12_28,24,2,Engaged,2.69426e-05,0.00254159,0.997431,0.13528,0,0.747292,0.025
corrected,240-R-mPFC-S1-NE_2022_12_28,25,2,Engaged,4.17529e-05,0.00102892,0.998929,0.969036,1,0.729758,0.25
corrected,240-R-mPFC-S1-NE_2022_12_28,26,2,Engaged,5.1855e-05,0.00490058,0.995048,0.0795821,0,0.388895,0
corrected,240-R-mPFC-S1-NE_2022_12_28,27,2,Engaged,8.05291e-05,0.00136288,0.998557,0.220609,1,-0.640216,0.05
corrected,240-R-mPFC-S1-NE_2022_12_28,28,2,Engaged,7.5364e-05,0.00295129,0.996973,0.079701,0,-0.41491,0
corrected,240-R-mPFC-S1-NE_2022_12_28,29,2,Engaged,9.03091e-05,0.00101864,0.998891,0.999472,1,-0.63125,1
corrected,240-R-mPFC-S1-NE_2022_12_28,30,2,Engaged,0.000108854,0.000562591,0.999329,0.999429,1,0.310528,0.5
corrected,240-R-mPFC-S1-NE_2022_12_28,31,2,Engaged,0.00011987,0.000379488,0.999501,0.999587,1,-0.271729,0.5
corrected,240-R-mPFC-S1-NE_2022_12_28,32,2,Engaged,0.000124502,0.000110377,0.999765,0.480787,1,-0.777389,0.1
corrected,240-R-mPFC-S1-NE_2022_12_28,33,2,Engaged,0.000120068,0.00146613,0.998414,0.99924,1,0.293342,1
corrected,240-R-mPFC-S1-NE_2022_12_28,34,2,Engaged,0.000106168,0.00015496,0.999739,0.969826,1,-0.577845,0.25
corrected,240-R-mPFC-S1-NE_2022_12_28,35,2,Engaged,9.57401e-05,0.000936524,0.998968,0.999514,1,0.10921,1
corrected,240-R-mPFC-S1-NE_2022_12_28,36,2,Engaged,8.72123e-05,0.00243836,0.997474,0.220408,0,0.877612,0.05
corrected,240-R-mPFC-S1-NE_2022_12_28,37,2,Engaged,0.000105632,0.00124037,0.998654,0.998844,1,1.28717,0.5
corrected,240-R-mPFC-S1-NE_2022_12_28,38,2,Engaged,0.000114062,0.00106103,0.998825,0.998998,1,0.457472,0.5
corrected,240-R-mPFC-S1-NE_2022_12_28,39,2,Engaged,0.000108596,0.00022984,0.999662,0.480729,1,-1.10969,0.1
corrected,240-R-mPFC-S1-NE_2022_12_28,40,2,Engaged,8.19136e-05,0.000281388,0.999637,0.480697,1,-1.46232,0.1
corrected,240-R-mPFC-S1-NE_2022_12_28,41,2,Engaged,3.13108e-05,0.00338249,0.996586,0.220199,0,-1.2893,0.05
corrected,240-R-mPFC-S1-NE_2022_12_28,42,2,Engaged,1.66692e-05,0.00407411,0.995909,0.13511,0,-1.09922,0.025
corrected,240-R-mPFC-S1-NE_2022_12_28,43,2,Engaged,1.50142e-05,0.00359846,0.996387,0.13516,0,-0.66411,0.025
corrected,240-R-mPFC-S1-NE_2022_12_28,44,2,Engaged,2.2318e-05,0.000443322,0.999534,0.480606,1,-0.580218,0.1
corrected,240-R-mPFC-S1-NE_2022_12_28,45,2,Engaged,1.90825e-05,0.000157209,0.999824,0.969829,1,-0.914268,0.25
corrected,240-R-mPFC-S1-NE_2022_12_28,46,2,Engaged,1.83312e-05,0.00695315,0.993029,0.219515,0,0.827838,0.05
corrected,240-R-mPFC-S1-NE_2022_12_28,47,2,Engaged,2.28752e-05,0.000759047,0.999218,0.480466,1,-0.796067,0.1
corrected,240-R-mPFC-S1-NE_2022_12_28,48,2,Engaged,2.14813e-05,0.00492395,0.995055,0.135021,0,0.510905,0.025
corrected,240-R-mPFC-S1-NE_2022_12_28,49,2,Engaged,2.67927e-05,0.000224526,0.999749,0.480705,1,-0.751044,0.1
corrected,240-R-mPFC-S1-NE_2022_12_28,50,2,Engaged,2.7069e-05,0.00114752,0.998825,0.999405,1,0.792415,1
corrected,240-R-mPFC-S1-NE_2022_12_28,51,2,Engaged,2.51274e-05,0.00172866,0.998246,0.480036,1,1.08097,0.1
corrected,240-R-mPFC-S1-NE_2022_12_28,52,2,Engaged,1.2129e-05,0.0201226,0.979865,0.133388,0,1.38264,0.025
corrected,240-R-mPFC-S1-NE_2022_12_28,53,2,Engaged,4.84347e-06,0.0140933,0.985902,0.13403,0,-0.591718,0.025
corrected,240-R-mPFC-S1-NE_2022_12_28,54,2,Engaged,4.64592e-06,0.0170351,0.98296,0.0789017,0,1.01382,0
corrected,240-R-mPFC-S1-NE_2022_12_28,55,2,Engaged,5.46054e-06,0.0030159,0.996979,0.967232,1,-0.490518,0.25
corrected,240-R-mPFC-S1-NE_2022_12_28,56,2,Engaged,3.42607e-06,0.00889569,0.991101,0.134586,0,0.0800353,0.025
corrected,240-R-mPFC-S1-NE_2022_12_28,57,2,Engaged,3.61967e-06,0.0101537,0.989843,0.0792708,0,-0.108605,0
corrected,240-R-mPFC-S1-NE_2022_12_28,58,2,Engaged,5.97774e-06,0.0073985,0.992596,0.0794202,0,-0.309286,0
corrected,240-R-mPFC-S1-NE_2022_12_28,59,2,Engaged,1.34344e-05,0.00104812,0.998938,0.480335,1,-0.46023,0.1
corrected,240-R-mPFC-S1-NE_2022_12_28,60,2,Engaged,1.06472e-05,0.000575011,0.999414,0.99942,1,-1.08017,0.5
corrected,240-R-mPFC-S1-NE_2022_12_28,61,2,Engaged,6.79589e-06,0.0046579,0.995335,0.135041,0,-0.28687,0.025
corrected,240-R-mPFC-S1-NE_2022_12_28,62,2,Engaged,7.21229e-06,0.00440743,0.995585,0.99611,1,-0.56642,0.5
corrected,240-R-mPFC-S1-NE_2022_12_28,63,2,Engaged,6.53158e-06,0.0710421,0.928951,0.449255,0,1.41903,0.1
corrected,240-R-mPFC-S1-NE_2022_12_28,64,2,Engaged,7.8128e-06,0.0708451,0.929147,0.127954,0,-0.162606,0.025
corrected,240-R-mPFC-S1-NE_2022_12_28,65,2,Engaged,1.44672e-05,0.0556489,0.944337,0.210269,0,-0.917916,0.05
corrected,240-R-mPFC-S1-NE_2022_12_28,66,2,Engaged,3.81667e-05,0.0387528,0.961209,0.131408,0,-0.786916,0.025
corrected,240-R-mPFC-S1-NE_2022_12_28,67,2,Engaged,0.000110093,0.00918594,0.990704,0.079387,1,-1.37874,0
corrected,240-R-mPFC-S1-NE_2022_12_28,68,2,Engaged,8.64589e-05,0.0021663,0.997747,0.998044,1,-1.25101,0.5
corrected,240-R-mPFC-S1-NE_2022_12_28,69,2,Engaged,5.66783e-05,0.00228156,0.997662,0.135325,0,-1.56159,0.025
corrected,240-R-mPFC-S1-NE_2022_12_28,70,2,Engaged,5.43099e-05,0.00110712,0.998839,0.999426,1,-1.08541,1
corrected,240-R-mPFC-S1-NE_2022_12_28,71,2,Engaged,5.02574e-05,5.57803e-05,0.999894,0.999868,1,-0.833247,0.5
corrected,240-R-mPFC-S1-NE_2022_12_28,72,2,Engaged,5.60649e-05,0.000761448,0.999182,0.999258,1,1.99161,0.5
corrected,240-R-mPFC-S1-NE_2022_12_28,73,2,Engaged,5.25014e-05,0.00057213,0.999375,0.96945,1,0.722828,0.25
corrected,240-R-mPFC-S1-NE_2022_12_28,74,2,Engaged,3.82447e-05,0.000681049,0.999281,0.135486,0,-0.875029,0.025
corrected,240-R-mPFC-S1-NE_2022_12_28,75,2,Engaged,4.73836e-05,0.000629027,0.999324,0.969399,1,0.876556,0.25
corrected,240-R-mPFC-S1-NE_2022_12_28,76,2,Engaged,4.4632e-05,0.000183092,0.999772,0.220814,1,-1.20326,0.05
corrected,240-R-mPFC-S1-NE_2022_12_28,77,2,Engaged,2.60598e-05,0.00400172,0.995972,0.135123,0,0.907486,0.025
corrected,240-R-mPFC-S1-NE_2022_12_28,78,2,Engaged,2.34501e-05,0.00524551,0.994731,0.0795464,0,1.17184,0
corrected,240-R-mPFC-S1-NE_2022_12_28,79,2,Engaged,2.99977e-05,0.00138443,0.998586,0.480191,1,0.803264,0.1
corrected,240-R-mPFC-S1-NE_2022_12_28,80,2,Engaged,2.06225e-05,0.000498307,0.999481,0.969519,1,-0.53496,0.25
corrected,240-R-mPFC-S1-NE_2022_12_28,81,2,Engaged,1.21461e-05,0.00946409,0.990524,0.13453,0,0.45499,0.025
corrected,240-R-mPFC-S1-NE_2022_12_28,82,2,Engaged,9.34027e-06,0.00748523,0.992505,0.99612,1,-0.700149,1
corrected,240-R-mPFC-S1-NE_2022_12_28,83,2,Engaged,5.39e-06,0.0154073,0.984587,0.133889,0,0.335612,0.025
corrected,240-R-mPFC-S1-NE_2022_12_28,84,2,Engaged,3.6247e-06,0.00988556,0.990111,0.13448,0,-0.988851,0.025
corrected,240-R-mPFC-S1-NE_2022_12_28,85,2,Engaged,4.2679e-06,0.00118925,0.998806,0.135411,0,-1.10554,0.025
corrected,240-R-mPFC-S1-NE_2022_12_28,86,2,Engaged,1.53814e-05,0.000569514,0.999415,0.969455,1,2.00901,0.25
corrected,240-R-mPFC-S1-NE_2022_12_28,87,2,Engaged,1.87272e-05,7.02103e-05,0.999911,0.969908,1,0.444983,0.25
corrected,240-R-mPFC-S1-NE_2022_12_28,88,2,Engaged,2.279e-05,0.000517693,0.99946,0.999469,1,1.60235,0.5
corrected,240-R-mPFC-S1-NE_2022_12_28,89,2,Engaged,2.37636e-05,0.00254534,0.997431,0.967658,1,1.69187,0.25
corrected,240-R-mPFC-S1-NE_2022_12_28,90,2,Engaged,2.11624e-05,0.12036,0.879619,0.073361,0,3.46749,0
corrected,240-R-mPFC-S1-NE_2022_12_28,91,2,Engaged,2.15419e-05,0.0813626,0.918616,0.126835,0,-0.792,0.025
corrected,240-R-mPFC-S1-NE_2022_12_28,92,2,Engaged,3.59921e-05,0.0150618,0.984902,0.992192,1,-1.5221,1
corrected,240-R-mPFC-S1-NE_2022_12_28,93,2,Engaged,4.17969e-05,0.00273883,0.997219,0.479593,1,-0.507149,0.1
corrected,240-R-mPFC-S1-NE_2022_12_28,94,2,Engaged,2.93459e-05,0.00169772,0.998273,0.0797406,0,-1.46515,0
corrected,240-R-mPFC-S1-NE_2022_12_28,95,2,Engaged,3.28078e-05,0.000161596,0.999806,0.969825,1,-0.670312,0.25
corrected,240-R-mPFC-S1-NE_2022_12_28,96,2,Engaged,3.75645e-05,0.00141239,0.99855,0.0797609,0,0.279572,0
corrected,240-R-mPFC-S1-NE_2022_12_28,97,2,Engaged,7.27277e-05,0.00322962,0.996698,0.997126,1,1.71377,0.5
corrected,240-R-mPFC-S1-NE_2022_12_28,98,2,Engaged,7.99607e-05,0.00022164,0.999698,0.480723,1,-1.51397,0.1
corrected,240-R-mPFC-S1-NE_2022_12_28,99,2,Engaged,7.47833e-05,8.98077e-05,0.999835,0.969887,1,-1.1317,0.25
corrected,240-R-mPFC-S1-NE_2022_12_28,100,2,Engaged,7.14169e-05,0.000803112,0.999125,0.999584,1,-0.532134,1
corrected,240-R-mPFC-S1-NE_2022_12_28,101,2,Engaged,6.43257e-05,9.23187e-05,0.999843,0.969886,1,-0.700278,0.25
corrected,240-R-mPFC-S1-NE_2022_12_28,102,2,Engaged,6.77708e-05,0.00582125,0.994111,0.134952,0,1.80692,0.025
corrected,240-R-mPFC-S1-NE_2022_12_28,103,2,Engaged,8.70865e-05,0.00109521,0.998818,0.998969,1,0.494482,0.5
corrected,240-R-mPFC-S1-NE_2022_12_28,104,2,Engaged,0.000101534,0.000660519,0.999238,0.969367,1,0.492809,0.25
corrected,240-R-mPFC-S1-NE_2022_12_28,105,2,Engaged,0.000105486,0.00169226,0.998202,0.135416,0,-0.700166,0.025
corrected,240-R-mPFC-S1-NE_2022_12_28,106,2,Engaged,0.000146146,0.000267865,0.999586,0.480724,1,-0.455553,0.1
corrected,240-R-mPFC-S1-NE_2022_12_28,107,2,Engaged,0.000161336,0.0003458,0.999493,0.220844,1,-0.535197,0.05
corrected,240-R-mPFC-S1-NE_2022_12_28,108,2,Engaged,0.000130059,0.000488886,0.999381,0.480621,1,-0.841781,0.1
corrected,240-R-mPFC-S1-NE_2022_12_28,109,2,Engaged,5.83052e-05,0.00349022,0.996451,0.135196,0,-1.30199,0.025
corrected,240-R-mPFC-S1-NE_2022_12_28,110,2,Engaged,5.25256e-05,0.124954,0.874993,0.425333,0,3.64644,0.1
corrected,240-R-mPFC-S1-NE_2022_12_28,111,2,Engaged,5.79815e-05,0.094236,0.905706,0.125478,0,0.448845,0.025
corrected,240-R-mPFC-S1-NE_2022_12_28,112,2,Engaged,9.60069e-05,0.0479697,0.951934,0.975133,1,0.164192,1
corrected,240-R-mPFC-S1-NE_2022_12_28,113,2,Engaged,0.000116379,0.00752463,0.992359,0.993416,1,-0.670383,0.5
corrected,240-R-mPFC-S1-NE_2022_12_28,114,2,Engaged,0.00012385,0.00502447,0.994852,0.13507,0,-0.329848,0.025
corrected,240-R-mPFC-S1-NE_2022_12_28,115,2,Engaged,0.000176338,0.000929974,0.998894,0.969118,1,0.00521771,0.25
corrected,240-R-mPFC-S1-NE_2022_12_28,116,2,Engaged,0.000217033,0.0018257,0.997957,0.135467,0,-0.484918,0.025
corrected,240-R-mPFC-S1-NE_2022_12_28,117,2,Engaged,0.000371894,0.000534295,0.999094,0.999449,1,-0.109887,0.5
corrected,240-R-mPFC-S1-NE_2022_12_28,118,2,Engaged,0.000514461,0.000408704,0.999077,0.999555,1,-0.284242,0.5
corrected,240-R-mPFC-S1-NE_2022_12_28,119,2,Engaged,0.000647829,0.000825362,0.998527,0.999572,1,-0.469251,1
corrected,240-R-mPFC-S1-NE_2022_12_28,120,2,Engaged,0.000796034,0.00089364,0.99831,0.999536,1,-0.0523045,1
corrected,240-R-mPFC-S1-NE_2022_12_28,121,2,Engaged,0.000948821,0.000172611,0.998879,0.481026,1,0.12985,0.1
corrected,240-R-mPFC-S1-NE_2022_12_28,122,2,Engaged,0.00103256,0.000319273,0.998648,0.480988,1,0.352917,0.1
corrected,240-R-mPFC-S1-NE_2022_12_28,123,2,Engaged,0.00104018,0.000357349,0.998602,0.221306,1,-0.699162,0.05
corrected,240-R-mPFC-S1-NE_2022_12_28,124,2,Engaged,0.000929944,0.00110348,0.997967,0.0803154,0,-0.694352,0
corrected,240-R-mPFC-S1-NE_2022_12_28,125,2,Engaged,0.00093508,0.000605936,0.998459,0.969371,1,0.149961,0.25
corrected,240-R-mPFC-S1-NE_2022_12_28,126,2,Engaged,0.00094369,0.00680841,0.992248,0.22003,0,0.400577,0.05
corrected,240-R-mPFC-S1-NE_2022_12_28,127,2,Engaged,0.00101573,0.000532709,0.998452,0.999438,1,-1.24455,0.5
corrected,240-R-mPFC-S1-NE_2022_12_28,128,2,Engaged,0.00110411,0.000305349,0.998591,0.969635,1,-0.337275,0.25
corrected,240-R-mPFC-S1-NE_2022_12_28,129,2,Engaged,0.00115864,0.000311246,0.99853,0.221377,1,-1.56166,0.05
corrected,240-R-mPFC-S1-NE_2022_12_28,130,2,Engaged,0.00118572,0.0490108,0.949803,0.212146,0,2.57304,0.05
corrected,240-R-mPFC-S1-NE_2022_12_28,131,2,Engaged,0.00127454,0.0240042,0.974721,0.0792929,0,-0.863358,0
corrected,240-R-mPFC-S1-NE_2022_12_28,132,2,Engaged,0.0016021,0.00988622,0.988512,0.960899,1,-0.146687,0.25
corrected,240-R-mPFC-S1-NE_2022_12_29,1,2,Engaged,0.00530302,0.000391774,0.994305,0.969325,1,0.88964,0.25
corrected,240-R-mPFC-S1-NE_2022_12_29,2,2,Engaged,0.00404856,0.00756808,0.988383,0.137078,0,2.28611,0.025
corrected,240-R-mPFC-S1-NE_2022_12_29,3,2,Engaged,0.00344463,0.0020372,0.994518,0.481004,1,0.824073,0.1
corrected,240-R-mPFC-S1-NE_2022_12_29,4,2,Engaged,0.00228963,0.00428789,0.993422,0.997776,1,0.532724,1
corrected,240-R-mPFC-S1-NE_2022_12_29,5,2,Engaged,0.000887008,0.00488788,0.994225,0.220365,0,-0.132316,0.05
corrected,240-R-mPFC-S1-NE_2022_12_29,6,2,Engaged,0.000563152,0.00743809,0.991999,0.079754,0,1.19607,0
corrected,240-R-mPFC-S1-NE_2022_12_29,7,2,Engaged,0.000419788,0.00105003,0.99853,0.968996,1,0.206014,0.25
corrected,240-R-mPFC-S1-NE_2022_12_29,8,2,Engaged,0.000273266,0.00204711,0.99768,0.135476,0,0.0828851,0.025
corrected,240-R-mPFC-S1-NE_2022_12_29,9,2,Engaged,0.000232926,0.0001885,0.999579,0.969789,1,0.24452,0.25
corrected,240-R-mPFC-S1-NE_2022_12_29,10,2,Engaged,0.000196723,0.000316801,0.999486,0.480719,1,0.604588,0.1
corrected,240-R-mPFC-S1-NE_2022_12_29,11,2,Engaged,0.000110427,0.00107843,0.998811,0.0798227,0,0.0278111,0
corrected,240-R-mPFC-S1-NE_2022_12_29,12,2,Engaged,9.01606e-05,0.000330381,0.999579,0.969668,1,0.820151,0.25
corrected,240-R-mPFC-S1-NE_2022_12_29,13,2,Engaged,6.24341e-05,0.00058476,0.999353,0.969438,1,0.190789,0.25
corrected,240-R-mPFC-S1-NE_2022_12_29,14,2,Engaged,2.81754e-05,0.00500582,0.994966,0.21989,0,-0.253654,0.05
corrected,240-R-mPFC-S1-NE_2022_12_29,15,2,Engaged,1.87593e-05,0.00594547,0.994036,0.219706,0,-0.17298,0.05
corrected,240-R-mPFC-S1-NE_2022_12_29,16,2,Engaged,2.05329e-05,0.00410224,0.995877,0.0796061,0,0.0704619,0
corrected,240-R-mPFC-S1-NE_2022_12_29,17,2,Engaged,3.52786e-05,0.000532703,0.999432,0.480571,1,0.376398,0.1
corrected,240-R-mPFC-S1-NE_2022_12_29,18,2,Engaged,3.62104e-05,0.0002072,0.999757,0.999737,1,0.0749508,0.5
corrected,240-R-mPFC-S1-NE_2022_12_29,19,2,Engaged,4.4094e-05,0.00891539,0.991041,0.995378,1,2.93147,1
corrected,240-R-mPFC-S1-NE_2022_12_29,20,2,Engaged,4.48438e-05,0.0166211,0.983334,0.991384,1,2.38923,1
corrected,240-R-mPFC-S1-NE_2022_12_29,21,2,Engaged,3.45506e-05,0.0143372,0.985628,0.218122,0,0.668147,0.05
corrected,240-R-mPFC-S1-NE_2022_12_29,22,2,Engaged,3.8562e-05,0.00484502,0.995116,0.995732,1,0.425556,0.5
corrected,240-R-mPFC-S1-NE_2022_12_29,23,2,Engaged,4.02824e-05,0.0105509,0.989409,0.0792716,0,1.09673,0
corrected,240-R-mPFC-S1-NE_2022_12_29,24,2,Engaged,5.21432e-05,0.00367888,0.996269,0.998093,1,-0.321853,1
corrected,240-R-mPFC-S1-NE_2022_12_29,25,2,Engaged,6.19228e-05,0.0012924,0.998646,0.220612,1,0.120252,0.05
corrected,240-R-mPFC-S1-NE_2022_12_29,26,2,Engaged,3.76119e-05,0.000907475,0.999055,0.079788,0,-0.56072,0
corrected,240-R-mPFC-S1-NE_2022_12_29,27,2,Engaged,3.80802e-05,0.000356067,0.999606,0.969647,1,0.905346,0.25
corrected,240-R-mPFC-S1-NE_2022_12_29,28,2,Engaged,3.52654e-05,0.00196482,0.998,0.998219,1,0.733176,0.5
corrected,240-R-mPFC-S1-NE_2022_12_29,29,2,Engaged,2.71444e-05,0.00945341,0.990519,0.219045,0,0.266547,0.05
corrected,240-R-mPFC-S1-NE_2022_12_29,30,2,Engaged,2.98719e-05,0.00917454,0.990796,0.219099,0,-0.259696,0.05
corrected,240-R-mPFC-S1-NE_2022_12_29,31,2,Engaged,4.76063e-05,0.00183339,0.998119,0.220502,1,-0.753314,0.05
corrected,240-R-mPFC-S1-NE_2022_12_29,32,2,Engaged,4.43687e-05,0.00725818,0.992697,0.0794509,0,0.685927,0
corrected,240-R-mPFC-S1-NE_2022_12_29,33,2,Engaged,4.93604e-05,0.000564448,0.999386,0.480561,1,-1.00733,0.1
corrected,240-R-mPFC-S1-NE_2022_12_29,34,2,Engaged,4.12055e-05,0.000117018,0.999842,0.969865,1,-1.02009,0.25
corrected,240-R-mPFC-S1-NE_2022_12_29,35,2,Engaged,3.34443e-05,0.000831128,0.999135,0.999569,1,-0.528162,1
corrected,240-R-mPFC-S1-NE_2022_12_29,36,2,Engaged,2.30096e-05,0.000510224,0.999467,0.969508,1,-0.492003,0.25
corrected,240-R-mPFC-S1-NE_2022_12_29,37,2,Engaged,9.97922e-06,0.00505446,0.994936,0.135001,0,-0.525798,0.025
corrected,240-R-mPFC-S1-NE_2022_12_29,38,2,Engaged,7.53565e-06,0.00950284,0.99049,0.219025,0,0.0396259,0.05
corrected,240-R-mPFC-S1-NE_2022_12_29,39,2,Engaged,1.01688e-05,0.00944043,0.990549,0.134531,0,-0.00588899,0.025
corrected,240-R-mPFC-S1-NE_2022_12_29,40,2,Engaged,1.99502e-05,0.00239166,0.997588,0.997851,1,-0.588507,0.5
corrected,240-R-mPFC-S1-NE_2022_12_29,41,2,Engaged,2.47878e-05,0.00253334,0.997442,0.135279,0,-0.813367,0.025
corrected,240-R-mPFC-S1-NE_2022_12_29,42,2,Engaged,5.95739e-05,0.00500891,0.994932,0.997403,1,0.82162,1
corrected,240-R-mPFC-S1-NE_2022_12_29,43,2,Engaged,7.94769e-05,0.00271633,0.997204,0.998592,1,-0.595256,1
corrected,240-R-mPFC-S1-NE_2022_12_29,44,2,Engaged,9.35321e-05,0.000329462,0.999577,0.48068,1,-0.928003,0.1
corrected,240-R-mPFC-S1-NE_2022_12_29,45,2,Engaged,8.98008e-05,0.000112126,0.999798,0.480775,1,-1.1895,0.1
corrected,240-R-mPFC-S1-NE_2022_12_29,46,2,Engaged,7.11795e-05,0.000112715,0.999816,0.969867,1,-1.05014,0.25
corrected,240-R-mPFC-S1-NE_2022_12_29,47,2,Engaged,5.85514e-05,0.00297876,0.996963,0.135251,0,0.0575243,0.025
corrected,240-R-mPFC-S1-NE_2022_12_29,48,2,Engaged,6.30728e-05,0.0012024,0.998735,0.22063,1,-0.361014,0.05
corrected,240-R-mPFC-S1-NE_2022_12_29,49,2,Engaged,3.66038e-05,0.00318837,0.996775,0.135216,0,-0.317416,0.025
corrected,240-R-mPFC-S1-NE_2022_12_29,50,2,Engaged,3.05947e-05,0.00165406,0.998315,0.998488,1,-0.428642,0.5
corrected,240-R-mPFC-S1-NE_2022_12_29,51,2,Engaged,2.21107e-05,0.00606385,0.993914,0.219686,0,-0.253368,0.05
corrected,240-R-mPFC-S1-NE_2022_12_29,52,2,Engaged,2.09523e-05,0.000888929,0.99909,0.999539,1,-1.57595,1
corrected,240-R-mPFC-S1-NE_2022_12_29,53,2,Engaged,2.14395e-05,0.000213167,0.999765,0.969778,1,0.0564893,0.25
corrected,240-R-mPFC-S1-NE_2022_12_29,54,2,Engaged,1.79e-05,6.79977e-05,0.999914,0.96991,1,-0.476863,0.25
corrected,240-R-mPFC-S1-NE_2022_12_29,55,2,Engaged,1.42521e-05,0.000318645,0.999667,0.969683,1,0.275014,0.25
corrected,240-R-mPFC-S1-NE_2022_12_29,56,2,Engaged,8.47418e-06,0.00460187,0.99539,0.219956,0,0.462214,0.05
corrected,240-R-mPFC-S1-NE_2022_12_29,57,2,Engaged,7.58404e-06,0.0022647,0.997728,0.967914,1,-0.15773,0.25
corrected,240-R-mPFC-S1-NE_2022_12_29,58,2,Engaged,3.81377e-06,0.0154014,0.984595,0.078989,0,0.0159302,0
corrected,240-R-mPFC-S1-NE_2022_12_29,59,2,Engaged,1.76334e-06,0.0170159,0.982982,0.078901,0,-0.987413,0
corrected,240-R-mPFC-S1-NE_2022_12_29,60,2,Engaged,1.34246e-06,0.0237875,0.976211,0.13299,0,-0.13102,0.025
corrected,240-R-mPFC-S1-NE_2022_12_29,61,2,Engaged,1.75211e-06,0.0345675,0.965431,0.465448,0,0.542902,0.1
corrected,240-R-mPFC-S1-NE_2022_12_29,62,2,Engaged,1.99769e-06,0.0253192,0.974679,0.21602,0,-0.183653,0.05
corrected,240-R-mPFC-S1-NE_2022_12_29,63,2,Engaged,5.86739e-06,0.0369089,0.963085,0.980867,1,2.2615,1
corrected,240-R-mPFC-S1-NE_2022_12_29,64,2,Engaged,3.86626e-06,0.0356426,0.964354,0.131721,0,0.572007,0.025
corrected,240-R-mPFC-S1-NE_2022_12_29,65,2,Engaged,4.50449e-06,0.0293134,0.970682,0.0782421,0,0.496696,0
corrected,240-R-mPFC-S1-NE_2022_12_29,66,2,Engaged,7.56443e-06,0.0105667,0.989426,0.476107,0,-0.1757,0.1
corrected,240-R-mPFC-S1-NE_2022_12_29,67,2,Engaged,2.16483e-05,0.00401702,0.995961,0.966321,1,1.94771,0.25
corrected,240-R-mPFC-S1-NE_2022_12_29,68,2,Engaged,2.31034e-05,0.000758383,0.999219,0.480467,1,-0.436353,0.1
corrected,240-R-mPFC-S1-NE_2022_12_29,69,2,Engaged,1.5027e-05,0.00244402,0.997541,0.0796918,0,-0.379156,0
corrected,240-R-mPFC-S1-NE_2022_12_29,70,2,Engaged,1.51499e-05,0.00107504,0.99891,0.998988,1,-0.434133,0.5
corrected,240-R-mPFC-S1-NE_2022_12_29,71,2,Engaged,1.19563e-05,0.00273746,0.997251,0.13525,0,-0.565743,0.025
corrected,240-R-mPFC-S1-NE_2022_12_29,72,2,Engaged,1.51133e-05,0.000507471,0.999477,0.999478,1,-0.857549,0.5
corrected,240-R-mPFC-S1-NE_2022_12_29,73,2,Engaged,1.5452e-05,0.000303483,0.999681,0.999655,1,-0.794734,0.5
corrected,240-R-mPFC-S1-NE_2022_12_29,74,2,Engaged,1.35471e-05,0.000868376,0.999118,0.999167,1,-0.601418,0.5
corrected,240-R-mPFC-S1-NE_2022_12_29,75,2,Engaged,6.93448e-06,0.00298973,0.997003,0.0796577,0,-1.30304,0
corrected,240-R-mPFC-S1-NE_2022_12_29,76,2,Engaged,5.28067e-06,0.00225784,0.997737,0.079696,0,-1.49711,0
corrected,240-R-mPFC-S1-NE_2022_12_29,77,2,Engaged,7.60388e-06,0.000166756,0.999826,0.969821,1,-1.15575,0.25
corrected,240-R-mPFC-S1-NE_2022_12_29,78,2,Engaged,7.92438e-06,0.000199328,0.999793,0.999745,1,-0.801378,0.5
corrected,240-R-mPFC-S1-NE_2022_12_29,79,2,Engaged,6.53922e-06,0.000846118,0.999147,0.969204,1,-0.234667,0.25
corrected,240-R-mPFC-S1-NE_2022_12_29,80,2,Engaged,2.98986e-06,0.0200866,0.97991,0.133387,0,0.342378,0.025
corrected,240-R-mPFC-S1-NE_2022_12_29,81,2,Engaged,2.32545e-06,0.0424304,0.957567,0.130994,0,0.780883,0.025
corrected,240-R-mPFC-S1-NE_2022_12_29,82,2,Engaged,1.98108e-06,0.0424808,0.957517,0.130988,0,-0.425603,0.025
corrected,240-R-mPFC-S1-NE_2022_12_29,83,2,Engaged,1.73893e-06,0.0276195,0.972379,0.215583,0,-1.42575,0.05
corrected,240-R-mPFC-S1-NE_2022_12_29,84,2,Engaged,2.3932e-06,0.01456,0.985438,0.133978,0,-1.09973,0.025
corrected,240-R-mPFC-S1-NE_2022_12_29,85,2,Engaged,6.12139e-06,0.0109463,0.989048,0.994326,1,0.186882,1
corrected,240-R-mPFC-S1-NE_2022_12_29,86,2,Engaged,7.29684e-06,0.0150368,0.984956,0.992205,1,0.773424,1
corrected,240-R-mPFC-S1-NE_2022_12_29,87,2,Engaged,4.61625e-06,0.0216485,0.978347,0.133221,0,0.447911,0.025
corrected,240-R-mPFC-S1-NE_2022_12_29,88,2,Engaged,4.45058e-06,0.0187489,0.981247,0.133531,0,-0.194507,0.025
corrected,240-R-mPFC-S1-NE_2022_12_29,89,2,Engaged,7.69158e-06,0.0127121,0.98728,0.134179,0,-0.173639,0.025
corrected,240-R-mPFC-S1-NE_2022_12_29,90,2,Engaged,1.8535e-05,0.00133461,0.998647,0.968759,1,-0.390095,0.25
corrected,240-R-mPFC-S1-NE_2022_12_29,91,2,Engaged,2.2119e-05,0.000114975,0.999863,0.480752,1,-1.19435,0.1
corrected,240-R-mPFC-S1-NE_2022_12_29,92,2,Engaged,2.26458e-05,0.00257419,0.997403,0.998666,1,0.72275,1
corrected,240-R-mPFC-S1-NE_2022_12_29,93,2,Engaged,1.51546e-05,0.000326079,0.999659,0.969676,1,-0.85389,0.25
corrected,240-R-mPFC-S1-NE_2022_12_29,94,2,Engaged,1.23078e-05,0.0189714,0.981016,0.0788023,0,2.0147,0
corrected,240-R-mPFC-S1-NE_2022_12_29,95,2,Engaged,1.03912e-05,0.00597451,0.994015,0.994757,1,-0.745963,0.5
corrected,240-R-mPFC-S1-NE_2022_12_29,96,2,Engaged,6.92577e-06,0.0155347,0.984458,0.133877,0,0.388429,0.025
corrected,240-R-mPFC-S1-NE_2022_12_29,97,2,Engaged,6.07156e-06,0.0111437,0.98885,0.0792191,0,-0.957092,0
corrected,240-R-mPFC-S1-NE_2022_12_29,98,2,Engaged,8.63146e-06,0.00283131,0.99716,0.998532,1,-1.26843,1
corrected,240-R-mPFC-S1-NE_2022_12_29,99,2,Engaged,8.88958e-06,0.000451253,0.99954,0.969563,1,-0.625477,0.25
corrected,240-R-mPFC-S1-NE_2022_12_29,100,2,Engaged,5.61094e-06,0.000920417,0.999074,0.079768,0,-1.05071,0
corrected,240-R-mPFC-S1-NE_2022_12_29,101,2,Engaged,8.98039e-06,0.00189475,0.998096,0.968251,1,0.643779,0.25
corrected,240-R-mPFC-S1-NE_2022_12_29,102,2,Engaged,6.70039e-06,0.00824661,0.991747,0.477136,0,-0.79957,0.1
corrected,240-R-mPFC-S1-NE_2022_12_29,103,2,Engaged,6.75633e-06,0.00408473,0.995909,0.135103,0,-1.61735,0.025
corrected,240-R-mPFC-S1-NE_2022_12_29,104,2,Engaged,1.33103e-05,0.000498988,0.999488,0.480579,1,-0.995705,0.1
corrected,240-R-mPFC-S1-NE_2022_12_29,105,2,Engaged,1.47187e-05,0.00461204,0.995373,0.135051,0,0.290017,0.025
corrected,240-R-mPFC-S1-NE_2022_12_29,106,2,Engaged,2.4053e-05,0.00303436,0.996942,0.998427,1,-0.256594,1
corrected,240-R-mPFC-S1-NE_2022_12_29,107,2,Engaged,2.80529e-05,0.000273348,0.999699,0.99968,1,-0.870885,0.5
corrected,240-R-mPFC-S1-NE_2022_12_29,108,2,Engaged,3.40457e-05,0.00082485,0.999141,0.480441,1,0.519735,0.1
corrected,240-R-mPFC-S1-NE_2022_12_29,109,2,Engaged,2.50265e-05,0.00343853,0.996536,0.0796444,0,-0.579005,0
corrected,240-R-mPFC-S1-NE_2022_12_29,110,2,Engaged,2.74558e-05,0.00357606,0.996396,0.135169,0,-0.500885,0.025
corrected,240-R-mPFC-S1-NE_2022_12_29,111,2,Engaged,4.5927e-05,0.000878994,0.999075,0.999157,1,-0.431766,0.5
corrected,240-R-mPFC-S1-NE_2022_12_29,112,2,Engaged,5.79948e-05,0.00032953,0.999612,0.220793,1,-0.905184,0.05
corrected,240-R-mPFC-S1-NE_2022_12_29,113,2,Engaged,4.19421e-05,5.47338e-05,0.999903,0.969921,1,-1.13368,0.25
corrected,240-R-mPFC-S1-NE_2022_12_29,114,2,Engaged,3.07298e-05,0.000459948,0.999509,0.135505,0,0.0242917,0.025
corrected,240-R-mPFC-S1-NE_2022_12_29,115,2,Engaged,4.00013e-05,0.000295251,0.999665,0.969703,1,1.92723,0.25
corrected,240-R-mPFC-S1-NE_2022_12_29,116,2,Engaged,4.43889e-05,0.0010943,0.998861,0.998971,1,1.48916,0.5
corrected,240-R-mPFC-S1-NE_2022_12_29,117,2,Engaged,3.76826e-05,0.000300804,0.999662,0.999656,1,-0.372474,0.5
corrected,240-R-mPFC-S1-NE_2022_12_29,118,2,Engaged,2.93424e-05,0.000291293,0.999679,0.969707,1,-0.126065,0.25
corrected,240-R-mPFC-S1-NE_2022_12_29,119,2,Engaged,1.79653e-05,0.00240992,0.997572,0.135289,0,-0.304289,0.025
corrected,240-R-mPFC-S1-NE_2022_12_29,120,2,Engaged,1.71898e-05,0.00126085,0.998722,0.480242,1,-0.340796,0.1
corrected,240-R-mPFC-S1-NE_2022_12_29,121,2,Engaged,1.18316e-05,0.0480173,0.951971,0.45948,0,1.96093,0.1
corrected,240-R-mPFC-S1-NE_2022_12_29,122,2,Engaged,1.04528e-05,0.04406,0.95593,0.461236,0,0.390038,0.1
corrected,240-R-mPFC-S1-NE_2022_12_29,123,2,Engaged,1.86604e-05,0.114995,0.884987,0.900602,1,5.15522,0.5
corrected,240-R-mPFC-S1-NE_2022_12_29,124,2,Engaged,1.19261e-05,0.124662,0.875326,0.0731243,0,1.11941,0
corrected,240-R-mPFC-S1-NE_2022_12_29,125,2,Engaged,1.03424e-05,0.100856,0.899133,0.0744022,0,-0.276451,0
corrected,240-R-mPFC-S1-NE_2022_12_29,126,2,Engaged,1.41259e-05,0.0379792,0.962007,0.131477,0,-1.45724,0.025
corrected,240-R-mPFC-S1-NE_2022_12_29,127,2,Engaged,2.97656e-05,0.00138112,0.998589,0.480192,1,-0.806957,0.1
corrected,240-R-mPFC-S1-NE_2022_12_29,128,2,Engaged,3.28569e-05,0.00179082,0.998176,0.480011,1,0.777503,0.1
corrected,240-R-mPFC-S1-NE_2022_12_29,129,2,Engaged,2.17422e-05,0.00907615,0.990902,0.219114,0,0.0421151,0.05
corrected,240-R-mPFC-S1-NE_2022_12_29,130,2,Engaged,2.41384e-05,0.0164528,0.983523,0.133788,0,0.643751,0.025
corrected,240-R-mPFC-S1-NE_2022_12_29,131,2,Engaged,3.72314e-05,0.0131551,0.986808,0.0791298,0,-0.218576,0
corrected,240-R-mPFC-S1-NE_2022_12_29,132,2,Engaged,7.48188e-05,0.00161995,0.998305,0.968497,1,-0.901392,0.25
corrected,240-R-mPFC-S1-NE_2022_12_29,133,2,Engaged,0.000114053,0.00656844,0.993318,0.07953,0,0.0131132,0
corrected,240-R-mPFC-S1-NE_2022_12_29,134,2,Engaged,0.00019845,0.00173019,0.998071,0.0798408,0,-1.46976,0
corrected,240-R-mPFC-S1-NE_2022_12_29,135,2,Engaged,0.000593034,0.000646279,0.998761,0.969353,1,0.463848,0.25
corrected,240-R-mPFC-S1-NE_2022_12_29,136,2,Engaged,0.000839702,8.52398e-05,0.999075,0.221251,1,-1.27939,0.05
corrected,240-R-mPFC-S1-NE_2022_12_29,137,2,Engaged,0.000987043,0.00294139,0.996072,0.998474,1,1.59643,1
corrected,240-R-mPFC-S1-NE_2022_12_29,138,2,Engaged,0.00111941,0.00564217,0.993238,0.964783,1,1.43872,0.25
corrected,240-R-mPFC-S1-NE_2022_12_29,139,2,Engaged,0.00122949,0.0440425,0.954728,0.0781893,0,1.00619,0
corrected,240-R-mPFC-S1-NE_2022_12_30,1,2,Engaged,0.0212282,0.000334883,0.978437,0.968499,1,0.428249,0.25
corrected,240-R-mPFC-S1-NE_2022_12_30,2,2,Engaged,0.0193075,0.000141702,0.980551,0.999443,1,0.267852,0.5
corrected,240-R-mPFC-S1-NE_2022_12_30,3,2,Engaged,0.0177368,6.52962e-05,0.982198,0.486494,1,1.01803,0.1
corrected,240-R-mPFC-S1-NE_2022_12_30,4,2,Engaged,0.0156961,0.000491273,0.983813,0.999207,1,2.27752,0.5
corrected,240-R-mPFC-S1-NE_2022_12_30,5,2,Engaged,0.0132406,0.000878634,0.985881,0.484681,1,1.81399,0.1
corrected,240-R-mPFC-S1-NE_2022_12_30,6,2,Engaged,0.0070909,0.00229388,0.990615,0.0839657,0,0.499329,0
corrected,240-R-mPFC-S1-NE_2022_12_30,7,2,Engaged,0.00536291,0.00302187,0.991615,0.997209,1,1.36544,0.5
corrected,240-R-mPFC-S1-NE_2022_12_30,8,2,Engaged,0.00241019,0.0030198,0.99457,0.136613,0,-0.565509,0.025
corrected,240-R-mPFC-S1-NE_2022_12_30,9,2,Engaged,0.00170207,0.00378574,0.994512,0.0806368,0,0.60512,0
corrected,240-R-mPFC-S1-NE_2022_12_30,10,2,Engaged,0.00147457,0.0020154,0.99651,0.998954,1,0.796552,1
corrected,240-R-mPFC-S1-NE_2022_12_30,11,2,Engaged,0.00126242,0.00122924,0.997508,0.998832,1,1.19862,0.5
corrected,240-R-mPFC-S1-NE_2022_12_30,12,2,Engaged,0.000956557,0.000533189,0.99851,0.480868,1,-0.0125728,0.1
corrected,240-R-mPFC-S1-NE_2022_12_30,13,2,Engaged,0.000398,0.00278015,0.996822,0.0799047,0,-0.184006,0
corrected,240-R-mPFC-S1-NE_2022_12_30,14,2,Engaged,0.000295392,0.0257536,0.973951,0.0786087,0,2.89178,0
corrected,240-R-mPFC-S1-NE_2022_12_30,15,2,Engaged,0.000249666,0.0238675,0.975883,0.216426,0,1.34844,0.05
corrected,240-R-mPFC-S1-NE_2022_12_30,16,2,Engaged,0.000246293,0.00223686,0.997517,0.997981,1,0.325786,0.5
corrected,240-R-mPFC-S1-NE_2022_12_30,17,2,Engaged,0.000250536,0.00459242,0.995157,0.995946,1,2.1881,0.5
corrected,240-R-mPFC-S1-NE_2022_12_30,18,2,Engaged,0.000235344,0.00922372,0.990541,0.0794605,0,0.755909,0
corrected,240-R-mPFC-S1-NE_2022_12_30,19,2,Engaged,0.000253186,0.00681496,0.992932,0.134953,0,0.119509,0.025
corrected,240-R-mPFC-S1-NE_2022_12_30,20,2,Engaged,0.000339407,0.000757364,0.998903,0.999257,1,0.0936176,0.5
corrected,240-R-mPFC-S1-NE_2022_12_30,21,2,Engaged,0.000429854,0.000505144,0.999065,0.48071,1,0.73043,0.1
corrected,240-R-mPFC-S1-NE_2022_12_30,22,2,Engaged,0.00044979,0.000163513,0.999387,0.480869,1,-0.709127,0.1
corrected,240-R-mPFC-S1-NE_2022_12_30,23,2,Engaged,0.000439708,0.000341822,0.999218,0.220992,1,-0.733407,0.05
corrected,240-R-mPFC-S1-NE_2022_12_30,24,2,Engaged,0.000340328,0.00141616,0.998244,0.0799432,0,-0.618268,0
corrected,240-R-mPFC-S1-NE_2022_12_30,25,2,Engaged,0.000325291,0.00115124,0.998523,0.220778,1,0.0796887,0.05
corrected,240-R-mPFC-S1-NE_2022_12_30,26,2,Engaged,0.00021931,0.00486651,0.994914,0.0796849,0,0.126033,0
corrected,240-R-mPFC-S1-NE_2022_12_30,27,2,Engaged,0.000179251,0.00259341,0.997227,0.998655,1,-0.595976,1
corrected,240-R-mPFC-S1-NE_2022_12_30,28,2,Engaged,0.0001494,0.00471781,0.995133,0.997554,1,0.501748,1
corrected,240-R-mPFC-S1-NE_2022_12_30,29,2,Engaged,0.000108144,0.00538959,0.994502,0.997206,1,-0.136527,1
corrected,240-R-mPFC-S1-NE_2022_12_30,30,2,Engaged,5.01054e-05,0.00400965,0.99594,0.22009,0,-1.04394,0.05
corrected,240-R-mPFC-S1-NE_2022_12_30,31,2,Engaged,3.54333e-05,0.000855431,0.999109,0.999177,1,-0.654491,0.5
corrected,240-R-mPFC-S1-NE_2022_12_30,32,2,Engaged,2.61039e-05,0.00757647,0.992397,0.219401,0,1.12687,0.05
corrected,240-R-mPFC-S1-NE_2022_12_30,33,2,Engaged,2.44895e-05,0.00134436,0.998631,0.96875,1,-0.370705,0.25
corrected,240-R-mPFC-S1-NE_2022_12_30,34,2,Engaged,1.70709e-05,0.00163329,0.99835,0.0797366,0,-1.17894,0
corrected,240-R-mPFC-S1-NE_2022_12_30,35,2,Engaged,1.95374e-05,0.000188274,0.999792,0.969801,1,-0.786699,0.25
corrected,240-R-mPFC-S1-NE_2022_12_30,36,2,Engaged,1.94051e-05,0.000157772,0.999823,0.969829,1,-0.83713,0.25
corrected,240-R-mPFC-S1-NE_2022_12_30,37,2,Engaged,1.76327e-05,0.0016462,0.998336,0.13537,0,-0.603947,0.025
corrected,240-R-mPFC-S1-NE_2022_12_30,38,2,Engaged,2.56539e-05,0.000206672,0.999768,0.969784,1,-0.547666,0.25
corrected,240-R-mPFC-S1-NE_2022_12_30,39,2,Engaged,3.14065e-05,0.00041261,0.999556,0.480623,1,-0.505732,0.1
corrected,240-R-mPFC-S1-NE_2022_12_30,40,2,Engaged,2.46999e-05,0.00223024,0.997745,0.479814,0,-1.14412,0.1
corrected,240-R-mPFC-S1-NE_2022_12_30,41,2,Engaged,2.92111e-05,0.000483802,0.999487,0.999499,1,-0.720866,0.5
corrected,240-R-mPFC-S1-NE_2022_12_30,42,2,Engaged,3.05227e-05,0.000230356,0.999739,0.480703,1,-0.79014,0.1
corrected,240-R-mPFC-S1-NE_2022_12_30,43,2,Engaged,2.25704e-05,0.00175772,0.99822,0.999089,1,-0.577041,1
corrected,240-R-mPFC-S1-NE_2022_12_30,44,2,Engaged,1.19458e-05,0.00361824,0.99637,0.135156,0,-0.504973,0.025
corrected,240-R-mPFC-S1-NE_2022_12_30,45,2,Engaged,1.20629e-05,0.00579152,0.994196,0.0795102,0,0.381803,0
corrected,240-R-mPFC-S1-NE_2022_12_30,46,2,Engaged,1.71982e-05,0.000928465,0.999054,0.999115,1,-0.465065,0.5
corrected,240-R-mPFC-S1-NE_2022_12_30,47,2,Engaged,1.85058e-05,0.000117534,0.999864,0.999815,1,-0.602856,0.5
corrected,240-R-mPFC-S1-NE_2022_12_30,48,2,Engaged,2.36394e-05,0.00217499,0.997801,0.998872,1,1.76487,1
corrected,240-R-mPFC-S1-NE_2022_12_30,49,2,Engaged,2.31673e-05,0.00155606,0.998421,0.998573,1,1.00983,0.5
corrected,240-R-mPFC-S1-NE_2022_12_30,50,2,Engaged,1.81491e-05,0.00382019,0.996162,0.996617,1,0.597318,0.5
corrected,240-R-mPFC-S1-NE_2022_12_30,51,2,Engaged,7.88748e-06,0.0172647,0.982727,0.133692,0,0.162078,0.025
corrected,240-R-mPFC-S1-NE_2022_12_30,52,2,Engaged,5.77117e-06,0.0320585,0.967936,0.466564,0,0.572381,0.1
corrected,240-R-mPFC-S1-NE_2022_12_30,53,2,Engaged,6.21699e-06,0.0283744,0.971619,0.985291,1,0.00549619,1
corrected,240-R-mPFC-S1-NE_2022_12_30,54,2,Engaged,3.01964e-06,0.0321944,0.967803,0.13209,0,-0.0299464,0.025
corrected,240-R-mPFC-S1-NE_2022_12_30,55,2,Engaged,1.78634e-06,0.0280626,0.971936,0.132532,0,-0.468111,0.025
corrected,240-R-mPFC-S1-NE_2022_12_30,56,2,Engaged,2.12324e-06,0.0294166,0.970581,0.215242,0,0.392783,0.05
corrected,240-R-mPFC-S1-NE_2022_12_30,57,2,Engaged,3.59099e-06,0.0224848,0.977512,0.13313,0,0.10457,0.025
corrected,240-R-mPFC-S1-NE_2022_12_30,58,2,Engaged,7.96942e-06,0.007627,0.992365,0.996046,1,-0.245956,1
corrected,240-R-mPFC-S1-NE_2022_12_30,59,2,Engaged,9.0676e-06,0.00338025,0.996611,0.9669,1,0.287736,0.25
corrected,240-R-mPFC-S1-NE_2022_12_30,60,2,Engaged,5.50528e-06,0.00894321,0.991051,0.079337,0,-0.445039,0
corrected,240-R-mPFC-S1-NE_2022_12_30,61,2,Engaged,4.9534e-06,0.00921136,0.990784,0.476708,0,-0.928873,0.1
corrected,240-R-mPFC-S1-NE_2022_12_30,62,2,Engaged,7.98745e-06,0.00529094,0.994701,0.997257,1,-0.499993,1
corrected,240-R-mPFC-S1-NE_2022_12_30,63,2,Engaged,8.51424e-06,0.00562763,0.994364,0.995056,1,-0.0591631,0.5
corrected,240-R-mPFC-S1-NE_2022_12_30,64,2,Engaged,4.32625e-06,0.0147235,0.985272,0.218032,0,-0.784121,0.05
corrected,240-R-mPFC-S1-NE_2022_12_30,65,2,Engaged,2.86725e-06,0.0149631,0.985034,0.474153,0,-1.52292,0.1
corrected,240-R-mPFC-S1-NE_2022_12_30,66,2,Engaged,2.9269e-06,0.00934212,0.990655,0.134537,0,-1.43136,0.025
corrected,240-R-mPFC-S1-NE_2022_12_30,67,2,Engaged,5.07583e-06,0.00224099,0.997754,0.998838,1,-1.40362,1
corrected,240-R-mPFC-S1-NE_2022_12_30,68,2,Engaged,5.98117e-06,0.0021879,0.997806,0.998027,1,0.0172925,0.5
corrected,240-R-mPFC-S1-NE_2022_12_30,69,2,Engaged,2.74658e-06,0.00583184,0.994165,0.134913,0,-0.677127,0.025
corrected,240-R-mPFC-S1-NE_2022_12_30,70,2,Engaged,1.60914e-06,0.00573192,0.994266,0.0795071,0,-0.865891,0
corrected,240-R-mPFC-S1-NE_2022_12_30,71,2,Engaged,2.89968e-06,0.0151737,0.984823,0.133913,0,1.2177,0.025
corrected,240-R-mPFC-S1-NE_2022_12_30,72,2,Engaged,4.7065e-06,0.0084752,0.99152,0.992597,1,-0.301727,0.5
corrected,240-R-mPFC-S1-NE_2022_12_30,73,2,Engaged,1.71496e-06,0.0107033,0.989295,0.0792401,0,-1.19914,0
corrected,240-R-mPFC-S1-NE_2022_12_30,74,2,Engaged,2.10043e-06,0.0585331,0.941465,0.129269,0,1.88418,0.025
corrected,240-R-mPFC-S1-NE_2022_12_30,75,2,Engaged,2.62361e-06,0.0687078,0.93129,0.207784,0,0.707759,0.05
corrected,240-R-mPFC-S1-NE_2022_12_30,76,2,Engaged,3.94048e-06,0.0511742,0.948822,0.211113,0,-0.614421,0.05
corrected,240-R-mPFC-S1-NE_2022_12_30,77,2,Engaged,1.12647e-05,0.0544082,0.94558,0.971796,1,1.12637,1
corrected,240-R-mPFC-S1-NE_2022_12_30,78,2,Engaged,1.10295e-05,0.0414641,0.958525,0.462389,0,-0.824014,0.1
corrected,240-R-mPFC-S1-NE_2022_12_30,79,2,Engaged,1.76222e-05,0.00189893,0.998083,0.968246,1,-1.33894,0.25
corrected,240-R-mPFC-S1-NE_2022_12_30,80,2,Engaged,1.86097e-05,0.0011861,0.998795,0.998892,1,-0.72304,0.5
corrected,240-R-mPFC-S1-NE_2022_12_30,81,2,Engaged,1.34743e-05,0.00157787,0.998409,0.0797374,0,-1.84107,0
corrected,240-R-mPFC-S1-NE_2022_12_30,82,2,Engaged,1.5985e-05,7.01332e-05,0.999914,0.969909,1,-1.69594,0.25
corrected,240-R-mPFC-S1-NE_2022_12_30,83,2,Engaged,1.9454e-05,0.000161777,0.999819,0.969825,1,-0.478971,0.25
corrected,240-R-mPFC-S1-NE_2022_12_30,84,2,Engaged,1.93242e-05,0.00051754,0.999463,0.99947,1,-0.928173,0.5
corrected,240-R-mPFC-S1-NE_2022_12_30,85,2,Engaged,1.52934e-05,0.0019385,0.998046,0.998242,1,-1.32641,0.5
corrected,240-R-mPFC-S1-NE_2022_12_30,86,2,Engaged,7.16162e-06,0.013408,0.986585,0.474845,0,-1.58736,0.1
corrected,240-R-mPFC-S1-NE_2022_12_30,87,2,Engaged,7.89795e-06,0.0520835,0.947909,0.0770209,0,0.653171,0
corrected,240-R-mPFC-S1-NE_2022_12_30,88,2,Engaged,1.17943e-05,0.0609463,0.939042,0.947281,1,-0.584474,0.5
corrected,240-R-mPFC-S1-NE_2022_12_30,89,2,Engaged,8.54077e-06,0.127063,0.872928,0.0729933,0,-1.36526,0
corrected,240-R-mPFC-S1-NE_2022_12_30,90,2,Engaged,1.05378e-05,0.202805,0.797185,0.785638,0,-1.41425,0.25
corrected,240-R-mPFC-S1-NE_2022_12_30,91,2,Engaged,4.00949e-06,0.125984,0.874012,0.42486,0,-1.43079,0.1
corrected,240-R-mPFC-S1-NE_2022_12_30,92,2,Engaged,2.70238e-06,0.102109,0.897888,0.124603,0,0.533958,0.025
corrected,240-R-mPFC-S1-NE_2022_12_30,93,2,Engaged,3.47502e-06,0.0923654,0.907631,0.0748542,0,1.39549,0
corrected,240-R-mPFC-S1-NE_2022_12_30,94,2,Engaged,6.32265e-06,0.0736709,0.926323,0.12765,0,1.18543,0.025
corrected,240-R-mPFC-S1-NE_2022_12_30,95,2,Engaged,1.61242e-05,0.0124446,0.987539,0.958661,1,0.121784,0.25
corrected,240-R-mPFC-S1-NE_2022_12_30,96,2,Engaged,1.38447e-05,0.0074993,0.992487,0.477471,0,-0.628242,0.1
corrected,240-R-mPFC-S1-NE_2022_12_30,97,2,Engaged,2.08439e-05,0.000832752,0.999146,0.969215,1,0.243397,0.25
corrected,240-R-mPFC-S1-NE_2022_12_30,98,2,Engaged,2.24709e-05,0.000202841,0.999775,0.999741,1,-0.33996,0.5
corrected,240-R-mPFC-S1-NE_2022_12_30,99,2,Engaged,2.41544e-05,0.000719327,0.999257,0.480484,1,0.595773,0.1
corrected,240-R-mPFC-S1-NE_2022_12_30,100,2,Engaged,1.67873e-05,0.0100768,0.989906,0.0792829,0,0.881217,0
corrected,240-R-mPFC-S1-NE_2022_12_30,101,2,Engaged,1.43202e-05,0.00616435,0.993821,0.996804,1,-0.648321,1
corrected,240-R-mPFC-S1-NE_2022_12_30,102,2,Engaged,1.33448e-05,0.0205932,0.979393,0.989325,1,1.51106,1
corrected,240-R-mPFC-S1-NE_2022_12_30,103,2,Engaged,6.95636e-06,0.0341717,0.965821,0.214342,0,0.742672,0.05
corrected,240-R-mPFC-S1-NE_2022_12_30,104,2,Engaged,4.66068e-06,0.0291938,0.970802,0.0782486,0,-0.351283,0
corrected,240-R-mPFC-S1-NE_2022_12_30,105,2,Engaged,4.22443e-06,0.0114374,0.988558,0.0792022,0,-1.24292,0
corrected,240-R-mPFC-S1-NE_2022_12_30,106,2,Engaged,7.67726e-06,0.00329115,0.996701,0.479337,1,-0.261323,0.1
corrected,240-R-mPFC-S1-NE_2022_12_30,107,2,Engaged,5.3125e-06,0.0172117,0.982783,0.133696,0,0.790182,0.025
corrected,240-R-mPFC-S1-NE_2022_12_30,108,2,Engaged,4.28834e-06,0.0123231,0.987673,0.218488,0,-0.917599,0.05
corrected,240-R-mPFC-S1-NE_2022_12_30,109,2,Engaged,7.11466e-06,0.00696728,0.993026,0.0794441,0,-0.487163,0
corrected,240-R-mPFC-S1-NE_2022_12_30,110,2,Engaged,2.01299e-05,0.005805,0.994175,0.996991,1,0.744067,1
corrected,240-R-mPFC-S1-NE_2022_12_30,111,2,Engaged,2.7015e-05,0.00278611,0.997187,0.22031,1,-0.000656772,0.05
corrected,240-R-mPFC-S1-NE_2022_12_30,112,2,Engaged,1.25564e-05,0.00609192,0.993896,0.134891,0,-0.128284,0.025
corrected,240-R-mPFC-S1-NE_2022_12_30,113,2,Engaged,1.44254e-05,0.0647336,0.935252,0.128612,0,3.64093,0.025
corrected,240-R-mPFC-S1-NE_2022_12_30,114,2,Engaged,2.04171e-05,0.0598635,0.940116,0.0766105,0,1.39552,0
corrected,240-R-mPFC-S1-NE_2022_12_30,115,2,Engaged,4.10402e-05,0.0113894,0.98857,0.475752,1,-0.267693,0.1
corrected,240-R-mPFC-S1-NE_2022_12_30,116,2,Engaged,3.58124e-05,0.00806268,0.991902,0.99582,1,-0.825978,1
corrected,240-R-mPFC-S1-NE_2022_12_30,117,2,Engaged,2.49907e-05,0.00590187,0.994073,0.219718,0,-1.33409,0.05
corrected,240-R-mPFC-S1-NE_2022_12_30,118,2,Engaged,2.94465e-05,0.00424659,0.995724,0.997799,1,-0.538474,1
corrected,240-R-mPFC-S1-NE_2022_12_30,119,2,Engaged,3.34141e-05,0.0075788,0.992388,0.134744,0,0.254146,0.025
corrected,240-R-mPFC-S1-NE_2022_12_30,120,2,Engaged,4.88633e-05,0.000366189,0.999585,0.480649,1,-1.08008,0.1
corrected,240-R-mPFC-S1-NE_2022_12_30,121,2,Engaged,5.99176e-05,0.00346466,0.996475,0.998204,1,1.02949,1
corrected,240-R-mPFC-S1-NE_2022_12_30,122,2,Engaged,6.02274e-05,0.00163742,0.998302,0.999151,1,-0.478745,1
corrected,240-R-mPFC-S1-NE_2022_12_30,123,2,Engaged,5.85535e-05,0.000381162,0.99956,0.969624,1,-0.248138,0.25
corrected,240-R-mPFC-S1-NE_2022_12_30,124,2,Engaged,5.25249e-05,0.00114742,0.9988,0.480303,0,-0.668985,0.1
corrected,240-R-mPFC-S1-NE_2022_12_30,125,2,Engaged,7.19553e-05,0.000956799,0.998971,0.999089,1,1.03468,0.5
corrected,240-R-mPFC-S1-NE_2022_12_30,126,2,Engaged,8.20025e-05,0.00107271,0.998845,0.220665,1,0.118399,0.05
corrected,240-R-mPFC-S1-NE_2022_12_30,127,2,Engaged,5.58399e-05,0.00333306,0.996611,0.998272,1,-0.311232,1
corrected,240-R-mPFC-S1-NE_2022_12_30,128,2,Engaged,2.66326e-05,0.00728123,0.992692,0.134772,0,-0.265549,0.025
corrected,240-R-mPFC-S1-NE_2022_12_30,129,2,Engaged,1.33814e-05,0.00196729,0.998019,0.220459,0,-1.55047,0.05
corrected,240-R-mPFC-S1-NE_2022_12_30,130,2,Engaged,1.59203e-05,0.00108068,0.998903,0.96899,1,0.653312,0.25
corrected,240-R-mPFC-S1-NE_2022_12_30,131,2,Engaged,1.31622e-05,0.00355517,0.996432,0.079631,0,-0.32908,0
corrected,240-R-mPFC-S1-NE_2022_12_30,132,2,Engaged,1.57065e-05,0.000877751,0.999107,0.0797764,0,-1.01793,0
corrected,240-R-mPFC-S1-NE_2022_12_30,133,2,Engaged,4.08288e-05,0.000339785,0.999619,0.999623,1,1.23143,0.5
corrected,240-R-mPFC-S1-NE_2022_12_30,134,2,Engaged,6.2148e-05,9.63346e-05,0.999842,0.969882,1,1.21736,0.25
corrected,240-R-mPFC-S1-NE_2022_12_30,135,2,Engaged,8.59437e-05,0.000608203,0.999306,0.99939,1,1.92586,0.5
corrected,240-R-mPFC-S1-NE_2022_12_30,136,2,Engaged,0.000100694,0.00108093,0.998818,0.968985,1,1.2475,0.25
corrected,240-R-mPFC-S1-NE_2022_12_30,137,2,Engaged,0.000105477,0.00528102,0.994614,0.478485,0,0.172302,0.1
corrected,240-R-mPFC-S1-NE_2022_12_30,138,2,Engaged,0.000140035,0.00343346,0.996427,0.99822,1,0.248766,1
corrected,240-R-mPFC-S1-NE_2022_12_30,139,2,Engaged,0.000164571,0.000305963,0.999529,0.969686,1,-0.348392,0.25
corrected,240-R-mPFC-S1-NE_2022_12_30,140,2,Engaged,0.000194024,0.00154915,0.998257,0.999197,1,0.358737,1
corrected,240-R-mPFC-S1-NE_2022_12_30,141,2,Engaged,0.00021309,0.000521796,0.999265,0.999462,1,-0.330263,0.5
corrected,240-R-mPFC-S1-NE_2022_12_30,142,2,Engaged,0.000224712,0.000184452,0.999591,0.969793,1,-0.764209,0.25
corrected,240-R-mPFC-S1-NE_2022_12_30,143,2,Engaged,0.000248471,0.00495199,0.9948,0.478677,0,0.460505,0.1
corrected,240-R-mPFC-S1-NE_2022_12_30,144,2,Engaged,0.000322709,0.000727421,0.99895,0.480577,1,-0.129907,0.1
corrected,240-R-mPFC-S1-NE_2022_12_30,145,2,Engaged,0.000350362,0.000923256,0.998726,0.999521,1,-0.379143,1
corrected,240-R-mPFC-S1-NE_2022_12_30,146,2,Engaged,0.000387998,0.00201339,0.997599,0.998956,1,0.506544,1
corrected,240-R-mPFC-S1-NE_2022_12_30,147,2,Engaged,0.000463669,0.0261319,0.973404,0.986453,1,3.30631,1
corrected,240-R-mPFC-S1-NE_2022_12_30,148,2,Engaged,0.000471125,0.00305584,0.996473,0.96717,1,-1.058,0.25
corrected,240-R-mPFC-S1-NE_2022_12_30,149,2,Engaged,0.000496249,0.0186762,0.980828,0.133824,0,1.07221,0.025
corrected,240-R-mPFC-S1-NE_2022_12_30,150,2,Engaged,0.000575038,0.0135911,0.985834,0.134415,0,-0.688928,0.025
corrected,240-R-mPFC-S1-NE_2022_12_30,151,2,Engaged,0.000849764,0.00645622,0.992694,0.996653,1,-0.593804,1
corrected,240-R-mPFC-S1-NE_2022_12_30,152,2,Engaged,0.001143,0.0062709,0.992586,0.99448,1,0.0576808,0.5
corrected,240-R-mPFC-S1-NE_2023_01_05,1,0,Liberal,0.999563,5.17054e-06,0.000431803,0.7162,1,0.585463,0.025
corrected,240-R-mPFC-S1-NE_2023_01_05,2,0,Liberal,0.999667,8.68737e-07,0.000331914,0.981723,1,-0.47604,0.5
corrected,240-R-mPFC-S1-NE_2023_01_05,3,0,Liberal,0.99979,2.47441e-07,0.000210047,0.747858,1,0.0503517,0.05
corrected,240-R-mPFC-S1-NE_2023_01_05,4,0,Liberal,0.999821,1.1187e-07,0.000178974,0.803635,1,0.142358,0.1
corrected,240-R-mPFC-S1-NE_2023_01_05,5,0,Liberal,0.999834,1.3449e-07,0.000165792,0.747881,1,0.112049,0.05
corrected,240-R-mPFC-S1-NE_2023_01_05,6,0,Liberal,0.999804,1.09847e-07,0.000195759,0.747865,1,-0.340758,0.05
corrected,240-R-mPFC-S1-NE_2023_01_05,7,0,Liberal,0.999736,5.3446e-06,0.000258797,0.981718,1,1.85403,0.5
corrected,240-R-mPFC-S1-NE_2023_01_05,8,0,Liberal,0.99964,2.94045e-05,0.000331054,0.716242,0,1.07582,0.025
corrected,240-R-mPFC-S1-NE_2023_01_05,9,0,Liberal,0.999622,3.10724e-05,0.000347096,0.716231,0,0.444028,0.025
corrected,240-R-mPFC-S1-NE_2023_01_05,10,0,Liberal,0.999663,4.26103e-06,0.000332728,0.981721,1,-0.650399,0.5
corrected,240-R-mPFC-S1-NE_2023_01_05,11,0,Liberal,0.999695,2.30578e-06,0.000302365,0.999254,1,-0.384213,1
corrected,240-R-mPFC-S1-NE_2023_01_05,12,0,Liberal,0.999735,1.08725e-06,0.000264404,0.981722,1,-0.0499234,0.5
corrected,240-R-mPFC-S1-NE_2023_01_05,13,0,Liberal,0.999767,1.5833e-06,0.000230986,0.999254,1,-0.648594,1
corrected,240-R-mPFC-S1-NE_2023_01_05,14,0,Liberal,0.999799,5.95587e-07,0.000199981,0.981721,1,-0.976604,0.5
corrected,240-R-mPFC-S1-NE_2023_01_05,15,0,Liberal,0.999833,1.21346e-06,0.0001661,0.999254,1,-1.09751,1
corrected,240-R-mPFC-S1-NE_2023_01_05,16,0,Liberal,0.999873,1.45656e-06,0.000125815,0.999254,1,-0.83414,1
corrected,240-R-mPFC-S1-NE_2023_01_05,17,0,Liberal,0.999909,8.09926e-08,9.07069e-05,0.682617,1,-1.39457,0
corrected,240-R-mPFC-S1-NE_2023_01_05,18,0,Liberal,0.999899,1.24304e-07,0.000100384,0.914886,1,0.107042,0.25
corrected,240-R-mPFC-S1-NE_2023_01_05,19,0,Liberal,0.999885,6.98603e-08,0.000115392,0.716387,1,-1.16043,0.025
corrected,240-R-mPFC-S1-NE_2023_01_05,20,0,Liberal,0.999792,7.47416e-08,0.000208211,0.716333,1,-0.590482,0.025
corrected,240-R-mPFC-S1-NE_2023_01_05,21,0,Liberal,0.999491,6.25455e-07,0.000508024,0.914908,1,1.32685,0.25
corrected,240-R-mPFC-S1-NE_2023_01_05,22,0,Liberal,0.999106,2.81194e-07,0.000893848,0.914929,1,0.278215,0.25
corrected,240-R-mPFC-S1-NE_2023_01_05,23,0,Liberal,0.998816,2.32486e-06,0.00118159,0.80331,1,1.17253,0.1
corrected,240-R-mPFC-S1-NE_2023_01_05,24,0,Liberal,0.99811,1.49982e-05,0.0018754,0.999248,1,-0.0525859,1
corrected,240-R-mPFC-S1-NE_2023_01_05,25,0,Liberal,0.997209,1.34037e-05,0.00277725,0.680988,1,-0.942924,0
corrected,240-R-mPFC-S1-NE_2023_01_05,26,0,Liberal,0.988182,5.84627e-05,0.0117599,0.709583,0,-1.50583,0.025
corrected,240-R-mPFC-S1-NE_2023_01_05,27,0,Liberal,0.985912,3.86705e-06,0.0140842,0.799143,1,-0.591126,0.1
corrected,240-R-mPFC-S1-NE_2023_01_05,28,0,Liberal,0.983207,2.63494e-05,0.0167667,0.982001,1,0.698563,0.5
corrected,240-R-mPFC-S1-NE_2023_01_05,29,0,Liberal,0.979216,2.12415e-05,0.0207631,0.737008,1,-0.729115,0.05
corrected,240-R-mPFC-S1-NE_2023_01_05,30,0,Liberal,0.961837,8.04235e-06,0.0381546,0.916976,1,-1.62625,0.25
corrected,240-R-mPFC-S1-NE_2023_01_05,31,0,Liberal,0.948884,3.20302e-05,0.051084,0.982621,1,-0.789225,0.5
corrected,240-R-mPFC-S1-NE_2023_01_05,32,0,Liberal,0.936048,5.90091e-05,0.0638929,0.679297,1,-0.812713,0.025
corrected,240-R-mPFC-S1-NE_2023_01_05,33,0,Liberal,0.868473,0.00028716,0.13124,0.983864,1,-0.78738,0.5
corrected,240-R-mPFC-S1-NE_2023_01_05,34,0,Liberal,0.780997,0.000564205,0.218439,0.999125,1,-1.77146,1
corrected,240-R-mPFC-S1-NE_2023_01_05,35,0,Liberal,0.710484,0.00123961,0.288277,0.998828,1,-1.00175,1
corrected,240-R-mPFC-S1-NE_2023_01_05,36,0,Liberal,0.650607,0.00347961,0.345913,0.513113,1,-0.360576,0.025
corrected,240-R-mPFC-S1-NE_2023_01_05,37,2,Engaged,0.309995,0.052523,0.637482,0.374267,0,-0.279118,0.05
corrected,240-R-mPFC-S1-NE_2023_01_05,38,2,Engaged,0.173791,0.0530133,0.773196,0.230817,0,-1.3548,0.025
corrected,240-R-mPFC-S1-NE_2023_01_05,39,2,Engaged,0.137504,0.0585744,0.803922,0.159563,0,-0.522115,0
corrected,240-R-mPFC-S1-NE_2023_01_05,40,2,Engaged,0.126763,0.0710443,0.802193,0.963077,1,0.179617,1
corrected,240-R-mPFC-S1-NE_2023_01_05,41,2,Engaged,0.112904,0.0845228,0.802574,0.924865,1,-0.74425,0.5
corrected,240-R-mPFC-S1-NE_2023_01_05,42,2,Engaged,0.0820862,0.406401,0.511512,0.107468,0,0.265233,0
corrected,240-R-mPFC-S1-NE_2023_01_05,43,1,Conservative,0.07501,0.527059,0.397931,0.122667,0,-1.03031,0.025
corrected,240-R-mPFC-S1-NE_2023_01_05,44,1,Conservative,0.0716208,0.918244,0.010135,0.205576,0,0.508577,0.5
corrected,240-R-mPFC-S1-NE_2023_01_05,45,2,Engaged,0.0686265,0.169854,0.76152,0.851975,1,-0.434583,0.5
corrected,240-R-mPFC-S1-NE_2023_01_05,46,2,Engaged,0.0648631,0.0489554,0.886181,0.480004,1,-0.845875,0.1
corrected,240-R-mPFC-S1-NE_2023_01_05,47,2,Engaged,0.059149,0.0580335,0.882818,0.969872,1,-0.0937147,1
corrected,240-R-mPFC-S1-NE_2023_01_05,48,2,Engaged,0.0516893,0.06737,0.880941,0.467574,1,-1.06137,0.1
corrected,240-R-mPFC-S1-NE_2023_01_05,49,1,Conservative,0.000996022,0.999004,1.21946e-08,0.48213,0,0.845799,1
corrected,240-R-mPFC-S1-NE_2023_01_05,50,1,Conservative,0.000818304,0.97845,0.0207313,0.0277442,0,0.58886,0
corrected,240-R-mPFC-S1-NE_2023_01_05,51,1,Conservative,0.000771684,0.933898,0.0653307,0.0301095,0,-0.481183,0
corrected,240-R-mPFC-S1-NE_2023_01_05,52,1,Conservative,0.000772837,0.938073,0.061154,0.18974,1,1.68605,0.5
corrected,240-R-mPFC-S1-NE_2023_01_05,53,1,Conservative,0.000735947,0.949252,0.0500123,0.0343056,1,-0.659003,0.025
corrected,240-R-mPFC-S1-NE_2023_01_05,54,1,Conservative,2.84168e-05,0.999962,9.76208e-06,0.136304,0,-1.59585,0.5
corrected,240-R-mPFC-S1-NE_2023_01_05,55,1,Conservative,4.15081e-06,0.999917,7.93306e-05,0.0611225,0,-1.06943,0.25
corrected,240-R-mPFC-S1-NE_2023_01_05,56,1,Conservative,1.9566e-06,0.998651,0.00134752,0.0622733,0,-1.61482,0.25
corrected,240-R-mPFC-S1-NE_2023_01_05,57,1,Conservative,4.52157e-07,0.998303,0.00169695,0.0261847,0,1.76733,0
corrected,240-R-mPFC-S1-NE_2023_01_05,58,1,Conservative,2.6834e-07,0.99648,0.00351965,0.0316665,0,0.221909,0.05
corrected,240-R-mPFC-S1-NE_2023_01_05,59,1,Conservative,2.86684e-07,0.9959,0.00409967,0.0263136,0,-0.0726669,0
corrected,240-R-mPFC-S1-NE_2023_01_05,60,1,Conservative,1.70038e-07,0.999987,1.31484e-05,0.136283,0,0.295327,0.5
corrected,240-R-mPFC-S1-NE_2023_01_05,61,1,Conservative,4.16835e-06,0.93423,0.0657662,0.029629,0,-0.565747,0
corrected,240-R-mPFC-S1-NE_2023_01_05,62,1,Conservative,1.10228e-05,0.895457,0.104532,0.156068,1,-0.0532033,0.25
corrected,240-R-mPFC-S1-NE_2023_01_05,63,1,Conservative,2.70381e-06,0.949079,0.050918,0.0338981,0,-0.193111,0.025
corrected,240-R-mPFC-S1-NE_2023_01_05,64,1,Conservative,1.16063e-06,0.96733,0.0326686,0.0512964,0,-1.65264,0.1
corrected,240-R-mPFC-S1-NE_2023_01_05,65,1,Conservative,9.74664e-07,0.980758,0.0192414,0.0785367,0,-1.7422,0.25
corrected,240-R-mPFC-S1-NE_2023_01_05,66,1,Conservative,4.00952e-07,0.987804,0.0121954,0.0422056,0,1.73815,0.1
corrected,240-R-mPFC-S1-NE_2023_01_05,67,1,Conservative,1.19644e-07,0.996692,0.00330807,0.0287976,0,2.50283,0.025
corrected,240-R-mPFC-S1-NE_2023_01_05,68,1,Conservative,1.33028e-09,1,1.45769e-11,0.481614,0,1.20571,1
corrected,240-R-mPFC-S1-NE_2023_01_05,69,1,Conservative,5.66322e-07,0.990232,0.00976764,0.0328528,0,-0.154518,0.05
corrected,240-R-mPFC-S1-NE_2023_01_05,70,1,Conservative,1.187e-06,0.989033,0.0109662,0.487299,1,0.799047,1
corrected,240-R-mPFC-S1-NE_2023_01_05,71,1,Conservative,4.87338e-07,0.990598,0.00940104,0.0409649,0,-0.248377,0.1
corrected,240-R-mPFC-S1-NE_2023_01_05,72,1,Conservative,1.57224e-07,0.996571,0.00342929,0.0316493,0,0.669357,0.05
corrected,240-R-mPFC-S1-NE_2023_01_05,73,1,Conservative,5.29382e-08,0.999836,0.000164352,0.0611963,0,-0.280532,0.25
corrected,240-R-mPFC-S1-NE_2023_01_05,74,1,Conservative,4.85292e-10,1,1.09769e-12,0.481614,0,-0.340302,1
corrected,240-R-mPFC-S1-NE_2023_01_05,75,1,Conservative,3.53115e-08,1,8.22892e-10,0.481614,0,-1.36233,1
corrected,240-R-mPFC-S1-NE_2023_01_05,76,1,Conservative,2.64402e-06,0.937049,0.0629486,0.0351864,0,1.61022,0.025
corrected,240-R-mPFC-S1-NE_2023_01_05,77,1,Conservative,1.12821e-05,0.789808,0.21018,0.0509599,0,0.674203,0.025
corrected,240-R-mPFC-S1-NE_2023_01_05,78,2,Engaged,4.58497e-05,0.496029,0.503925,0.519117,1,-0.127284,0.25
corrected,240-R-mPFC-S1-NE_2023_01_05,79,1,Conservative,3.52355e-05,0.502475,0.497489,0.739524,1,-0.102531,1
corrected,240-R-mPFC-S1-NE_2023_01_05,80,1,Conservative,8.54191e-06,0.708161,0.29183,0.166371,0,1.73046,0.1
corrected,240-R-mPFC-S1-NE_2023_01_05,81,1,Conservative,2.51028e-06,0.814978,0.18502,0.0360343,0,1.75511,0
corrected,240-R-mPFC-S1-NE_2023_01_05,82,1,Conservative,1.22673e-06,0.843005,0.156993,0.0345278,0,0.336456,0
corrected,240-R-mPFC-S1-NE_2023_01_05,83,1,Conservative,8.37092e-07,0.861989,0.13801,0.0571968,0,-0.0557484,0.05
corrected,240-R-mPFC-S1-NE_2023_01_05,84,1,Conservative,5.41314e-07,0.914095,0.0859049,0.0473057,0,1.06576,0.05
corrected,240-R-mPFC-S1-NE_2023_01_05,85,1,Conservative,3.14985e-07,0.959973,0.0400266,0.0385966,0,1.13879,0.05
corrected,240-R-mPFC-S1-NE_2023_01_05,86,1,Conservative,4.03526e-07,0.970941,0.0290585,0.0276545,0,-0.237154,0
corrected,240-R-mPFC-S1-NE_2023_01_05,87,1,Conservative,2.28412e-07,0.995487,0.00451248,0.0651485,0,0.368579,0.25
corrected,240-R-mPFC-S1-NE_2023_01_05,88,1,Conservative,7.29571e-07,0.981206,0.0187934,0.0271033,0,-0.610897,0
corrected,240-R-mPFC-S1-NE_2023_01_05,89,1,Conservative,1.66077e-07,0.998786,0.00121375,0.0621502,0,2.25118,0.25
corrected,240-R-mPFC-S1-NE_2023_01_05,90,1,Conservative,5.54476e-07,0.992183,0.00781688,0.0292808,0,1.02754,0.025
corrected,240-R-mPFC-S1-NE_2023_01_05,91,1,Conservative,2.15195e-06,0.978609,0.0213886,0.492703,1,0.0621883,1
corrected,240-R-mPFC-S1-NE_2023_01_05,92,1,Conservative,6.79336e-07,0.984408,0.015591,0.0437134,0,0.718759,0.1
corrected,240-R-mPFC-S1-NE_2023_01_05,93,1,Conservative,2.97507e-07,0.989354,0.010646,0.0330193,0,1.05055,0.05
corrected,240-R-mPFC-S1-NE_2023_01_05,94,1,Conservative,1.91925e-07,0.993518,0.00648201,0.0264416,0,0.796522,0
corrected,240-R-mPFC-S1-NE_2023_01_05,95,1,Conservative,1.3626e-07,0.995916,0.00408427,0.038604,0,-0.0477882,0.1
corrected,240-R-mPFC-S1-NE_2023_01_05,96,1,Conservative,2.18337e-07,0.995038,0.00496203,0.0319403,0,-0.953093,0.05
corrected,240-R-mPFC-S1-NE_2023_01_05,97,1,Conservative,1.03338e-07,0.999509,0.000491096,0.0614933,0,-0.342771,0.25
corrected,240-R-mPFC-S1-NE_2023_01_05,98,1,Conservative,9.93012e-09,1,1.54858e-07,0.136272,0,0.751634,0.5
corrected,240-R-mPFC-S1-NE_2023_01_05,99,1,Conservative,7.69049e-08,0.999802,0.000198138,0.061227,0,0.24941,0.25
corrected,240-R-mPFC-S1-NE_2023_01_05,100,1,Conservative,1.46694e-07,0.997989,0.0020113,0.0376836,0,0.954848,0.1
corrected,240-R-mPFC-S1-NE_2023_01_05,101,1,Conservative,1.13266e-07,0.998426,0.00157438,0.0261779,0,1.45235,0
corrected,240-R-mPFC-S1-NE_2023_01_05,102,1,Conservative,9.73282e-08,0.998685,0.00131464,0.0312478,0,0.236586,0.05
corrected,240-R-mPFC-S1-NE_2023_01_05,103,1,Conservative,2.24386e-08,0.999999,8.6622e-07,0.136272,0,-0.470031,0.5
corrected,240-R-mPFC-S1-NE_2023_01_05,104,1,Conservative,1.59764e-08,0.999986,1.37576e-05,0.0610593,0,0.902972,0.25
corrected,240-R-mPFC-S1-NE_2023_01_05,105,1,Conservative,6.63034e-10,1,2.02947e-12,0.481614,0,-0.864787,1
corrected,240-R-mPFC-S1-NE_2023_01_05,106,1,Conservative,2.33243e-08,0.999999,9.35565e-07,0.136272,0,-0.942969,0.5
corrected,240-R-mPFC-S1-NE_2023_01_05,107,1,Conservative,2.07083e-07,0.996862,0.00313745,0.0315939,0,-0.158809,0.05
corrected,240-R-mPFC-S1-NE_2023_01_05,108,1,Conservative,1.237e-07,0.999322,0.000678121,0.0370916,0,0.76494,0.1
corrected,240-R-mPFC-S1-NE_2023_01_05,109,1,Conservative,5.40704e-07,0.999988,1.15952e-05,0.136282,0,-0.941123,0.5
corrected,240-R-mPFC-S1-NE_2023_01_05,110,1,Conservative,8.92443e-06,0.976807,0.0231837,0.493637,1,0.510208,1
corrected,240-R-mPFC-S1-NE_2023_01_05,111,1,Conservative,1.2126e-05,0.963202,0.0367862,0.0944932,1,-0.111185,0.25
corrected,240-R-mPFC-S1-NE_2023_01_05,112,1,Conservative,4.42063e-07,0.999993,6.83651e-06,0.136278,0,-0.814406,0.5
corrected,240-R-mPFC-S1-NE_2023_01_05,113,1,Conservative,3.3277e-07,0.998332,0.00166761,0.0375311,0,-1.2132,0.1
corrected,240-R-mPFC-S1-NE_2023_01_05,114,1,Conservative,3.49255e-07,0.999977,2.31483e-05,0.136292,0,-0.535456,0.5
corrected,240-R-mPFC-S1-NE_2023_01_05,115,1,Conservative,5.57044e-06,0.904533,0.0954618,0.531103,1,-0.449416,1
corrected,240-R-mPFC-S1-NE_2023_01_05,116,1,Conservative,2.41257e-06,0.910596,0.0894017,0.0308975,0,1.51723,0
corrected,240-R-mPFC-S1-NE_2023_01_05,117,1,Conservative,2.05788e-06,0.867235,0.132762,0.0957393,0,-0.732996,0.1
corrected,240-R-mPFC-S1-NE_2023_01_05,118,1,Conservative,2.91614e-06,0.824629,0.175368,0.0472259,0,-0.117406,0.025
corrected,240-R-mPFC-S1-NE_2023_01_05,119,1,Conservative,6.21941e-06,0.77855,0.221444,0.596411,1,-0.211167,1
corrected,240-R-mPFC-S1-NE_2023_01_05,120,1,Conservative,3.5465e-06,0.796195,0.203802,0.127282,0,0.854583,0.1
corrected,240-R-mPFC-S1-NE_2023_01_05,121,1,Conservative,4.82493e-06,0.710759,0.289236,0.165217,0,-1.50109,0.1
corrected,240-R-mPFC-S1-NE_2023_01_05,122,1,Conservative,9.74845e-06,0.631871,0.368119,0.0678729,0,-0.880986,0.025
corrected,240-R-mPFC-S1-NE_2023_01_05,123,1,Conservative,1.83288e-05,0.6941,0.305882,0.0890759,0,2.76082,0.05
corrected,240-R-mPFC-S1-NE_2023_01_05,124,1,Conservative,4.83321e-05,0.713756,0.286195,0.0414996,0,2.12988,0
corrected,240-R-mPFC-S1-NE_2023_01_05,125,1,Conservative,0.000143534,0.716419,0.283437,0.041414,0,1.65607,0
corrected,240-R-mPFC-S1-NE_2023_01_06,1,2,Engaged,0.00785748,0.00924489,0.982898,0.961137,1,0.825309,0.25
corrected,240-R-mPFC-S1-NE_2023_01_06,2,2,Engaged,0.00497066,0.0297292,0.9653,0.984585,1,-0.71359,1
corrected,240-R-mPFC-S1-NE_2023_01_06,3,2,Engaged,0.00177414,0.113707,0.884519,0.0747752,0,0.019897,0
corrected,240-R-mPFC-S1-NE_2023_01_06,4,2,Engaged,0.000662911,0.150729,0.848608,0.192562,0,-0.978321,0.05
corrected,240-R-mPFC-S1-NE_2023_01_06,5,2,Engaged,0.000341555,0.220031,0.779628,0.112171,0,-0.0956429,0.025
corrected,240-R-mPFC-S1-NE_2023_01_06,6,2,Engaged,0.000227802,0.231663,0.76811,0.879909,1,-1.68537,1
corrected,240-R-mPFC-S1-NE_2023_01_06,7,2,Engaged,5.60527e-05,0.463272,0.536672,0.132913,0,0.183811,0.05
corrected,240-R-mPFC-S1-NE_2023_01_06,8,1,Conservative,1.91857e-05,0.53931,0.460671,0.11846,0,-1.07942,0.05
corrected,240-R-mPFC-S1-NE_2023_01_06,9,1,Conservative,4.49215e-06,0.75897,0.241026,0.143811,0,0.357283,0.1
corrected,240-R-mPFC-S1-NE_2023_01_06,10,1,Conservative,1.97792e-06,0.818574,0.181424,0.0358408,0,-0.574227,0
corrected,240-R-mPFC-S1-NE_2023_01_06,11,1,Conservative,1.02638e-06,0.881824,0.118175,0.0410996,0,-0.642163,0.025
corrected,240-R-mPFC-S1-NE_2023_01_06,12,1,Conservative,4.25251e-07,0.962125,0.0378742,0.0536071,0,-0.397906,0.1
corrected,240-R-mPFC-S1-NE_2023_01_06,13,1,Conservative,1.09394e-07,0.999965,3.53209e-05,0.136302,0,-0.779254,0.5
corrected,240-R-mPFC-S1-NE_2023_01_06,14,1,Conservative,3.82188e-07,0.99634,0.0036593,0.0288354,0,0.426032,0.025
corrected,240-R-mPFC-S1-NE_2023_01_06,15,1,Conservative,1.14352e-06,0.993394,0.00660437,0.485038,1,-0.0305973,1
corrected,240-R-mPFC-S1-NE_2023_01_06,16,1,Conservative,3.74809e-07,0.995828,0.00417207,0.0317905,0,-0.652837,0.05
corrected,240-R-mPFC-S1-NE_2023_01_06,17,1,Conservative,1.36302e-07,0.999367,0.000632883,0.0616222,0,-1.0256,0.25
corrected,240-R-mPFC-S1-NE_2023_01_06,18,1,Conservative,2.31475e-07,0.995847,0.00415323,0.0317868,0,-1.15305,0.05
corrected,240-R-mPFC-S1-NE_2023_01_06,19,1,Conservative,3.3509e-07,0.993396,0.00660351,0.0264482,0,-1.6837,0
corrected,240-R-mPFC-S1-NE_2023_01_06,20,1,Conservative,8.07829e-08,0.999684,0.000316132,0.0613342,0,-0.793253,0.25
corrected,240-R-mPFC-S1-NE_2023_01_06,21,1,Conservative,8.24028e-10,1,2.75077e-12,0.481614,0,-0.693234,1
corrected,240-R-mPFC-S1-NE_2023_01_06,22,1,Conservative,1.6653e-08,0.999999,5.65252e-07,0.136272,0,-0.554304,0.5
corrected,240-R-mPFC-S1-NE_2023_01_06,23,1,Conservative,1.35624e-07,0.997854,0.00214634,0.0286732,0,-0.0875179,0.025
corrected,240-R-mPFC-S1-NE_2023_01_06,24,1,Conservative,1.83262e-07,0.996436,0.0035643,0.0316749,0,-0.851089,0.05
corrected,240-R-mPFC-S1-NE_2023_01_06,25,1,Conservative,1.17899e-07,0.997994,0.00200626,0.0376813,0,-0.80744,0.1
corrected,240-R-mPFC-S1-NE_2023_01_06,26,1,Conservative,1.45714e-07,0.998057,0.00194319,0.0376533,0,-1.99261,0.1
corrected,240-R-mPFC-S1-NE_2023_01_06,27,1,Conservative,6.3409e-08,0.999994,6.1613e-06,0.136277,0,-2.19241,0.5
corrected,240-R-mPFC-S1-NE_2023_01_06,28,1,Conservative,1.22044e-07,0.997911,0.00208857,0.0313948,0,0.253123,0.05
corrected,240-R-mPFC-S1-NE_2023_01_06,29,1,Conservative,2.07526e-07,0.99432,0.00567985,0.0393125,0,-0.917677,0.1
corrected,240-R-mPFC-S1-NE_2023_01_06,30,1,Conservative,3.27881e-07,0.988675,0.0113246,0.0331482,0,-1.27766,0.05
corrected,240-R-mPFC-S1-NE_2023_01_06,31,1,Conservative,4.67388e-07,0.983675,0.0163246,0.0301918,0,-1.68731,0.025
corrected,240-R-mPFC-S1-NE_2023_01_06,32,1,Conservative,4.98348e-08,0.999793,0.000207351,0.0612353,0,0.235221,0.25
corrected,240-R-mPFC-S1-NE_2023_01_06,33,1,Conservative,1.7667e-09,1,1.36538e-11,0.481614,0,-1.26326,1
corrected,240-R-mPFC-S1-NE_2023_01_06,34,1,Conservative,1.74819e-07,0.996415,0.00358448,0.0383821,0,-0.554293,0.1
corrected,240-R-mPFC-S1-NE_2023_01_06,35,1,Conservative,1.51244e-07,0.996348,0.00365149,0.0384118,0,0.235706,0.1
corrected,240-R-mPFC-S1-NE_2023_01_06,36,1,Conservative,1.71016e-07,0.995886,0.00411354,0.0317792,0,0.0317705,0.05
corrected,240-R-mPFC-S1-NE_2023_01_06,37,1,Conservative,1.98537e-07,0.996199,0.00380124,0.0262976,0,-0.387725,0
corrected,240-R-mPFC-S1-NE_2023_01_06,38,1,Conservative,2.76746e-07,0.996196,0.0038042,0.0262978,0,-1.48297,0
corrected,240-R-mPFC-S1-NE_2023_01_06,39,1,Conservative,2.25366e-07,0.999954,4.58421e-05,0.136311,0,-1.61899,0.5
corrected,240-R-mPFC-S1-NE_2023_01_06,40,1,Conservative,1.4564e-06,0.939065,0.0609332,0.0293676,0,-0.837122,0
corrected,240-R-mPFC-S1-NE_2023_01_06,41,1,Conservative,2.27786e-06,0.848337,0.151661,0.0597891,0,-1.65437,0.05
corrected,240-R-mPFC-S1-NE_2023_01_06,42,1,Conservative,3.22434e-06,0.810244,0.189753,0.036289,0,-0.653798,0
corrected,240-R-mPFC-S1-NE_2023_01_06,43,1,Conservative,6.17752e-06,0.778497,0.221497,0.0379963,0,-0.634936,0
corrected,240-R-mPFC-S1-NE_2023_01_06,44,1,Conservative,1.36283e-05,0.767355,0.232631,0.602214,1,-0.075661,1
corrected,240-R-mPFC-S1-NE_2023_01_06,45,1,Conservative,1.47538e-05,0.797535,0.20245,0.311129,1,0.312878,0.5
corrected,240-R-mPFC-S1-NE_2023_01_06,46,1,Conservative,2.1734e-08,1,1.46988e-10,0.481614,0,-0.174966,1
corrected,240-R-mPFC-S1-NE_2023_01_06,47,1,Conservative,5.95206e-08,0.999894,0.000105486,0.0611428,0,-1.06659,0.25
corrected,240-R-mPFC-S1-NE_2023_01_06,48,1,Conservative,1.34222e-07,0.998745,0.00125474,0.0261607,0,-1.09222,0
corrected,240-R-mPFC-S1-NE_2023_01_06,49,1,Conservative,2.04447e-08,0.999999,6.14052e-07,0.136272,0,-1.7173,0.5
corrected,240-R-mPFC-S1-NE_2023_01_06,50,1,Conservative,2.05701e-08,0.999999,6.37814e-07,0.136272,0,-0.929587,0.5
corrected,240-R-mPFC-S1-NE_2023_01_06,51,1,Conservative,8.37131e-08,0.999062,0.000938061,0.037207,0,0.193075,0.1
corrected,240-R-mPFC-S1-NE_2023_01_06,52,1,Conservative,1.05316e-07,0.998673,0.00132711,0.0373797,0,-0.390188,0.1
corrected,240-R-mPFC-S1-NE_2023_01_06,53,1,Conservative,2.17113e-08,0.999999,1.10804e-06,0.136273,0,-0.34012,0.5
corrected,240-R-mPFC-S1-NE_2023_01_06,54,1,Conservative,2.76101e-07,0.994642,0.00535748,0.0263812,0,-0.632836,0
corrected,240-R-mPFC-S1-NE_2023_01_06,55,1,Conservative,1.9747e-07,0.995897,0.00410281,0.0263138,0,0.0496116,0
corrected,240-R-mPFC-S1-NE_2023_01_06,56,1,Conservative,1.38217e-09,1,1.51903e-11,0.481614,0,-0.0231844,1
corrected,240-R-mPFC-S1-NE_2023_01_06,57,1,Conservative,1.4872e-07,0.997682,0.00231776,0.0262178,0,-0.217667,0
corrected,240-R-mPFC-S1-NE_2023_01_06,58,1,Conservative,1.6936e-07,0.996558,0.00344203,0.0383188,0,-0.912872,0.1
corrected,240-R-mPFC-S1-NE_2023_01_06,59,1,Conservative,2.27087e-07,0.995348,0.00465166,0.0318814,0,-1.22961,0.05
corrected,240-R-mPFC-S1-NE_2023_01_06,60,1,Conservative,8.32145e-08,0.99967,0.000329929,0.0613468,0,-0.594008,0.25
corrected,240-R-mPFC-S1-NE_2023_01_06,61,1,Conservative,8.69011e-09,1,1.53599e-07,0.136272,0,-0.0140758,0.5
corrected,240-R-mPFC-S1-NE_2023_01_06,62,1,Conservative,1.02501e-07,0.998812,0.00118767,0.0312237,0,-1.16324,0.05
corrected,240-R-mPFC-S1-NE_2023_01_06,63,1,Conservative,2.13184e-09,1,1.87102e-11,0.481614,0,-1.57463,1
corrected,240-R-mPFC-S1-NE_2023_01_06,64,1,Conservative,1.71875e-07,0.997747,0.00225265,0.0262143,0,-0.671745,0
corrected,240-R-mPFC-S1-NE_2023_01_06,65,1,Conservative,3.0001e-08,0.999998,1.88821e-06,0.136273,0,-0.265815,0.5
corrected,240-R-mPFC-S1-NE_2023_01_06,66,1,Conservative,1.33855e-07,0.997738,0.00226216,0.0286856,0,0.607002,0.025
corrected,240-R-mPFC-S1-NE_2023_01_06,67,1,Conservative,3.44457e-07,0.992068,0.00793205,0.0325042,0,-0.955835,0.05
corrected,240-R-mPFC-S1-NE_2023_01_06,68,1,Conservative,7.16747e-08,0.999625,0.000375157,0.0613879,0,0.933866,0.25
corrected,240-R-mPFC-S1-NE_2023_01_06,69,1,Conservative,1.84203e-07,0.996909,0.0030911,0.0287744,0,-0.135176,0.025
corrected,240-R-mPFC-S1-NE_2023_01_06,70,1,Conservative,1.91814e-07,0.996552,0.00344751,0.0288126,0,-0.307931,0.025
corrected,240-R-mPFC-S1-NE_2023_01_06,71,1,Conservative,5.31463e-08,0.999848,0.000152032,0.0611851,0,-0.127006,0.25
corrected,240-R-mPFC-S1-NE_2023_01_06,72,1,Conservative,9.23074e-10,1,3.90376e-12,0.481614,0,-0.281201,1
corrected,240-R-mPFC-S1-NE_2023_01_06,73,1,Conservative,1.25186e-07,0.998477,0.00152269,0.0286064,0,-0.41633,0.025
corrected,240-R-mPFC-S1-NE_2023_01_06,74,1,Conservative,3.57367e-08,0.99994,6.04605e-05,0.0611018,0,-0.463175,0.25
corrected,240-R-mPFC-S1-NE_2023_01_06,75,1,Conservative,1.32716e-09,1,6.22282e-12,0.481614,0,-1.33742,1
corrected,240-R-mPFC-S1-NE_2023_01_06,76,1,Conservative,6.72929e-09,1,9.39694e-08,0.136272,0,0.0460121,0.5
corrected,240-R-mPFC-S1-NE_2023_01_06,77,1,Conservative,6.07096e-08,0.99988,0.000119928,0.0611559,0,-0.802227,0.25
corrected,240-R-mPFC-S1-NE_2023_01_06,78,1,Conservative,8.58376e-08,0.999201,0.000799393,0.0371454,0,-0.339671,0.1
corrected,240-R-mPFC-S1-NE_2023_01_06,79,1,Conservative,1.79151e-08,0.999999,7.62339e-07,0.136272,0,-0.621721,0.5
corrected,240-R-mPFC-S1-NE_2023_01_06,80,1,Conservative,2.22239e-07,0.994952,0.0050482,0.0319567,0,-1.15835,0.05
corrected,240-R-mPFC-S1-NE_2023_01_06,81,1,Conservative,2.00847e-07,0.994818,0.0051813,0.0390911,0,-0.707773,0.1
corrected,240-R-mPFC-S1-NE_2023_01_06,82,1,Conservative,1.7919e-07,0.996053,0.00394685,0.0317476,0,-0.461687,0.05
corrected,240-R-mPFC-S1-NE_2023_01_06,83,1,Conservative,1.15419e-07,0.999299,0.000700989,0.0616841,0,-0.59775,0.25
corrected,240-R-mPFC-S1-NE_2023_01_06,84,1,Conservative,2.09081e-07,0.996504,0.00349581,0.0262812,0,-0.230154,0
corrected,240-R-mPFC-S1-NE_2023_01_06,85,1,Conservative,1.63676e-07,0.996344,0.00365544,0.0384136,0,-0.409831,0.1
corrected,240-R-mPFC-S1-NE_2023_01_06,86,1,Conservative,2.87722e-07,0.993605,0.00639436,0.0322122,0,-1.26949,0.05
corrected,240-R-mPFC-S1-NE_2023_01_06,87,1,Conservative,1.43229e-07,0.998884,0.00111541,0.0620608,0,-0.194355,0.25
corrected,240-R-mPFC-S1-NE_2023_01_06,88,1,Conservative,2.17443e-07,0.995772,0.00422828,0.031801,0,0.261651,0.05
corrected,240-R-mPFC-S1-NE_2023_01_06,89,1,Conservative,1.24837e-07,0.997201,0.00279923,0.0315297,0,0.853003,0.05
corrected,240-R-mPFC-S1-NE_2023_01_06,90,1,Conservative,1.6289e-07,0.996762,0.00323802,0.0287901,0,-0.381909,0.025
corrected,240-R-mPFC-S1-NE_2023_01_06,91,1,Conservative,8.7335e-10,1,5.42252e-12,0.481614,0,-0.198062,1
corrected,240-R-mPFC-S1-NE_2023_01_06,92,1,Conservative,2.02224e-08,0.999999,8.91838e-07,0.136272,0,-0.351273,0.5
corrected,240-R-mPFC-S1-NE_2023_01_06,93,1,Conservative,2.14062e-07,0.995261,0.00473842,0.0318978,0,0.0375612,0.05
corrected,240-R-mPFC-S1-NE_2023_01_06,94,1,Conservative,1.73684e-07,0.995701,0.00429871,0.0263243,0,0.713617,0
corrected,240-R-mPFC-S1-NE_2023_01_06,95,1,Conservative,2.97228e-07,0.992397,0.00760301,0.0292577,0,-0.902054,0.025
corrected,240-R-mPFC-S1-NE_2023_01_06,96,1,Conservative,2.25817e-07,0.99522,0.00477954,0.0263501,0,-0.347895,0
corrected,240-R-mPFC-S1-NE_2023_01_06,97,1,Conservative,1.94728e-07,0.998316,0.00168339,0.0625771,0,-1.06755,0.25
corrected,240-R-mPFC-S1-NE_2023_01_06,98,1,Conservative,3.42433e-07,0.992636,0.00736408,0.0292321,0,-0.28452,0.025
corrected,240-R-mPFC-S1-NE_2023_01_06,99,1,Conservative,1.58527e-07,0.996245,0.00375474,0.0288455,0,0.925541,0.025
corrected,240-R-mPFC-S1-NE_2023_01_06,100,1,Conservative,5.75002e-10,1,3.40666e-12,0.481614,0,0.427801,1
corrected,240-R-mPFC-S1-NE_2023_01_06,101,1,Conservative,8.46739e-10,1,3.02089e-12,0.481614,0,-0.425182,1
corrected,240-R-mPFC-S1-NE_2023_01_06,102,1,Conservative,5.69999e-08,0.999891,0.00010928,0.0611462,0,0.0408946,0.25
corrected,240-R-mPFC-S1-NE_2023_01_06,103,1,Conservative,7.57827e-10,1,2.84115e-12,0.481614,0,0.997349,1
corrected,240-R-mPFC-S1-NE_2023_01_06,104,1,Conservative,1.22905e-07,0.998491,0.00150855,0.0261743,0,0.613943,0
corrected,240-R-mPFC-S1-NE_2023_01_06,105,1,Conservative,9.62133e-08,0.998806,0.00119384,0.0373206,0,0.108587,0.1
corrected,240-R-mPFC-S1-NE_2023_01_06,106,1,Conservative,3.19362e-08,0.999998,2.41325e-06,0.136274,0,-0.18828,0.5
corrected,240-R-mPFC-S1-NE_2023_01_06,107,1,Conservative,2.63372e-07,0.992653,0.00734637,0.0323929,0,0.325237,0.05
corrected,240-R-mPFC-S1-NE_2023_01_06,108,1,Conservative,6.3841e-07,0.980032,0.0199678,0.0271663,0,-0.405067,0
corrected,240-R-mPFC-S1-NE_2023_01_06,109,1,Conservative,1.21115e-07,0.995561,0.004439,0.0387614,0,2.12872,0.1
corrected,240-R-mPFC-S1-NE_2023_01_06,110,1,Conservative,2.38518e-07,0.99359,0.00641026,0.0322152,0,-0.315532,0.05
corrected,240-R-mPFC-S1-NE_2023_01_06,111,1,Conservative,3.25773e-08,0.999997,2.4796e-06,0.136274,0,0.88902,0.5
corrected,240-R-mPFC-S1-NE_2023_01_06,112,1,Conservative,3.35273e-09,1,3.52312e-08,0.136272,0,2.4506,0.5
corrected,240-R-mPFC-S1-NE_2023_01_06,113,1,Conservative,5.48e-08,0.999521,0.00047862,0.037003,0,0.300085,0.1
corrected,240-R-mPFC-S1-NE_2023_01_06,114,1,Conservative,5.22332e-09,1,5.09071e-11,0.481614,0,-0.533125,1
corrected,240-R-mPFC-S1-NE_2023_01_06,115,1,Conservative,3.88831e-08,0.999699,0.000300699,0.0284755,0,3.25724,0.025
corrected,240-R-mPFC-S1-NE_2023_01_06,116,1,Conservative,9.15294e-08,0.998884,0.0011163,0.0312102,0,0.77311,0.05
corrected,240-R-mPFC-S1-NE_2023_01_06,117,1,Conservative,1.12563e-09,1,8.26172e-12,0.481614,0,0.454574,1
corrected,240-R-mPFC-S1-NE_2023_01_06,118,1,Conservative,2.31876e-07,0.995888,0.00411131,0.0317788,0,-0.00906377,0.05
corrected,240-R-mPFC-S1-NE_2023_01_06,119,1,Conservative,6.73875e-08,0.99978,0.000220308,0.0612471,0,1.42884,0.25
corrected,240-R-mPFC-S1-NE_2023_01_06,120,1,Conservative,4.16998e-10,1,9.81062e-13,0.481614,0,1.76043,1
corrected,240-R-mPFC-S1-NE_2023_01_06,121,1,Conservative,1.88673e-08,0.999999,5.24501e-07,0.136272,0,0.846002,0.5
corrected,240-R-mPFC-S1-NE_2023_01_06,122,1,Conservative,1.93602e-10,1,3.36456e-13,0.481614,0,2.51144,1
corrected,240-R-mPFC-S1-NE_2023_01_06,123,1,Conservative,7.651e-09,1,1.40444e-07,0.136272,0,0.41973,0.5
corrected,240-R-mPFC-S1-NE_2023_01_06,124,1,Conservative,1.98535e-09,1,1.16007e-11,0.481614,0,0.281372,1
corrected,240-R-mPFC-S1-NE_2023_01_06,125,1,Conservative,4.9073e-08,0.999665,0.00033485,0.0261112,0,2.44473,0
corrected,240-R-mPFC-S1-NE_2023_01_06,126,1,Conservative,2.16525e-08,0.999999,9.22704e-07,0.136272,0,0.608991,0.5
corrected,240-R-mPFC-S1-NE_2023_01_06,127,1,Conservative,2.00443e-07,0.996238,0.00376222,0.0288463,0,1.09589,0.025
corrected,240-R-mPFC-S1-NE_2023_01_06,128,1,Conservative,1.86551e-07,0.99622,0.00378007,0.0288482,0,1.42053,0.025
corrected,240-R-mPFC-S1-NE_2023_01_06,129,1,Conservative,5.50723e-09,1,1.33554e-07,0.136272,0,1.78846,0.5
corrected,240-R-mPFC-S1-NE_2023_01_06,130,1,Conservative,1.12179e-08,1,2.49748e-07,0.136272,0,0.067238,0.5
corrected,240-R-mPFC-S1-NE_2023_01_06,131,1,Conservative,8.20209e-08,0.999267,0.00073253,0.0285218,0,0.148142,0.025
corrected,240-R-mPFC-S1-NE_2023_01_06,132,1,Conservative,3.74969e-08,0.999998,2.16198e-06,0.136273,0,-0.821211,0.5
corrected,240-R-mPFC-S1-NE_2023_01_06,133,1,Conservative,1.24311e-07,0.997977,0.00202323,0.0313824,0,0.942087,0.05
corrected,240-R-mPFC-S1-NE_2023_01_06,134,1,Conservative,2.16997e-07,0.995767,0.00423305,0.0288967,0,0.172688,0.025
corrected,240-R-mPFC-S1-NE_2023_01_06,135,1,Conservative,1.47191e-09,1,1.63708e-11,0.481614,0,1.08929,1
corrected,240-R-mPFC-S1-NE_2023_01_06,136,1,Conservative,1.85854e-07,0.997134,0.00286537,0.0315423,0,0.897861,0.05
corrected,240-R-mPFC-S1-NE_2023_01_06,137,1,Conservative,7.26229e-08,0.999682,0.000318392,0.0613363,0,1.89301,0.25
corrected,240-R-mPFC-S1-NE_2023_01_06,138,1,Conservative,3.02956e-07,0.993502,0.00649794,0.0264425,0,0.971342,0
corrected,240-R-mPFC-S1-NE_2023_01_06,139,1,Conservative,1.85318e-07,0.994547,0.00545235,0.0320333,0,1.83723,0.05
corrected,240-R-mPFC-S1-NE_2023_01_06,140,1,Conservative,1.40455e-07,0.995468,0.00453184,0.0318586,0,1.48204,0.05
corrected,240-R-mPFC-S1-NE_2023_01_06,141,1,Conservative,1.9794e-07,0.993876,0.00612381,0.0290992,0,0.471698,0.025
corrected,240-R-mPFC-S1-NE_2023_01_06,142,1,Conservative,3.27568e-07,0.990457,0.00954285,0.0294655,0,-0.407018,0.025
corrected,240-R-mPFC-S1-NE_2023_01_06,143,1,Conservative,1.35845e-07,0.996865,0.00313451,0.0381823,0,0.739401,0.1
corrected,240-R-mPFC-S1-NE_2023_01_06,144,1,Conservative,1.59023e-07,0.999032,0.000967531,0.0619264,0,-0.0805969,0.25
corrected,240-R-mPFC-S1-NE_2023_01_06,145,1,Conservative,1.23399e-07,0.998341,0.00165873,0.037527,0,1.70211,0.1
corrected,240-R-mPFC-S1-NE_2023_01_06,146,1,Conservative,2.12051e-07,0.996861,0.00313906,0.026262,0,1.11331,0
corrected,240-R-mPFC-S1-NE_2023_01_06,147,1,Conservative,6.6865e-08,0.999795,0.000204834,0.0612331,0,1.58282,0.25
corrected,240-R-mPFC-S1-NE_2023_01_06,148,1,Conservative,9.0948e-08,0.999084,0.000915432,0.0285414,0,1.50713,0.025
corrected,240-R-mPFC-S1-NE_2023_01_06,149,1,Conservative,1.26085e-09,1,7.23744e-12,0.481614,0,0.894001,1
corrected,240-R-mPFC-S1-NE_2023_01_06,150,1,Conservative,8.87406e-08,0.999152,0.000848379,0.0285342,0,1.53655,0.025
corrected,240-R-mPFC-S1-NE_2023_01_06,151,1,Conservative,8.28283e-08,0.999718,0.000281418,0.0613027,0,0.781876,0.25
corrected,240-R-mPFC-S1-NE_2023_01_06,152,1,Conservative,2.20408e-07,0.996039,0.00396089,0.0263061,0,0.904373,0
corrected,240-R-mPFC-S1-NE_2023_01_06,153,1,Conservative,2.71022e-07,0.994077,0.00592237,0.0290777,0,0.650447,0.025
corrected,240-R-mPFC-S1-NE_2023_01_06,154,1,Conservative,1.59768e-08,0.999999,7.09941e-07,0.136272,0,1.75298,0.5
corrected,240-R-mPFC-S1-NE_2023_01_06,155,1,Conservative,2.32511e-08,0.999974,2.62772e-05,0.0610707,0,1.77678,0.25
corrected,240-R-mPFC-S1-NE_2023_01_06,156,1,Conservative,5.5451e-08,0.99953,0.000469806,0.0369991,0,0.651194,0.1
corrected,240-R-mPFC-S1-NE_2023_01_06,157,1,Conservative,3.19154e-09,1,1.23217e-11,0.481614,0,-0.17629,1
corrected,240-R-mPFC-S1-NE_2023_01_06,158,1,Conservative,5.23089e-07,0.998705,0.00129424,0.0373655,0,1.11679,0.1
corrected,240-R-mPFC-S1-NE_2023_01_06,159,1,Conservative,3.22639e-06,0.997369,0.00262775,0.0287269,0,0.639368,0.025
corrected,240-R-mPFC-S1-NE_2023_01_06,160,1,Conservative,1.0556e-05,0.999979,1.02632e-05,0.136289,0,1.03436,0.5
corrected,240-R-mPFC-S1-NE_2023_01_09,1,0,Liberal,0.920448,0.00211514,0.0774374,0.998217,1,-0.143506,1
corrected,240-R-mPFC-S1-NE_2023_01_09,2,0,Liberal,0.921037,0.00395843,0.0750041,0.634856,1,0.852265,0
corrected,240-R-mPFC-S1-NE_2023_01_09,3,0,Liberal,0.919227,0.00744153,0.0733317,0.668735,0,0.0223936,0.025
corrected,240-R-mPFC-S1-NE_2023_01_09,4,0,Liberal,0.918946,0.019504,0.06155,0.63276,0,1.8181,0
corrected,240-R-mPFC-S1-NE_2023_01_09,5,0,Liberal,0.919809,0.0429831,0.0372082,0.758715,0,2.91618,0.1
corrected,240-R-mPFC-S1-NE_2023_01_09,6,0,Liberal,0.922827,0.0380753,0.0390974,0.634102,0,-0.815604,0
corrected,240-R-mPFC-S1-NE_2023_01_09,7,0,Liberal,0.930407,0.0352217,0.0343715,0.765583,0,0.363584,0.1
corrected,240-R-mPFC-S1-NE_2023_01_09,8,0,Liberal,0.964294,0.00691611,0.0287897,0.995696,1,-0.672822,1
corrected,240-R-mPFC-S1-NE_2023_01_09,9,0,Liberal,0.984221,0.000755282,0.0150235,0.915063,1,0.581436,0.25
corrected,240-R-mPFC-S1-NE_2023_01_09,10,0,Liberal,0.995633,5.15495e-05,0.00431534,0.680036,1,-0.620547,0
corrected,240-R-mPFC-S1-NE_2023_01_09,11,0,Liberal,0.996775,5.61821e-06,0.00321969,0.915053,1,-1.07507,0.25
corrected,240-R-mPFC-S1-NE_2023_01_09,12,0,Liberal,0.998023,1.48724e-05,0.00196211,0.999248,1,-0.85503,1
corrected,240-R-mPFC-S1-NE_2023_01_09,13,0,Liberal,0.999541,2.93065e-06,0.000456155,0.682395,1,-0.171561,0
corrected,240-R-mPFC-S1-NE_2023_01_09,14,0,Liberal,0.999701,3.94497e-07,0.000298296,0.803597,1,-0.480209,0.1
corrected,240-R-mPFC-S1-NE_2023_01_09,15,0,Liberal,0.999795,2.8052e-07,0.000204745,0.803627,1,-0.482543,0.1
corrected,240-R-mPFC-S1-NE_2023_01_09,16,0,Liberal,0.999844,9.11752e-07,0.000155178,0.999254,1,-0.824761,1
corrected,240-R-mPFC-S1-NE_2023_01_09,17,0,Liberal,0.999903,1.95009e-07,9.67679e-05,0.803662,1,-0.428243,0.1
corrected,240-R-mPFC-S1-NE_2023_01_09,18,0,Liberal,0.999931,7.64293e-08,6.88653e-05,0.803671,1,-1.07057,0.1
corrected,240-R-mPFC-S1-NE_2023_01_09,19,0,Liberal,0.999947,2.57307e-07,5.2262e-05,0.68264,1,-0.961833,0
corrected,240-R-mPFC-S1-NE_2023_01_09,20,0,Liberal,0.99993,7.7218e-06,6.25421e-05,0.803667,0,0.801498,0.1
corrected,240-R-mPFC-S1-NE_2023_01_09,21,0,Liberal,0.999937,2.78288e-06,6.06469e-05,0.999253,1,-0.419151,1
corrected,240-R-mPFC-S1-NE_2023_01_09,22,0,Liberal,0.999945,4.37094e-07,5.49024e-05,0.981719,1,-0.34299,0.5
corrected,240-R-mPFC-S1-NE_2023_01_09,23,0,Liberal,0.999955,2.98474e-07,4.42981e-05,0.682645,1,-0.102551,0
corrected,240-R-mPFC-S1-NE_2023_01_09,24,0,Liberal,0.999928,3.8526e-06,6.81627e-05,0.74793,0,0.572237,0.05
corrected,240-R-mPFC-S1-NE_2023_01_09,25,0,Liberal,0.999929,5.46859e-07,7.00876e-05,0.981719,1,-0.319618,0.5
corrected,240-R-mPFC-S1-NE_2023_01_09,26,0,Liberal,0.999932,1.26826e-07,6.78942e-05,0.914884,1,-0.278716,0.25
corrected,240-R-mPFC-S1-NE_2023_01_09,27,0,Liberal,0.999937,4.45503e-07,6.25674e-05,0.999254,1,-0.465813,1
corrected,240-R-mPFC-S1-NE_2023_01_09,28,0,Liberal,0.999946,1.98662e-07,5.38907e-05,0.981719,1,-0.325124,0.5
corrected,240-R-mPFC-S1-NE_2023_01_09,29,0,Liberal,0.999961,7.80503e-07,3.83074e-05,0.999254,1,0.26587,1
corrected,240-R-mPFC-S1-NE_2023_01_09,30,0,Liberal,0.999979,9.46919e-07,1.96879e-05,0.803686,1,0.354567,0.1
corrected,240-R-mPFC-S1-NE_2023_01_09,31,0,Liberal,0.999986,9.26288e-06,4.813e-06,0.914873,0,-0.0231216,0.25
corrected,240-R-mPFC-S1-NE_2023_01_09,32,0,Liberal,0.999999,3.02293e-07,8.94719e-07,0.682671,1,-0.195548,0
corrected,240-R-mPFC-S1-NE_2023_01_09,33,0,Liberal,1,3.06574e-08,4.11143e-07,0.682671,1,0.0830497,0
corrected,240-R-mPFC-S1-NE_2023_01_09,34,0,Liberal,0.999999,2.15771e-08,1.31118e-06,0.716454,1,-0.274106,0.025
corrected,240-R-mPFC-S1-NE_2023_01_09,35,0,Liberal,0.999994,3.49025e-08,6.35539e-06,0.803691,1,-0.691981,0.1
corrected,240-R-mPFC-S1-NE_2023_01_09,36,0,Liberal,0.999985,1.65949e-07,1.49977e-05,0.999254,1,-1.41849,1
corrected,240-R-mPFC-S1-NE_2023_01_09,37,0,Liberal,0.999981,4.29306e-08,1.92784e-05,0.716443,1,-0.93367,0.025
corrected,240-R-mPFC-S1-NE_2023_01_09,38,0,Liberal,0.999949,1.54679e-07,5.10992e-05,0.914883,1,-0.715991,0.25
corrected,240-R-mPFC-S1-NE_2023_01_09,39,0,Liberal,0.999926,3.74114e-06,7.02188e-05,0.747929,1,0.112113,0.05
corrected,240-R-mPFC-S1-NE_2023_01_09,40,0,Liberal,0.999626,0.000373647,1.8734e-07,0.981402,0,2.8781,0.5
corrected,240-R-mPFC-S1-NE_2023_01_09,41,0,Liberal,0.999725,1.35988e-05,0.00026134,0.803599,1,-1.07797,0.1
corrected,240-R-mPFC-S1-NE_2023_01_09,42,0,Liberal,0.999672,9.03195e-07,0.000326832,0.981723,1,-0.449162,0.5
corrected,240-R-mPFC-S1-NE_2023_01_09,43,0,Liberal,0.99964,4.29913e-07,0.000359335,0.803577,1,0.81591,0.1
corrected,240-R-mPFC-S1-NE_2023_01_09,44,0,Liberal,0.99954,3.36003e-07,0.000459194,0.981726,1,-0.553217,0.5
corrected,240-R-mPFC-S1-NE_2023_01_09,45,0,Liberal,0.999451,5.53662e-07,0.000548183,0.716136,1,-0.337913,0.025
corrected,240-R-mPFC-S1-NE_2023_01_09,46,0,Liberal,0.998889,3.2403e-07,0.00111115,0.803334,1,-0.718686,0.1
corrected,240-R-mPFC-S1-NE_2023_01_09,47,0,Liberal,0.998154,1.50658e-06,0.00184496,0.803096,1,0.192527,0.1
corrected,240-R-mPFC-S1-NE_2023_01_09,48,0,Liberal,0.9966,1.44732e-06,0.00339811,0.802595,1,-0.616451,0.1
corrected,240-R-mPFC-S1-NE_2023_01_09,49,0,Liberal,0.994081,1.05563e-06,0.00591782,0.915205,1,-0.495401,0.25
corrected,240-R-mPFC-S1-NE_2023_01_09,50,0,Liberal,0.992976,0.000120753,0.00690355,0.999197,1,2.94109,1
corrected,240-R-mPFC-S1-NE_2023_01_09,51,0,Liberal,0.990545,1.62745e-05,0.00943919,0.800633,1,0.00780338,0.1
corrected,240-R-mPFC-S1-NE_2023_01_09,52,0,Liberal,0.986546,5.00271e-05,0.0134041,0.999239,1,0.135688,1
corrected,240-R-mPFC-S1-NE_2023_01_09,53,0,Liberal,0.984228,0.000622472,0.01515,0.739536,0,3.09299,0.05
corrected,240-R-mPFC-S1-NE_2023_01_09,54,0,Liberal,0.982944,0.000237922,0.0168182,0.981823,1,0.756754,0.5
corrected,240-R-mPFC-S1-NE_2023_01_09,55,0,Liberal,0.980822,2.47458e-05,0.0191532,0.705311,1,-1.04593,0.025
corrected,240-R-mPFC-S1-NE_2023_01_09,56,0,Liberal,0.972902,5.06211e-05,0.0270478,0.794921,1,0.258998,0.1
corrected,240-R-mPFC-S1-NE_2023_01_09,57,0,Liberal,0.958914,0.000820183,0.0402658,0.99886,1,0.242164,1
corrected,240-R-mPFC-S1-NE_2023_01_09,58,0,Liberal,0.944942,0.00268902,0.0523694,0.997902,1,0.46667,1
corrected,240-R-mPFC-S1-NE_2023_01_09,59,0,Liberal,0.928061,0.00555312,0.0663863,0.708992,0,-0.128083,0.05
corrected,240-R-mPFC-S1-NE_2023_01_10,1,0,Liberal,0.729289,0.000220186,0.270491,0.929594,1,-0.324141,0.25
corrected,240-R-mPFC-S1-NE_2023_01_10,2,0,Liberal,0.729044,0.000222248,0.270734,0.999341,1,-0.548424,1
corrected,240-R-mPFC-S1-NE_2023_01_10,3,0,Liberal,0.729294,0.00115412,0.269552,0.998858,1,1.24217,1
corrected,240-R-mPFC-S1-NE_2023_01_10,4,0,Liberal,0.729057,0.000426355,0.270516,0.559013,1,-0.457433,0.025
corrected,240-R-mPFC-S1-NE_2023_01_10,5,0,Liberal,0.725063,0.000247562,0.274689,0.999331,1,-0.902942,1
corrected,240-R-mPFC-S1-NE_2023_01_10,6,0,Liberal,0.721738,0.000133333,0.278129,0.986667,1,-0.26814,0.5
corrected,240-R-mPFC-S1-NE_2023_01_10,7,0,Liberal,0.717959,7.61563e-05,0.281965,0.599278,1,-0.75666,0.05
corrected,240-R-mPFC-S1-NE_2023_01_10,8,0,Liberal,0.705121,6.8788e-05,0.29481,0.987025,1,-0.695538,0.5
corrected,240-R-mPFC-S1-NE_2023_01_10,9,0,Liberal,0.693658,8.89411e-05,0.306253,0.704737,1,-0.339725,0.1
corrected,240-R-mPFC-S1-NE_2023_01_10,10,0,Liberal,0.669039,6.32581e-05,0.330898,0.933056,1,-1.21958,0.25
corrected,240-R-mPFC-S1-NE_2023_01_10,11,0,Liberal,0.648226,0.000755887,0.351018,0.470561,1,-0.797263,0
corrected,240-R-mPFC-S1-NE_2023_01_10,12,2,Engaged,0.475666,0.00792404,0.51641,0.630869,0,-0.607375,0.1
corrected,240-R-mPFC-S1-NE_2023_01_10,13,2,Engaged,0.395631,0.000237016,0.604132,0.608439,1,-1.45189,0.1
corrected,240-R-mPFC-S1-NE_2023_01_10,14,2,Engaged,0.334546,0.00485113,0.660603,0.281237,0,1.59551,0
corrected,240-R-mPFC-S1-NE_2023_01_10,15,2,Engaged,0.308081,0.00197443,0.689944,0.951206,1,0.785567,0.25
corrected,240-R-mPFC-S1-NE_2023_01_10,16,2,Engaged,0.2736,0.00437295,0.722028,0.997529,1,-0.263414,1
corrected,240-R-mPFC-S1-NE_2023_01_10,17,2,Engaged,0.237396,0.00853539,0.754069,0.553661,0,-0.380295,0.1
corrected,240-R-mPFC-S1-NE_2023_01_10,18,2,Engaged,0.223416,0.00484542,0.771739,0.264803,0,-0.551422,0.025
corrected,240-R-mPFC-S1-NE_2023_01_10,19,2,Engaged,0.219975,0.00276323,0.777262,0.212279,1,0.444036,0
corrected,240-R-mPFC-S1-NE_2023_01_10,20,2,Engaged,0.182515,0.000806171,0.816679,0.995899,1,-0.322566,0.5
corrected,240-R-mPFC-S1-NE_2023_01_10,21,2,Engaged,0.13892,0.000233406,0.860846,0.997187,1,-0.919584,0.5
corrected,240-R-mPFC-S1-NE_2023_01_10,22,2,Engaged,0.102339,0.000414685,0.897246,0.963958,1,-0.340719,0.25
corrected,240-R-mPFC-S1-NE_2023_01_10,23,2,Engaged,0.0620964,0.00334125,0.934562,0.171251,0,-0.822845,0.025
corrected,240-R-mPFC-S1-NE_2023_01_10,24,2,Engaged,0.0487386,0.00232484,0.948937,0.998759,1,-0.906272,1
corrected,240-R-mPFC-S1-NE_2023_01_10,25,2,Engaged,0.0333302,0.00040346,0.966266,0.998962,1,-1.44005,0.5
corrected,240-R-mPFC-S1-NE_2023_01_10,26,2,Engaged,0.0215278,0.00165235,0.97682,0.998098,1,-0.524216,0.5
corrected,240-R-mPFC-S1-NE_2023_01_10,27,2,Engaged,0.00939262,0.0125347,0.978073,0.478263,0,-0.469147,0.1
corrected,240-R-mPFC-S1-NE_2023_01_10,28,2,Engaged,0.0044644,0.0115705,0.983965,0.4771,0,-0.914644,0.1
corrected,240-R-mPFC-S1-NE_2023_01_10,29,2,Engaged,0.00287229,0.00669273,0.990435,0.136488,0,-0.39724,0.025
corrected,240-R-mPFC-S1-NE_2023_01_10,30,2,Engaged,0.00243282,0.0020206,0.995547,0.480684,1,0.175386,0.1
corrected,240-R-mPFC-S1-NE_2023_01_10,31,2,Engaged,0.00153568,0.00408168,0.994383,0.135991,0,-0.382701,0.025
corrected,240-R-mPFC-S1-NE_2023_01_10,32,2,Engaged,0.00120869,0.00131619,0.997475,0.96871,1,-0.852962,0.25
corrected,240-R-mPFC-S1-NE_2023_01_10,33,2,Engaged,0.000994055,0.109254,0.889752,0.124413,0,2.68414,0.025
corrected,240-R-mPFC-S1-NE_2023_01_10,34,2,Engaged,0.00090129,0.0906368,0.908462,0.440844,1,-0.815574,0.1
corrected,240-R-mPFC-S1-NE_2023_01_10,35,2,Engaged,0.000627016,0.174229,0.825144,0.909682,1,-0.681731,1
corrected,240-R-mPFC-S1-NE_2023_01_10,36,2,Engaged,0.000236659,0.320835,0.678928,0.101314,0,-1.14283,0.025
corrected,240-R-mPFC-S1-NE_2023_01_10,37,1,Conservative,3.22927e-05,0.934199,0.0657683,0.120853,0,0.706934,0.25
corrected,240-R-mPFC-S1-NE_2023_01_10,38,1,Conservative,1.10502e-05,0.933453,0.0665357,0.0296748,0,-0.408636,0
corrected,240-R-mPFC-S1-NE_2023_01_10,39,1,Conservative,3.00666e-06,0.947558,0.0524394,0.0409548,0,0.307108,0.05
corrected,240-R-mPFC-S1-NE_2023_01_10,40,1,Conservative,1.02765e-06,0.956071,0.0439278,0.0562954,0,-0.00313656,0.1
corrected,240-R-mPFC-S1-NE_2023_01_10,41,1,Conservative,7.13367e-07,0.953799,0.0462001,0.0397687,0,-0.362075,0.05
corrected,240-R-mPFC-S1-NE_2023_01_10,42,1,Conservative,2.88152e-07,0.97685,0.0231494,0.0353928,0,1.30482,0.05
corrected,240-R-mPFC-S1-NE_2023_01_10,43,1,Conservative,4.29421e-07,0.977954,0.0220458,0.0351834,0,-0.396574,0.05
corrected,240-R-mPFC-S1-NE_2023_01_10,44,1,Conservative,2.09558e-07,0.999996,3.69929e-06,0.136275,0,1.24353,0.5
corrected,240-R-mPFC-S1-NE_2023_01_10,45,1,Conservative,6.43379e-06,0.995075,0.00491819,0.0655226,0,0.0171853,0.25
corrected,240-R-mPFC-S1-NE_2023_01_10,46,1,Conservative,7.53267e-05,0.807601,0.192323,0.0364744,0,-0.361645,0
corrected,240-R-mPFC-S1-NE_2023_01_10,47,1,Conservative,0.000319947,0.531483,0.468197,0.540899,1,-0.993645,0.5
corrected,240-R-mPFC-S1-NE_2023_01_10,48,1,Conservative,0.000350201,0.557111,0.442539,0.0500967,1,0.500248,0
corrected,240-R-mPFC-S1-NE_2023_01_10,49,1,Conservative,1.60783e-05,0.999916,6.82482e-05,0.136344,0,2.29465,0.5
corrected,240-R-mPFC-S1-NE_2023_01_10,50,1,Conservative,1.35453e-05,0.975092,0.0248942,0.494526,1,-0.767339,1
corrected,240-R-mPFC-S1-NE_2023_01_10,51,1,Conservative,3.11937e-06,0.982991,0.0170059,0.0342286,0,0.620659,0.05
corrected,240-R-mPFC-S1-NE_2023_01_10,52,1,Conservative,8.13906e-07,0.987542,0.012457,0.042322,0,0.169022,0.1
corrected,240-R-mPFC-S1-NE_2023_01_10,53,1,Conservative,5.87518e-07,0.98249,0.017509,0.0270342,0,-0.92188,0
corrected,240-R-mPFC-S1-NE_2023_01_10,54,1,Conservative,4.0966e-07,0.983848,0.0161513,0.0269612,0,-0.62397,0
corrected,240-R-mPFC-S1-NE_2023_01_10,55,1,Conservative,2.70856e-07,0.988422,0.0115779,0.0419313,0,-0.707493,0.1
corrected,240-R-mPFC-S1-NE_2023_01_10,56,1,Conservative,1.10156e-09,1,1.34432e-11,0.481614,0,0.409318,1
corrected,240-R-mPFC-S1-NE_2023_01_10,57,1,Conservative,2.72343e-08,0.999966,3.42968e-05,0.061078,0,0.164028,0.25
corrected,240-R-mPFC-S1-NE_2023_01_10,58,1,Conservative,2.99676e-09,1,9.29245e-12,0.481614,0,-0.425263,1
corrected,240-R-mPFC-S1-NE_2023_01_10,59,1,Conservative,1.1688e-06,0.994733,0.0052654,0.484344,1,-0.381392,1
corrected,240-R-mPFC-S1-NE_2023_01_10,60,1,Conservative,1.73103e-07,0.999678,0.000321556,0.0613393,0,0.083175,0.25
corrected,240-R-mPFC-S1-NE_2023_01_10,61,1,Conservative,1.29817e-07,0.998771,0.00122902,0.028575,0,-0.151381,0.025
corrected,240-R-mPFC-S1-NE_2023_01_10,62,1,Conservative,1.06276e-09,1,5.29285e-12,0.481614,0,-0.592919,1
corrected,240-R-mPFC-S1-NE_2023_01_10,63,1,Conservative,6.86511e-09,1,1.08911e-07,0.136272,0,-0.0826304,0.5
corrected,240-R-mPFC-S1-NE_2023_01_10,64,1,Conservative,1.62595e-08,1,3.89723e-07,0.136272,0,-0.635362,0.5
corrected,240-R-mPFC-S1-NE_2023_01_10,65,1,Conservative,3.96436e-08,0.99993,7.04196e-05,0.0611109,0,0.428955,0.25
corrected,240-R-mPFC-S1-NE_2023_01_10,66,1,Conservative,1.77735e-07,0.997344,0.00265572,0.0315025,0,-0.492904,0.05
corrected,240-R-mPFC-S1-NE_2023_01_10,67,1,Conservative,3.34969e-08,0.999998,1.66196e-06,0.136273,0,0.352561,0.5
corrected,240-R-mPFC-S1-NE_2023_01_10,68,1,Conservative,2.8884e-08,0.999966,3.35157e-05,0.0610773,0,2.14218,0.25
corrected,240-R-mPFC-S1-NE_2023_01_10,69,1,Conservative,2.97405e-10,1,5.48084e-13,0.481614,0,1.71379,1
corrected,240-R-mPFC-S1-NE_2023_01_10,70,1,Conservative,8.76822e-08,0.99967,0.000329884,0.0613467,0,-0.0913334,0.25
corrected,240-R-mPFC-S1-NE_2023_01_10,71,1,Conservative,3.94877e-07,0.988162,0.0118375,0.0332456,0,-0.531957,0.05
corrected,240-R-mPFC-S1-NE_2023_01_10,72,1,Conservative,2.31735e-07,0.991312,0.00868768,0.0293738,0,1.18996,0.025
corrected,240-R-mPFC-S1-NE_2023_01_10,73,1,Conservative,1.61829e-07,0.993946,0.0060534,0.0321474,0,0.760393,0.05
corrected,240-R-mPFC-S1-NE_2023_01_10,74,1,Conservative,1.90233e-07,0.994346,0.00565374,0.0290489,0,-0.0711895,0.025
corrected,240-R-mPFC-S1-NE_2023_01_10,75,1,Conservative,1.27035e-07,0.99684,0.00316014,0.0315982,0,-0.23991,0.05
corrected,240-R-mPFC-S1-NE_2023_01_10,76,1,Conservative,9.82263e-10,1,7.12011e-12,0.481614,0,-0.71349,1
corrected,240-R-mPFC-S1-NE_2023_01_10,77,1,Conservative,1.71199e-08,1,4.34395e-07,0.136272,0,-0.538865,0.5
corrected,240-R-mPFC-S1-NE_2023_01_10,78,1,Conservative,3.80513e-08,0.999931,6.90239e-05,0.0611096,0,0.679316,0.25
corrected,240-R-mPFC-S1-NE_2023_01_10,79,1,Conservative,1.75037e-07,0.99713,0.00287017,0.0287508,0,-0.304108,0.025
corrected,240-R-mPFC-S1-NE_2023_01_10,80,1,Conservative,1.69084e-07,0.99701,0.0029897,0.0315659,0,-0.409683,0.05
corrected,240-R-mPFC-S1-NE_2023_01_10,81,1,Conservative,5.96618e-08,0.999853,0.000147074,0.0611806,0,-0.301468,0.25
corrected,240-R-mPFC-S1-NE_2023_01_10,82,1,Conservative,7.04038e-08,0.999884,0.000115644,0.061152,0,-0.484752,0.25
corrected,240-R-mPFC-S1-NE_2023_01_10,83,1,Conservative,5.89705e-08,0.999903,9.68833e-05,0.0611349,0,0.313457,0.25
corrected,240-R-mPFC-S1-NE_2023_01_10,84,1,Conservative,3.79383e-10,1,8.03685e-13,0.481614,0,1.04405,1
corrected,240-R-mPFC-S1-NE_2023_01_10,85,1,Conservative,2.45563e-08,0.999972,2.82691e-05,0.0610725,0,-0.134638,0.25
corrected,240-R-mPFC-S1-NE_2023_01_10,86,1,Conservative,3.75518e-09,1,2.90605e-11,0.481614,0,-1.05852,1
corrected,240-R-mPFC-S1-NE_2023_01_10,87,1,Conservative,1.0711e-08,1,3.42189e-07,0.136272,0,2.43846,0.5
corrected,240-R-mPFC-S1-NE_2023_01_10,88,1,Conservative,8.02219e-07,0.95604,0.0439595,0.0331516,0,-0.868594,0.025
corrected,240-R-mPFC-S1-NE_2023_01_10,89,1,Conservative,1.00384e-06,0.931732,0.0682669,0.0297612,0,-0.298651,0
corrected,240-R-mPFC-S1-NE_2023_01_10,90,1,Conservative,1.12702e-06,0.923421,0.0765782,0.036645,0,0.345859,0.025
corrected,240-R-mPFC-S1-NE_2023_01_10,91,1,Conservative,1.24469e-07,0.996072,0.00392813,0.031744,0,3.57505,0.05
corrected,240-R-mPFC-S1-NE_2023_01_10,92,1,Conservative,2.29968e-07,0.99833,0.00166974,0.0625647,0,-0.246636,0.25
corrected,240-R-mPFC-S1-NE_2023_01_10,93,1,Conservative,9.15195e-08,0.99897,0.00102989,0.0261486,0,2.52293,0
corrected,240-R-mPFC-S1-NE_2023_01_10,94,1,Conservative,1.31734e-07,0.997675,0.00232503,0.0314397,0,0.408976,0.05
corrected,240-R-mPFC-S1-NE_2023_01_10,95,1,Conservative,2.18173e-07,0.995896,0.00410351,0.0317773,0,-0.519056,0.05
corrected,240-R-mPFC-S1-NE_2023_01_10,96,1,Conservative,9.07569e-08,0.999614,0.000385457,0.0613973,0,0.248415,0.25
corrected,240-R-mPFC-S1-NE_2023_01_10,97,1,Conservative,9.70356e-08,0.998998,0.00100143,0.0285506,0,0.664939,0.025
corrected,240-R-mPFC-S1-NE_2023_01_10,98,1,Conservative,1.35175e-09,1,1.24322e-11,0.481614,0,0.00462483,1
corrected,240-R-mPFC-S1-NE_2023_01_10,99,1,Conservative,3.25805e-07,0.989938,0.0100618,0.0412582,0,-0.900438,0.1
corrected,240-R-mPFC-S1-NE_2023_01_10,100,1,Conservative,2.32709e-07,0.991125,0.00887457,0.0265701,0,0.936276,0
corrected,240-R-mPFC-S1-NE_2023_01_10,101,1,Conservative,3.33935e-07,0.987031,0.012969,0.0298324,0,-0.422291,0.025
corrected,240-R-mPFC-S1-NE_2023_01_10,102,1,Conservative,2.58306e-07,0.989722,0.0102779,0.0266455,0,0.153329,0
corrected,240-R-mPFC-S1-NE_2023_01_10,103,1,Conservative,1.89261e-07,0.99263,0.00736966,0.0400627,0,-0.307401,0.1
corrected,240-R-mPFC-S1-NE_2023_01_10,104,1,Conservative,1.68576e-07,0.994669,0.00533079,0.0320103,0,-0.342503,0.05
corrected,240-R-mPFC-S1-NE_2023_01_10,105,1,Conservative,2.04563e-09,1,3.93274e-11,0.481614,0,-0.142514,1
corrected,240-R-mPFC-S1-NE_2023_01_10,106,1,Conservative,2.10813e-07,0.995865,0.00413472,0.0317832,0,0.152837,0.05
corrected,240-R-mPFC-S1-NE_2023_01_10,107,1,Conservative,1.43834e-07,0.997537,0.002463,0.0262256,0,1.04815,0
corrected,240-R-mPFC-S1-NE_2023_01_10,108,1,Conservative,3.68714e-08,0.99992,8.04017e-05,0.0611199,0,0.410119,0.25
corrected,240-R-mPFC-S1-NE_2023_01_10,109,1,Conservative,3.22259e-09,1,2.18474e-11,0.481614,0,-0.261852,1
corrected,240-R-mPFC-S1-NE_2023_01_10,110,1,Conservative,2.57363e-08,0.999875,0.000125461,0.0284567,0,2.80391,0.025
corrected,240-R-mPFC-S1-NE_2023_01_10,111,1,Conservative,5.79702e-08,0.999881,0.000119231,0.0611553,0,-0.329739,0.25
corrected,240-R-mPFC-S1-NE_2023_01_10,112,1,Conservative,1.54723e-07,0.998208,0.00179189,0.0286353,0,-0.395368,0.025
corrected,240-R-mPFC-S1-NE_2023_01_10,113,1,Conservative,6.23764e-08,0.999872,0.000127549,0.0611628,0,-0.287555,0.25
corrected,240-R-mPFC-S1-NE_2023_01_10,114,1,Conservative,9.30466e-08,0.999695,0.000304989,0.0613241,0,-0.384676,0.25
corrected,240-R-mPFC-S1-NE_2023_01_10,115,1,Conservative,2.85487e-07,0.992921,0.00707846,0.0323421,0,-0.447424,0.05
corrected,240-R-mPFC-S1-NE_2023_01_10,116,1,Conservative,4.81702e-07,0.987544,0.0124552,0.0267626,0,-0.564273,0
corrected,240-R-mPFC-S1-NE_2023_01_10,117,1,Conservative,1.00297e-07,0.999484,0.000515486,0.0615155,0,1.2734,0.25
corrected,240-R-mPFC-S1-NE_2023_01_10,118,1,Conservative,1.37937e-08,0.999999,5.28023e-07,0.136272,0,1.5236,0.5
corrected,240-R-mPFC-S1-NE_2023_01_10,119,1,Conservative,3.53337e-07,0.987423,0.0125768,0.0423749,0,-0.0716434,0.1
corrected,240-R-mPFC-S1-NE_2023_01_10,120,1,Conservative,8.84223e-07,0.952589,0.0474097,0.0335211,0,-0.822032,0.025
corrected,240-R-mPFC-S1-NE_2023_01_10,121,1,Conservative,1.22777e-06,0.928629,0.0713695,0.0445469,0,-0.541201,0.05
corrected,240-R-mPFC-S1-NE_2023_01_10,122,1,Conservative,9.5492e-08,0.995607,0.0043933,0.0387411,0,3.50551,0.1
corrected,240-R-mPFC-S1-NE_2023_01_10,123,1,Conservative,2.44561e-07,0.991851,0.00814883,0.0325453,0,-1.04444,0.05
corrected,240-R-mPFC-S1-NE_2023_01_10,124,1,Conservative,1.81387e-07,0.993716,0.0062843,0.0395808,0,-0.491512,0.1
corrected,240-R-mPFC-S1-NE_2023_01_10,125,1,Conservative,2.4467e-07,0.993011,0.00698898,0.0291919,0,-1.03373,0.025
corrected,240-R-mPFC-S1-NE_2023_01_10,126,1,Conservative,1.20066e-08,1,4.67587e-07,0.136272,0,-0.238971,0.5
corrected,240-R-mPFC-S1-NE_2023_01_10,127,1,Conservative,4.77082e-08,0.999996,3.56967e-06,0.136275,0,-1.18953,0.5
corrected,240-R-mPFC-S1-NE_2023_01_10,128,1,Conservative,4.00458e-07,0.987152,0.012848,0.0424953,0,-0.137795,0.1
corrected,240-R-mPFC-S1-NE_2023_01_10,129,1,Conservative,8.22228e-07,0.973241,0.0267581,0.0275312,0,0.238005,0
corrected,240-R-mPFC-S1-NE_2023_01_10,130,1,Conservative,6.31968e-09,1,2.79503e-07,0.136272,0,3.39738,0.5
corrected,240-R-mPFC-S1-NE_2023_01_10,131,1,Conservative,1.34909e-07,0.997641,0.00235887,0.0378379,0,-0.670344,0.1
corrected,240-R-mPFC-S1-NE_2023_01_10,132,1,Conservative,2.89912e-07,0.993886,0.00611344,0.0264218,0,-1.32904,0
corrected,240-R-mPFC-S1-NE_2023_01_10,133,1,Conservative,1.61881e-07,0.996239,0.0037606,0.0384603,0,-0.871956,0.1
corrected,240-R-mPFC-S1-NE_2023_01_10,134,1,Conservative,7.96383e-10,1,5.38728e-12,0.481614,0,-0.644175,1
corrected,240-R-mPFC-S1-NE_2023_01_10,135,1,Conservative,8.22033e-10,1,3.35707e-12,0.481614,0,-1.03455,1
corrected,240-R-mPFC-S1-NE_2023_01_10,136,1,Conservative,6.57044e-10,1,2.4026e-12,0.481614,0,-0.407697,1
corrected,240-R-mPFC-S1-NE_2023_01_10,137,1,Conservative,5.2596e-10,1,1.39718e-12,0.481614,0,-0.159019,1
corrected,240-R-mPFC-S1-NE_2023_01_10,138,1,Conservative,4.71123e-08,0.999998,2.13756e-06,0.136273,0,-0.63272,0.5
corrected,240-R-mPFC-S1-NE_2023_01_10,139,1,Conservative,3.6615e-08,0.999708,0.000291792,0.03692,0,2.53939,0.1
corrected,240-R-mPFC-S1-NE_2023_01_10,140,1,Conservative,1.85335e-07,0.996691,0.00330899,0.0316265,0,-0.195656,0.05
corrected,240-R-mPFC-S1-NE_2023_01_10,141,1,Conservative,1.84965e-07,0.997156,0.00284342,0.0262461,0,0.0915231,0
corrected,240-R-mPFC-S1-NE_2023_01_10,142,1,Conservative,1.20467e-07,0.999516,0.000484105,0.061487,0,-0.289069,0.25
corrected,240-R-mPFC-S1-NE_2023_01_10,143,1,Conservative,5.83659e-08,0.999589,0.000410863,0.0369729,0,1.07516,0.1
corrected,240-R-mPFC-S1-NE_2023_01_10,144,1,Conservative,3.39878e-08,1,1.83614e-07,0.136272,0,-0.179197,0.5
corrected,240-R-mPFC-S1-NE_2023_01_10,145,1,Conservative,1.01342e-06,0.999999,1.42096e-10,0.481615,0,-0.341252,1
corrected,240-R-mPFC-S1-NE_2023_01_11,1,0,Liberal,0.998517,2.96223e-05,0.00145334,0.99924,1,0.396959,1
corrected,240-R-mPFC-S1-NE_2023_01_11,2,0,Liberal,0.999321,2.3121e-06,0.000676588,0.71606,1,0.802217,0.025
corrected,240-R-mPFC-S1-NE_2023_01_11,3,0,Liberal,0.999514,8.60857e-06,0.000477011,0.99925,1,2.09458,1
corrected,240-R-mPFC-S1-NE_2023_01_11,4,0,Liberal,0.999669,4.79538e-06,0.000325904,0.999252,1,1.34049,1
corrected,240-R-mPFC-S1-NE_2023_01_11,5,0,Liberal,0.999836,1.08771e-06,0.000163048,0.80364,1,1.7828,0.1
corrected,240-R-mPFC-S1-NE_2023_01_11,6,0,Liberal,0.999916,2.90153e-06,8.07832e-05,0.999253,1,1.24633,1
corrected,240-R-mPFC-S1-NE_2023_01_11,7,0,Liberal,0.999981,1.50857e-07,1.89736e-05,0.716443,1,0.289655,0.025
corrected,240-R-mPFC-S1-NE_2023_01_11,8,0,Liberal,0.999994,3.72437e-08,5.47743e-06,0.747966,1,0.915413,0.05
corrected,240-R-mPFC-S1-NE_2023_01_11,9,0,Liberal,0.999999,3.89887e-08,1.02055e-06,0.716454,1,1.14987,0.025
corrected,240-R-mPFC-S1-NE_2023_01_11,10,0,Liberal,0.999999,1.76369e-08,5.214e-07,0.716454,1,0.02215,0.025
corrected,240-R-mPFC-S1-NE_2023_01_11,11,0,Liberal,0.999999,2.46838e-08,5.02588e-07,0.682671,1,-0.0829549,0
corrected,240-R-mPFC-S1-NE_2023_01_11,12,0,Liberal,0.999997,4.53405e-08,3.25337e-06,0.747967,1,-1.00099,0.05
corrected,240-R-mPFC-S1-NE_2023_01_11,13,0,Liberal,0.99999,1.70415e-06,8.17594e-06,0.747963,0,0.116746,0.05
corrected,240-R-mPFC-S1-NE_2023_01_11,14,0,Liberal,0.999997,1.13682e-07,2.97144e-06,0.68267,1,-0.163611,0
corrected,240-R-mPFC-S1-NE_2023_01_11,15,0,Liberal,0.999993,1.80188e-08,6.68789e-06,0.803691,1,-0.744134,0.1
corrected,240-R-mPFC-S1-NE_2023_01_11,16,0,Liberal,0.99999,5.21388e-08,9.89719e-06,0.981718,1,-0.0733985,0.5
corrected,240-R-mPFC-S1-NE_2023_01_11,17,0,Liberal,0.999991,2.01324e-07,8.40508e-06,0.999254,1,0.796105,1
corrected,240-R-mPFC-S1-NE_2023_01_11,18,0,Liberal,0.999997,3.43601e-08,3.36206e-06,0.747967,1,1.29095,0.05
corrected,240-R-mPFC-S1-NE_2023_01_11,19,0,Liberal,0.999998,2.52372e-08,2.39919e-06,0.716453,1,1.18535,0.025
corrected,240-R-mPFC-S1-NE_2023_01_11,20,0,Liberal,0.999994,1.38402e-07,5.76189e-06,0.981718,1,1.25489,0.5
corrected,240-R-mPFC-S1-NE_2023_01_11,21,0,Liberal,0.999991,2.84254e-08,9.17054e-06,0.80369,1,-0.293609,0.1
corrected,240-R-mPFC-S1-NE_2023_01_11,22,0,Liberal,0.999986,8.92516e-08,1.37131e-05,0.981718,1,-0.16088,0.5
corrected,240-R-mPFC-S1-NE_2023_01_11,23,0,Liberal,0.999983,5.16117e-08,1.66839e-05,0.981718,1,-0.673154,0.5
corrected,240-R-mPFC-S1-NE_2023_01_11,24,0,Liberal,0.999985,3.96332e-08,1.45598e-05,0.803689,1,0.115285,0.1
corrected,240-R-mPFC-S1-NE_2023_01_11,25,0,Liberal,0.999984,1.36556e-08,1.61812e-05,0.682662,1,-0.55165,0
corrected,240-R-mPFC-S1-NE_2023_01_11,26,0,Liberal,0.999962,2.18609e-07,3.77367e-05,0.803681,1,1.59846,0.1
corrected,240-R-mPFC-S1-NE_2023_01_11,27,0,Liberal,0.999895,5.30456e-07,0.000104269,0.682608,1,-0.493916,0
corrected,240-R-mPFC-S1-NE_2023_01_11,28,0,Liberal,0.999178,6.89071e-07,0.000821032,0.981733,1,-1.27777,0.5
corrected,240-R-mPFC-S1-NE_2023_01_11,29,0,Liberal,0.99862,1.38973e-06,0.00137866,0.981742,1,-0.46384,0.5
corrected,240-R-mPFC-S1-NE_2023_01_11,30,0,Liberal,0.998044,1.44579e-06,0.00195499,0.981753,1,-0.645046,0.5
corrected,240-R-mPFC-S1-NE_2023_01_11,31,0,Liberal,0.997491,2.36719e-06,0.00250629,0.981762,1,-0.561305,0.5
corrected,240-R-mPFC-S1-NE_2023_01_11,32,0,Liberal,0.996818,6.13684e-07,0.00318175,0.746291,1,-1.34053,0.05
corrected,240-R-mPFC-S1-NE_2023_01_11,33,0,Liberal,0.995287,1.90193e-06,0.00471139,0.915138,1,0.125169,0.25
corrected,240-R-mPFC-S1-NE_2023_01_11,34,0,Liberal,0.993869,1.20101e-05,0.0061185,0.981819,1,0.249778,0.5
corrected,240-R-mPFC-S1-NE_2023_01_11,35,0,Liberal,0.991542,1.03358e-06,0.00845734,0.800962,1,-1.58267,0.1
corrected,240-R-mPFC-S1-NE_2023_01_11,36,0,Liberal,0.989634,5.24024e-05,0.0103136,0.800323,1,1.08688,0.1
corrected,240-R-mPFC-S1-NE_2023_01_11,37,0,Liberal,0.985667,0.000921525,0.0134116,0.708029,0,0.886143,0.025
corrected,240-R-mPFC-S1-NE_2023_01_11,38,0,Liberal,0.984511,0.0016127,0.0138766,0.739498,0,1.56348,0.05
corrected,240-R-mPFC-S1-NE_2023_01_11,39,0,Liberal,0.984211,0.00194494,0.0138445,0.707074,0,1.53693,0.025
corrected,240-R-mPFC-S1-NE_2023_01_11,40,0,Liberal,0.98429,0.00193262,0.0137771,0.707121,0,1.0693,0.025
corrected,240-R-mPFC-S1-NE_2023_01_11,41,0,Liberal,0.984903,0.00160262,0.0134944,0.673484,0,0.850124,0
corrected,240-R-mPFC-S1-NE_2023_01_11,42,0,Liberal,0.986843,0.000473752,0.0126836,0.999019,1,0.387682,1
corrected,240-R-mPFC-S1-NE_2023_01_11,43,0,Liberal,0.988704,0.000303471,0.0109929,0.999106,1,1.75754,1
corrected,240-R-mPFC-S1-NE_2023_01_11,44,0,Liberal,0.990161,7.93728e-05,0.00975999,0.71073,1,0.90204,0.025
corrected,240-R-mPFC-S1-NE_2023_01_11,45,0,Liberal,0.990311,7.30472e-05,0.00961576,0.800532,0,0.33727,0.1
corrected,240-R-mPFC-S1-NE_2023_01_11,46,0,Liberal,0.991133,2.56373e-05,0.00884123,0.800819,1,1.9086,0.1
corrected,240-R-mPFC-S1-NE_2023_01_11,47,0,Liberal,0.991467,6.0159e-05,0.0084727,0.981821,1,1.05259,0.5
corrected,240-R-mPFC-S1-NE_2023_01_11,48,0,Liberal,0.99171,0.000195733,0.00809451,0.743561,0,0.157833,0.05
corrected,240-R-mPFC-S1-NE_2023_01_11,49,0,Liberal,0.992779,0.000306989,0.00691423,0.999101,1,0.850698,1
corrected,240-R-mPFC-S1-NE_2023_01_11,50,0,Liberal,0.993771,0.000502287,0.00572641,0.801459,0,0.649003,0.1
corrected,240-R-mPFC-S1-NE_2023_01_11,51,0,Liberal,0.996321,3.77304e-05,0.00364081,0.802489,1,0.0120802,0.1
corrected,240-R-mPFC-S1-NE_2023_01_11,52,0,Liberal,0.997333,3.68898e-06,0.00266316,0.802831,1,-0.905735,0.1
corrected,240-R-mPFC-S1-NE_2023_01_11,53,0,Liberal,0.997871,2.52635e-06,0.00212624,0.981755,1,-1.21534,0.5
corrected,240-R-mPFC-S1-NE_2023_01_11,54,0,Liberal,0.9985,3.96888e-06,0.00149558,0.981742,1,-0.740927,0.5
corrected,240-R-mPFC-S1-NE_2023_01_11,55,0,Liberal,0.999075,2.92535e-06,0.000922308,0.981732,1,-1.1499,0.5
corrected,240-R-mPFC-S1-NE_2023_01_11,56,0,Liberal,0.999637,8.25807e-07,0.000361871,0.716244,1,-1.30755,0.025
corrected,240-R-mPFC-S1-NE_2023_01_11,57,0,Liberal,0.999743,5.85393e-07,0.000255922,0.981722,1,-1.23031,0.5
corrected,240-R-mPFC-S1-NE_2023_01_11,58,0,Liberal,0.999851,8.11466e-08,0.000148534,0.803645,1,-1.33421,0.1
corrected,240-R-mPFC-S1-NE_2023_01_11,59,0,Liberal,0.99996,3.24709e-07,3.91942e-05,0.747948,1,0.502829,0.05
corrected,240-R-mPFC-S1-NE_2023_01_11,60,0,Liberal,0.999982,7.41785e-08,1.8003e-05,0.747959,1,-0.850157,0.05
corrected,240-R-mPFC-S1-NE_2023_01_11,61,0,Liberal,0.999985,2.90103e-08,1.53478e-05,0.716446,1,-1.57364,0.025
corrected,240-R-mPFC-S1-NE_2023_01_11,62,0,Liberal,0.999973,1.89691e-07,2.64695e-05,0.999254,1,-1.10562,1
corrected,240-R-mPFC-S1-NE_2023_01_11,63,0,Liberal,0.999968,1.12411e-07,3.20064e-05,0.981719,1,-0.43069,0.5
corrected,240-R-mPFC-S1-NE_2023_01_11,64,0,Liberal,0.999964,4.52816e-08,3.54892e-05,0.914882,1,-0.679768,0.25
corrected,240-R-mPFC-S1-NE_2023_01_11,65,0,Liberal,0.999964,3.62271e-08,3.55324e-05,0.803682,1,-0.731636,0.1
corrected,240-R-mPFC-S1-NE_2023_01_11,66,0,Liberal,0.999959,4.37723e-08,4.09537e-05,0.80368,1,-0.895216,0.1
corrected,240-R-mPFC-S1-NE_2023_01_11,67,0,Liberal,0.99995,6.67507e-07,4.92868e-05,0.999254,1,-0.315002,1
corrected,240-R-mPFC-S1-NE_2023_01_11,68,0,Liberal,0.999952,6.87039e-06,4.10595e-05,0.803675,0,2.1356,0.1
corrected,240-R-mPFC-S1-NE_2023_01_11,69,0,Liberal,0.99998,9.73879e-07,1.92444e-05,0.914881,1,1.2712,0.25
corrected,240-R-mPFC-S1-NE_2023_01_11,70,0,Liberal,0.999998,9.09572e-08,2.26791e-06,0.68267,1,-0.189592,0
corrected,240-R-mPFC-S1-NE_2023_01_11,71,0,Liberal,0.999999,1.82244e-08,8.64307e-07,0.716454,1,-0.874949,0.025
corrected,240-R-mPFC-S1-NE_2023_01_11,72,0,Liberal,0.999999,1.42184e-08,8.82526e-07,0.716454,1,-0.902134,0.025
corrected,240-R-mPFC-S1-NE_2023_01_11,73,0,Liberal,0.999998,1.52715e-08,2.28521e-06,0.68267,1,-0.825848,0
corrected,240-R-mPFC-S1-NE_2023_01_11,74,0,Liberal,0.999986,1.325e-08,1.43785e-05,0.747961,1,-0.422452,0.05
corrected,240-R-mPFC-S1-NE_2023_01_11,75,0,Liberal,0.99996,5.27798e-08,4.00243e-05,0.80368,1,1.13491,0.1
corrected,240-R-mPFC-S1-NE_2023_01_11,76,0,Liberal,0.999917,2.45718e-07,8.3064e-05,0.914885,1,1.13832,0.25
corrected,240-R-mPFC-S1-NE_2023_01_11,77,0,Liberal,0.999865,1.47242e-06,0.00013379,0.999254,1,0.252047,1
corrected,240-R-mPFC-S1-NE_2023_01_11,78,0,Liberal,0.999809,2.09951e-06,0.000188524,0.803631,1,-0.109232,0.1
corrected,240-R-mPFC-S1-NE_2023_01_11,79,0,Liberal,0.999672,1.93828e-05,0.000308325,0.682473,0,-1.09593,0
corrected,240-R-mPFC-S1-NE_2023_01_11,80,0,Liberal,0.999642,2.94669e-05,0.000328323,0.716243,0,-0.711407,0.025
corrected,240-R-mPFC-S1-NE_2023_01_11,81,0,Liberal,0.99967,2.64493e-05,0.000303101,0.71626,0,-1.0761,0.025
corrected,240-R-mPFC-S1-NE_2023_01_11,82,0,Liberal,0.999795,5.0072e-07,0.000204538,0.747861,1,-1.37027,0.05
corrected,240-R-mPFC-S1-NE_2023_01_11,83,0,Liberal,0.999844,4.01111e-07,0.000155327,0.914889,1,0.558286,0.25
corrected,240-R-mPFC-S1-NE_2023_01_11,84,0,Liberal,0.999879,3.25048e-07,0.000121105,0.98172,1,-0.870239,0.5
corrected,240-R-mPFC-S1-NE_2023_01_11,85,0,Liberal,0.999911,1.29094e-07,8.89393e-05,0.682618,1,-1.33944,0
corrected,240-R-mPFC-S1-NE_2023_01_11,86,0,Liberal,0.99989,4.76188e-07,0.000109198,0.999254,1,-1.00836,1
corrected,240-R-mPFC-S1-NE_2023_01_11,87,0,Liberal,0.999877,7.33274e-07,0.000122232,0.98172,1,-0.48524,0.5
corrected,240-R-mPFC-S1-NE_2023_01_11,88,0,Liberal,0.99986,2.97789e-06,0.000136527,0.716373,0,-1.14794,0.025
corrected,240-R-mPFC-S1-NE_2023_01_11,89,0,Liberal,0.999881,5.06484e-07,0.000118342,0.98172,1,-1.3538,0.5
corrected,240-R-mPFC-S1-NE_2023_01_11,90,0,Liberal,0.999906,6.3512e-07,9.32275e-05,0.999254,1,-1.07297,1
corrected,240-R-mPFC-S1-NE_2023_01_11,91,0,Liberal,0.999939,1.46348e-07,6.10116e-05,0.914884,1,-0.627238,0.25
corrected,240-R-mPFC-S1-NE_2023_01_11,92,0,Liberal,0.999973,7.40351e-08,2.68456e-05,0.747955,1,-0.912786,0.05
corrected,240-R-mPFC-S1-NE_2023_01_11,93,0,Liberal,0.999981,8.08247e-08,1.88324e-05,0.981718,1,-1.09131,0.5
corrected,240-R-mPFC-S1-NE_2023_01_11,94,0,Liberal,0.999994,4.48903e-08,6.23107e-06,0.682668,1,-0.721689,0
corrected,240-R-mPFC-S1-NE_2023_01_11,95,0,Liberal,0.99999,1.24566e-08,9.68994e-06,0.914881,1,-1.4111,0.25
corrected,240-R-mPFC-S1-NE_2023_01_11,96,0,Liberal,0.999994,4.02573e-08,6.29075e-06,0.747965,1,0.314531,0.05
corrected,240-R-mPFC-S1-NE_2023_01_11,97,0,Liberal,0.99999,4.24202e-08,9.83285e-06,0.716449,1,-0.630781,0.025
corrected,240-R-mPFC-S1-NE_2023_01_11,98,0,Liberal,0.999966,3.83341e-07,3.40812e-05,0.999254,1,-0.634053,1
corrected,240-R-mPFC-S1-NE_2023_01_11,99,0,Liberal,0.999953,1.90579e-06,4.5234e-05,0.747944,0,1.00035,0.05
corrected,240-R-mPFC-S1-NE_2023_01_11,100,0,Liberal,0.999967,5.72991e-07,3.23346e-05,0.914882,1,1.66383,0.25
corrected,240-R-mPFC-S1-NE_2023_01_11,101,0,Liberal,0.999974,1.96073e-07,2.61645e-05,0.682656,1,-0.56579,0
corrected,240-R-mPFC-S1-NE_2023_01_11,102,0,Liberal,0.999957,6.00517e-06,3.73483e-05,0.803677,0,1.59934,0.1
corrected,240-R-mPFC-S1-NE_2023_01_11,103,0,Liberal,0.99996,2.10861e-07,3.95072e-05,0.914882,1,0.0373499,0.25
corrected,240-R-mPFC-S1-NE_2023_01_11,104,0,Liberal,0.999968,8.54178e-08,3.17133e-05,0.914882,1,1.29794,0.25
corrected,240-R-mPFC-S1-NE_2023_01_11,105,0,Liberal,0.999983,1.2302e-06,1.62333e-05,0.999254,1,2.25321,1
corrected,240-R-mPFC-S1-NE_2023_01_11,106,0,Liberal,0.999993,9.85879e-08,6.87933e-06,0.71645,1,0.420766,0.025
corrected,240-R-mPFC-S1-NE_2023_01_11,107,0,Liberal,0.999992,5.95162e-08,8.35394e-06,0.914881,1,0.107687,0.25
corrected,240-R-mPFC-S1-NE_2023_01_11,108,0,Liberal,0.999993,2.78831e-07,7.21619e-06,0.999254,1,-0.22653,1
corrected,240-R-mPFC-S1-NE_2023_01_11,109,0,Liberal,0.999996,3.39285e-08,3.9997e-06,0.716452,1,-0.577487,0.025
corrected,240-R-mPFC-S1-NE_2023_01_11,110,0,Liberal,0.999993,3.43138e-08,7.06125e-06,0.747965,1,-0.701778,0.05
corrected,240-R-mPFC-S1-NE_2023_01_11,111,0,Liberal,0.999986,1.84669e-06,1.22922e-05,0.682663,0,1.25954,0
corrected,240-R-mPFC-S1-NE_2023_01_11,112,0,Liberal,0.999992,1.86243e-07,7.39104e-06,0.71645,1,0.67465,0.025
corrected,240-R-mPFC-S1-NE_2023_01_11,113,0,Liberal,0.999986,7.94143e-08,1.42941e-05,0.716446,1,-0.285629,0.025
corrected,240-R-mPFC-S1-NE_2023_01_11,114,0,Liberal,0.999941,5.11507e-07,5.80669e-05,0.999254,1,-0.546036,1
corrected,240-R-mPFC-S1-NE_2023_01_11,115,0,Liberal,0.999896,6.57797e-08,0.00010379,0.747914,1,-0.871768,0.05
corrected,240-R-mPFC-S1-NE_2023_01_11,116,0,Liberal,0.999782,1.7444e-07,0.00021744,0.747854,1,0.295207,0.05
corrected,240-R-mPFC-S1-NE_2023_01_11,117,0,Liberal,0.99948,2.92196e-06,0.000517337,0.981725,1,1.33094,0.5
corrected,240-R-mPFC-S1-NE_2023_01_11,118,0,Liberal,0.998989,3.06127e-06,0.00100787,0.747435,1,-0.43617,0.05
corrected,240-R-mPFC-S1-NE_2023_01_11,119,0,Liberal,0.996824,1.44016e-05,0.00316114,0.746292,1,-1.35875,0.05
corrected,240-R-mPFC-S1-NE_2023_01_12,1,0,Liberal,0.996446,4.59904e-05,0.0035078,0.999233,1,0.381111,1
corrected,240-R-mPFC-S1-NE_2023_01_12,2,0,Liberal,0.997193,1.60919e-05,0.00279065,0.981755,1,0.52028,0.5
corrected,240-R-mPFC-S1-NE_2023_01_12,3,0,Liberal,0.99774,4.14785e-06,0.00225598,0.981756,1,-0.554847,0.5
corrected,240-R-mPFC-S1-NE_2023_01_12,4,0,Liberal,0.998361,5.76322e-06,0.00163359,0.715502,1,-0.107148,0.025
corrected,240-R-mPFC-S1-NE_2023_01_12,5,0,Liberal,0.998447,1.99491e-05,0.00153288,0.71555,0,-0.427435,0.025
corrected,240-R-mPFC-S1-NE_2023_01_12,6,0,Liberal,0.99879,4.80391e-06,0.00120515,0.981736,1,-0.37634,0.5
corrected,240-R-mPFC-S1-NE_2023_01_12,7,0,Liberal,0.999102,2.28035e-06,0.000896072,0.981733,1,-0.682548,0.5
corrected,240-R-mPFC-S1-NE_2023_01_12,8,0,Liberal,0.999393,6.1521e-07,0.000606884,0.914913,1,-0.997066,0.25
corrected,240-R-mPFC-S1-NE_2023_01_12,9,0,Liberal,0.999737,3.90735e-07,0.000262612,0.74783,1,-0.619062,0.05
corrected,240-R-mPFC-S1-NE_2023_01_12,10,0,Liberal,0.999857,4.46601e-07,0.000142798,0.914888,1,0.0139192,0.25
corrected,240-R-mPFC-S1-NE_2023_01_12,11,0,Liberal,0.999959,1.46308e-07,4.11416e-05,0.682647,1,-0.823989,0
corrected,240-R-mPFC-S1-NE_2023_01_12,12,0,Liberal,0.999969,6.28783e-08,3.14101e-05,0.682652,1,-0.604358,0
corrected,240-R-mPFC-S1-NE_2023_01_12,13,0,Liberal,0.999951,7.34659e-07,4.81263e-05,0.999254,1,0.386855,1
corrected,240-R-mPFC-S1-NE_2023_01_12,14,0,Liberal,0.99993,3.26551e-07,6.99217e-05,0.914884,1,-0.659279,0.25
corrected,240-R-mPFC-S1-NE_2023_01_12,15,0,Liberal,0.99991,2.9042e-06,8.66984e-05,0.682617,0,-0.731928,0
corrected,240-R-mPFC-S1-NE_2023_01_12,16,0,Liberal,0.999922,1.9809e-06,7.5874e-05,0.999254,1,-0.680188,1
corrected,240-R-mPFC-S1-NE_2023_01_12,17,0,Liberal,0.999934,1.19768e-06,6.45436e-05,0.999254,1,-1.03479,1
corrected,240-R-mPFC-S1-NE_2023_01_12,18,0,Liberal,0.99995,7.16223e-07,4.97342e-05,0.999254,1,-0.950402,1
corrected,240-R-mPFC-S1-NE_2023_01_12,19,0,Liberal,0.999969,7.16224e-08,3.07594e-05,0.803683,1,-0.727001,0.1
corrected,240-R-mPFC-S1-NE_2023_01_12,20,0,Liberal,0.999981,6.26544e-08,1.85719e-05,0.803687,1,-0.586164,0.1
corrected,240-R-mPFC-S1-NE_2023_01_12,21,0,Liberal,0.999988,2.88933e-07,1.21028e-05,0.999254,1,-0.991716,1
corrected,240-R-mPFC-S1-NE_2023_01_12,22,0,Liberal,0.999997,3.70438e-08,2.98772e-06,0.68267,1,-1.01941,0
corrected,240-R-mPFC-S1-NE_2023_01_12,23,0,Liberal,0.999996,2.31949e-08,3.90252e-06,0.803692,1,-1.24684,0.1
corrected,240-R-mPFC-S1-NE_2023_01_12,24,0,Liberal,0.999996,1.86164e-07,4.29485e-06,0.999254,1,-1.16971,1
corrected,240-R-mPFC-S1-NE_2023_01_12,25,0,Liberal,0.999998,2.06404e-08,2.04581e-06,0.716453,1,-1.2977,0.025
corrected,240-R-mPFC-S1-NE_2023_01_12,26,0,Liberal,0.999997,2.19523e-08,3.07264e-06,0.914881,1,-1.08373,0.25
corrected,240-R-mPFC-S1-NE_2023_01_12,27,0,Liberal,0.999999,1.93006e-08,8.00144e-07,0.682671,1,-0.90164,0
corrected,240-R-mPFC-S1-NE_2023_01_12,28,0,Liberal,0.999998,1.43471e-08,1.73564e-06,0.747968,1,-1.34402,0.05
corrected,240-R-mPFC-S1-NE_2023_01_12,29,0,Liberal,0.999996,2.14522e-08,4.20309e-06,0.914881,1,-1.25752,0.25
corrected,240-R-mPFC-S1-NE_2023_01_12,30,0,Liberal,0.999997,1.13981e-08,3.38074e-06,0.747967,1,-1.14308,0.05
corrected,240-R-mPFC-S1-NE_2023_01_12,31,0,Liberal,0.999996,2.60108e-08,4.02589e-06,0.914881,1,-0.155863,0.25
corrected,240-R-mPFC-S1-NE_2023_01_12,32,0,Liberal,0.999999,2.74023e-08,1.45996e-06,0.747968,1,-0.0569348,0.05
corrected,240-R-mPFC-S1-NE_2023_01_12,33,0,Liberal,0.999999,1.98011e-08,9.37571e-07,0.682671,1,-0.805164,0
corrected,240-R-mPFC-S1-NE_2023_01_12,34,0,Liberal,0.999996,2.38093e-07,3.2776e-06,0.999254,1,-0.400599,1
corrected,240-R-mPFC-S1-NE_2023_01_12,35,0,Liberal,0.999996,2.39596e-08,3.64081e-06,0.747967,1,-1.05655,0.05
corrected,240-R-mPFC-S1-NE_2023_01_12,36,0,Liberal,0.999993,2.64336e-08,7.09896e-06,0.803691,1,-0.864432,0.1
corrected,240-R-mPFC-S1-NE_2023_01_12,37,0,Liberal,0.99999,5.8068e-07,9.43684e-06,0.999254,1,0.0511939,1
corrected,240-R-mPFC-S1-NE_2023_01_12,38,0,Liberal,0.999987,4.03261e-07,1.21033e-05,0.999254,1,-1.35272,1
corrected,240-R-mPFC-S1-NE_2023_01_12,39,0,Liberal,0.999988,2.11e-07,1.17889e-05,0.999254,1,-1.3194,1
corrected,240-R-mPFC-S1-NE_2023_01_12,40,0,Liberal,0.999994,3.8173e-08,6.14701e-06,0.803691,1,-0.300144,0.1
corrected,240-R-mPFC-S1-NE_2023_01_12,41,0,Liberal,0.999998,2.35032e-08,2.15376e-06,0.68267,1,-0.556651,0
corrected,240-R-mPFC-S1-NE_2023_01_12,42,0,Liberal,0.999995,5.87243e-08,4.54661e-06,0.981718,1,-0.612679,0.5
corrected,240-R-mPFC-S1-NE_2023_01_12,43,0,Liberal,0.999996,1.66306e-08,4.35425e-06,0.803692,1,-0.838383,0.1
corrected,240-R-mPFC-S1-NE_2023_01_12,44,0,Liberal,0.999997,2.59567e-08,3.22722e-06,0.747967,1,-0.340662,0.05
corrected,240-R-mPFC-S1-NE_2023_01_12,45,0,Liberal,0.999994,2.73028e-08,5.80029e-06,0.914881,1,-0.959826,0.25
corrected,240-R-mPFC-S1-NE_2023_01_12,46,0,Liberal,0.999995,2.63874e-08,5.40171e-06,0.914881,1,-1.08647,0.25
corrected,240-R-mPFC-S1-NE_2023_01_12,47,0,Liberal,0.999998,1.23004e-08,1.79562e-06,0.716453,1,-1.06966,0.025
corrected,240-R-mPFC-S1-NE_2023_01_12,48,0,Liberal,0.999999,1.67879e-08,9.56082e-07,0.747968,1,-0.164801,0.05
corrected,240-R-mPFC-S1-NE_2023_01_12,49,0,Liberal,1,1.20587e-08,4.54553e-07,0.682671,1,-0.218926,0
corrected,240-R-mPFC-S1-NE_2023_01_12,50,0,Liberal,0.999999,9.01543e-09,9.89237e-07,0.747968,1,0.207136,0.05
corrected,240-R-mPFC-S1-NE_2023_01_12,51,0,Liberal,0.999999,3.99723e-08,9.44655e-07,0.803693,1,1.43617,0.1
corrected,240-R-mPFC-S1-NE_2023_01_12,52,0,Liberal,1,7.83038e-09,4.50839e-07,0.682671,1,-0.184874,0
corrected,240-R-mPFC-S1-NE_2023_01_12,53,0,Liberal,1,1.9392e-08,3.79553e-07,0.682671,1,1.2447,0
corrected,240-R-mPFC-S1-NE_2023_01_12,54,0,Liberal,0.999998,3.40036e-08,1.71249e-06,0.747968,1,0.882141,0.05
corrected,240-R-mPFC-S1-NE_2023_01_12,55,0,Liberal,0.999993,2.72099e-08,7.20478e-06,0.914881,1,-0.299664,0.25
corrected,240-R-mPFC-S1-NE_2023_01_12,56,0,Liberal,0.999991,5.77601e-08,9.03033e-06,0.981718,1,-0.0806903,0.5
corrected,240-R-mPFC-S1-NE_2023_01_12,57,0,Liberal,0.999992,3.46106e-08,7.49409e-06,0.914881,1,0.160895,0.25
corrected,240-R-mPFC-S1-NE_2023_01_12,58,0,Liberal,0.999997,2.82879e-08,2.69633e-06,0.747967,1,0.210153,0.05
corrected,240-R-mPFC-S1-NE_2023_01_12,59,0,Liberal,0.999998,8.01194e-09,1.70355e-06,0.716453,1,-0.221192,0.025
corrected,240-R-mPFC-S1-NE_2023_01_12,60,0,Liberal,0.999998,1.4173e-08,2.06872e-06,0.803693,1,1.35884,0.1
corrected,240-R-mPFC-S1-NE_2023_01_12,61,0,Liberal,0.999999,1.21406e-08,1.10044e-06,0.716454,1,1.89199,0.025
corrected,240-R-mPFC-S1-NE_2023_01_12,62,0,Liberal,0.999998,5.11444e-08,1.59573e-06,0.803693,1,2.79062,0.1
corrected,240-R-mPFC-S1-NE_2023_01_12,63,0,Liberal,0.999997,6.1573e-08,2.54938e-06,0.716453,1,1.11919,0.025
corrected,240-R-mPFC-S1-NE_2023_01_12,64,0,Liberal,0.999987,3.30328e-07,1.31033e-05,0.999254,1,0.0220206,1
corrected,240-R-mPFC-S1-NE_2023_01_12,65,0,Liberal,0.999977,7.98291e-08,2.28008e-05,0.682658,1,-0.467482,0
corrected,240-R-mPFC-S1-NE_2023_01_12,66,0,Liberal,0.999929,5.16178e-06,6.62791e-05,0.716412,0,2.42882,0.025
corrected,240-R-mPFC-S1-NE_2023_01_12,67,0,Liberal,0.999915,8.15434e-07,8.45919e-05,0.914884,1,1.07969,0.25
corrected,240-R-mPFC-S1-NE_2023_01_12,68,0,Liberal,0.999892,1.59811e-07,0.000108339,0.716391,1,-0.267134,0.025
corrected,240-R-mPFC-S1-NE_2023_01_12,69,0,Liberal,0.999757,6.53189e-08,0.000243284,0.803615,1,-0.0230841,0.1
corrected,240-R-mPFC-S1-NE_2023_01_12,70,0,Liberal,0.999603,6.46556e-07,0.000396255,0.981725,1,1.4543,0.5
corrected,240-R-mPFC-S1-NE_2023_01_12,71,0,Liberal,0.999417,2.0019e-07,0.000583034,0.914912,1,0.760318,0.25
corrected,240-R-mPFC-S1-NE_2023_01_12,72,0,Liberal,0.999303,6.20652e-06,0.000691245,0.981725,1,2.63251,0.5
corrected,240-R-mPFC-S1-NE_2023_01_12,73,0,Liberal,0.99912,2.02497e-05,0.000860203,0.747501,0,1.18382,0.05
corrected,240-R-mPFC-S1-NE_2023_01_12,74,0,Liberal,0.999073,1.16899e-05,0.000915316,0.999249,1,0.670725,1
corrected,240-R-mPFC-S1-NE_2023_01_12,75,0,Liberal,0.999011,1.8581e-06,0.000987259,0.747447,1,-0.00786351,0.05
corrected,240-R-mPFC-S1-NE_2023_01_12,76,0,Liberal,0.99885,2.29279e-05,0.00112733,0.715784,0,2.15767,0.025
corrected,240-R-mPFC-S1-NE_2023_01_12,77,0,Liberal,0.998791,3.32594e-06,0.00120535,0.715752,1,0.53361,0.025
corrected,240-R-mPFC-S1-NE_2023_01_12,78,0,Liberal,0.998392,1.65762e-06,0.00160662,0.914967,1,0.90751,0.25
corrected,240-R-mPFC-S1-NE_2023_01_12,79,0,Liberal,0.997914,4.92217e-06,0.00208083,0.999254,1,0.129299,1
corrected,240-R-mPFC-S1-NE_2023_01_12,80,0,Liberal,0.997428,9.66413e-07,0.00257073,0.981764,1,0.0689634,0.5
corrected,240-R-mPFC-S1-NE_2023_01_12,81,0,Liberal,0.997058,7.77529e-07,0.00294078,0.802743,1,1.02181,0.1
corrected,240-R-mPFC-S1-NE_2023_01_12,82,0,Liberal,0.996417,1.04704e-06,0.00358242,0.915077,1,1.05873,0.25
corrected,240-R-mPFC-S1-NE_2023_01_12,83,0,Liberal,0.995775,1.98864e-06,0.00422346,0.915111,1,0.949811,0.25
corrected,240-R-mPFC-S1-NE_2023_01_12,84,0,Liberal,0.995142,1.74753e-05,0.00484016,0.999249,1,0.925042,1
corrected,240-R-mPFC-S1-NE_2023_01_12,85,0,Liberal,0.994282,1.79542e-06,0.00571646,0.744954,1,-0.162537,0.05
corrected,240-R-mPFC-S1-NE_2023_01_12,86,0,Liberal,0.992183,3.12582e-06,0.0078134,0.915308,1,1.1499,0.25
corrected,240-R-mPFC-S1-NE_2023_01_12,87,0,Liberal,0.989942,2.5548e-06,0.0100551,0.800445,1,0.804443,0.1
corrected,240-R-mPFC-S1-NE_2023_01_12,88,0,Liberal,0.986779,2.70055e-05,0.0131942,0.981935,1,1.61352,0.5
corrected,240-R-mPFC-S1-NE_2023_01_12,89,0,Liberal,0.983478,0.000177098,0.0163447,0.91563,1,1.68457,0.25
corrected,240-R-mPFC-S1-NE_2023_01_13,1,2,Engaged,0.00367727,0.00427549,0.992047,0.997781,1,-0.272247,1
corrected,240-R-mPFC-S1-NE_2023_01_13,2,2,Engaged,0.00171514,0.0040804,0.994204,0.220955,0,0.522898,0.05
corrected,240-R-mPFC-S1-NE_2023_01_13,3,2,Engaged,0.00110927,0.000565158,0.998326,0.969398,1,0.719501,0.25
corrected,240-R-mPFC-S1-NE_2023_01_13,4,2,Engaged,0.00070707,0.0102081,0.989085,0.134854,0,2.62529,0.025
corrected,240-R-mPFC-S1-NE_2023_01_13,5,2,Engaged,0.000522892,0.00635606,0.993121,0.996705,1,1.34746,1
corrected,240-R-mPFC-S1-NE_2023_01_13,6,2,Engaged,0.000349014,0.00692502,0.992726,0.96366,1,1.87408,0.25
corrected,240-R-mPFC-S1-NE_2023_01_13,7,2,Engaged,0.000121794,0.0417517,0.958127,0.212964,0,1.67578,0.05
corrected,240-R-mPFC-S1-NE_2023_01_13,8,2,Engaged,5.40801e-05,0.0843481,0.915598,0.443362,0,2.373,0.1
corrected,240-R-mPFC-S1-NE_2023_01_13,9,2,Engaged,2.835e-05,0.0870439,0.912928,0.126231,0,1.70614,0.025
corrected,240-R-mPFC-S1-NE_2023_01_13,10,2,Engaged,2.28799e-05,0.0916935,0.908284,0.952467,1,2.19175,1
corrected,240-R-mPFC-S1-NE_2023_01_13,11,2,Engaged,1.0982e-05,0.101694,0.898295,0.201527,0,1.75914,0.05
corrected,240-R-mPFC-S1-NE_2023_01_13,12,2,Engaged,6.78602e-06,0.083203,0.91679,0.0753484,0,0.7465,0
corrected,240-R-mPFC-S1-NE_2023_01_13,13,2,Engaged,5.88665e-06,0.0306406,0.969354,0.132258,0,-0.244779,0.025
corrected,240-R-mPFC-S1-NE_2023_01_13,14,2,Engaged,1.11872e-05,0.0235723,0.976416,0.979559,1,2.03543,0.5
corrected,240-R-mPFC-S1-NE_2023_01_13,15,2,Engaged,6.63481e-06,0.0130925,0.986901,0.0791147,0,-0.588885,0
corrected,240-R-mPFC-S1-NE_2023_01_13,16,2,Engaged,6.85587e-06,0.00234036,0.997653,0.967846,1,-0.412793,0.25
corrected,240-R-mPFC-S1-NE_2023_01_13,17,2,Engaged,3.46448e-06,0.00478414,0.995212,0.135026,0,-0.519516,0.025
corrected,240-R-mPFC-S1-NE_2023_01_13,18,2,Engaged,4.31734e-06,0.0102392,0.989756,0.0792666,0,0.697765,0
corrected,240-R-mPFC-S1-NE_2023_01_13,19,2,Engaged,7.23346e-06,0.00809513,0.991898,0.219292,0,0.00411405,0.05
corrected,240-R-mPFC-S1-NE_2023_01_13,20,2,Engaged,1.74422e-05,0.000429023,0.999554,0.969582,1,-0.186078,0.25
corrected,240-R-mPFC-S1-NE_2023_01_13,21,2,Engaged,2.60417e-05,0.000557835,0.999416,0.480557,1,0.459184,0.1
corrected,240-R-mPFC-S1-NE_2023_01_13,22,2,Engaged,2.39644e-05,0.00406793,0.995908,0.478997,0,0.220985,0.1
corrected,240-R-mPFC-S1-NE_2023_01_13,23,2,Engaged,3.1058e-05,0.000947976,0.999021,0.999098,1,0.0499162,0.5
corrected,240-R-mPFC-S1-NE_2023_01_13,24,2,Engaged,3.39894e-05,0.000676942,0.999289,0.999332,1,-0.149738,0.5
corrected,240-R-mPFC-S1-NE_2023_01_13,25,2,Engaged,3.00582e-05,0.000282075,0.999688,0.48068,1,-1.21346,0.1
corrected,240-R-mPFC-S1-NE_2023_01_13,26,2,Engaged,1.7359e-05,0.00345661,0.996526,0.135176,0,-0.66112,0.025
corrected,240-R-mPFC-S1-NE_2023_01_13,27,2,Engaged,1.54978e-05,0.00328286,0.996702,0.998298,1,-0.768461,1
corrected,240-R-mPFC-S1-NE_2023_01_13,28,2,Engaged,1.06984e-05,0.0042467,0.995743,0.478914,0,-0.740198,0.1
corrected,240-R-mPFC-S1-NE_2023_01_13,29,2,Engaged,1.23333e-05,0.00109017,0.998897,0.998975,1,-0.354302,0.5
corrected,240-R-mPFC-S1-NE_2023_01_13,30,2,Engaged,1.50352e-05,0.0113552,0.98863,0.994114,1,1.61315,1
corrected,240-R-mPFC-S1-NE_2023_01_13,31,2,Engaged,1.25282e-05,0.0201297,0.979858,0.0787402,0,0.857982,0
corrected,240-R-mPFC-S1-NE_2023_01_13,32,2,Engaged,1.39293e-05,0.0136768,0.986309,0.218236,0,-0.498768,0.05
corrected,240-R-mPFC-S1-NE_2023_01_13,33,2,Engaged,2.52363e-05,0.000799464,0.999175,0.969245,1,-0.722595,0.25
corrected,240-R-mPFC-S1-NE_2023_01_13,34,2,Engaged,3.20281e-05,0.000254147,0.999714,0.480693,1,-0.592195,0.1
corrected,240-R-mPFC-S1-NE_2023_01_13,35,2,Engaged,2.89369e-05,0.00128394,0.998687,0.999334,1,-0.519082,1
corrected,240-R-mPFC-S1-NE_2023_01_13,36,2,Engaged,2.12916e-05,0.000756833,0.999222,0.135468,0,-0.972432,0.025
corrected,240-R-mPFC-S1-NE_2023_01_13,37,2,Engaged,3.01045e-05,0.000224007,0.999746,0.969768,1,0.738725,0.25
corrected,240-R-mPFC-S1-NE_2023_01_13,38,2,Engaged,3.45401e-05,0.000213497,0.999752,0.969777,1,0.250719,0.25
corrected,240-R-mPFC-S1-NE_2023_01_13,39,2,Engaged,3.33018e-05,0.000112479,0.999854,0.969869,1,-0.644654,0.25
corrected,240-R-mPFC-S1-NE_2023_01_13,40,2,Engaged,3.00948e-05,0.000325484,0.999644,0.480661,1,-0.609508,0.1
corrected,240-R-mPFC-S1-NE_2023_01_13,41,2,Engaged,1.43359e-05,0.00247665,0.997509,0.0796897,0,-0.866725,0
corrected,240-R-mPFC-S1-NE_2023_01_13,42,2,Engaged,1.05302e-05,0.00261641,0.997373,0.0796799,0,-0.640595,0
corrected,240-R-mPFC-S1-NE_2023_01_13,43,2,Engaged,1.38938e-05,0.00147603,0.99851,0.999235,1,-0.133084,1
corrected,240-R-mPFC-S1-NE_2023_01_13,44,2,Engaged,1.44426e-05,0.000164973,0.999821,0.969822,1,-0.0444779,0.25
corrected,240-R-mPFC-S1-NE_2023_01_13,45,2,Engaged,1.33645e-05,0.00046416,0.999522,0.969551,1,0.339527,0.25
corrected,240-R-mPFC-S1-NE_2023_01_13,46,2,Engaged,8.45426e-06,0.00372828,0.996263,0.0796189,0,-0.151573,0
corrected,240-R-mPFC-S1-NE_2023_01_13,47,2,Engaged,9.25627e-06,0.00489704,0.995094,0.135017,0,0.0645658,0.025
corrected,240-R-mPFC-S1-NE_2023_01_13,48,2,Engaged,1.96662e-05,0.00661365,0.993367,0.996572,1,0.967378,1
corrected,240-R-mPFC-S1-NE_2023_01_13,49,2,Engaged,2.10729e-05,0.000771335,0.999208,0.48046,1,-0.939378,0.1
corrected,240-R-mPFC-S1-NE_2023_01_13,50,2,Engaged,1.46042e-05,0.00252262,0.997463,0.220354,0,-0.390493,0.05
corrected,240-R-mPFC-S1-NE_2023_01_13,51,2,Engaged,1.62803e-05,0.000349166,0.999635,0.969655,1,-0.528628,0.25
corrected,240-R-mPFC-S1-NE_2023_01_13,52,2,Engaged,1.62343e-05,0.00188873,0.998095,0.999021,1,-0.174537,1
corrected,240-R-mPFC-S1-NE_2023_01_13,53,2,Engaged,1.19858e-05,0.00198834,0.998,0.968165,1,-0.664646,0.25
corrected,240-R-mPFC-S1-NE_2023_01_13,54,2,Engaged,5.0745e-06,0.0295633,0.970432,0.467671,0,-0.234353,0.1
corrected,240-R-mPFC-S1-NE_2023_01_13,55,2,Engaged,2.16254e-06,0.0365219,0.963476,0.213893,0,-0.659107,0.05
corrected,240-R-mPFC-S1-NE_2023_01_13,56,2,Engaged,1.90596e-06,0.0542664,0.945732,0.210525,0,0.424477,0.05
corrected,240-R-mPFC-S1-NE_2023_01_13,57,2,Engaged,1.37608e-06,0.0437328,0.956266,0.212524,0,-1.16324,0.05
corrected,240-R-mPFC-S1-NE_2023_01_13,58,2,Engaged,1.42089e-06,0.0359834,0.964015,0.131683,0,-0.704433,0.025
corrected,240-R-mPFC-S1-NE_2023_01_13,59,2,Engaged,2.33172e-06,0.0342933,0.965704,0.131865,0,0.0539302,0.025
corrected,240-R-mPFC-S1-NE_2023_01_13,60,2,Engaged,4.48747e-06,0.0236162,0.976379,0.0785481,0,-0.411294,0
corrected,240-R-mPFC-S1-NE_2023_01_13,61,2,Engaged,1.00616e-05,0.00512201,0.994868,0.997345,1,-0.855756,1
corrected,240-R-mPFC-S1-NE_2023_01_13,62,2,Engaged,1.39731e-05,0.00338173,0.996604,0.479299,1,0.588839,0.1
corrected,240-R-mPFC-S1-NE_2023_01_13,63,2,Engaged,8.35543e-06,0.0133565,0.986635,0.0791016,0,0.214256,0
corrected,240-R-mPFC-S1-NE_2023_01_13,64,2,Engaged,5.26774e-06,0.00872475,0.99127,0.134605,0,-1.4663,0.025
corrected,240-R-mPFC-S1-NE_2023_01_13,65,2,Engaged,5.55959e-06,0.000771997,0.999222,0.99925,1,-1.75677,0.5
corrected,240-R-mPFC-S1-NE_2023_01_13,66,2,Engaged,5.91776e-06,0.00477557,0.995219,0.0795611,0,0.436898,0
corrected,240-R-mPFC-S1-NE_2023_01_13,67,2,Engaged,8.02714e-06,0.00036791,0.999624,0.969638,1,-0.839813,0.25
corrected,240-R-mPFC-S1-NE_2023_01_13,68,2,Engaged,8.29077e-06,0.00124198,0.99875,0.998844,1,-0.268978,0.5
corrected,240-R-mPFC-S1-NE_2023_01_13,69,2,Engaged,4.03997e-06,0.00425974,0.995736,0.0795877,0,-1.09667,0
corrected,240-R-mPFC-S1-NE_2023_01_13,70,2,Engaged,3.39117e-06,0.00632703,0.99367,0.0794762,0,-0.759052,0
corrected,240-R-mPFC-S1-NE_2023_01_13,71,2,Engaged,5.5878e-06,0.00831888,0.991676,0.0793706,0,-0.254041,0
corrected,240-R-mPFC-S1-NE_2023_01_13,72,2,Engaged,1.31218e-05,0.00807027,0.991917,0.995816,1,-0.150531,1
corrected,240-R-mPFC-S1-NE_2023_01_13,73,2,Engaged,1.7166e-05,0.0103129,0.98967,0.476222,0,-0.22639,0.1
corrected,240-R-mPFC-S1-NE_2023_01_13,74,2,Engaged,3.07453e-05,0.00163166,0.998338,0.480081,1,-0.748034,0.1
corrected,240-R-mPFC-S1-NE_2023_01_13,75,2,Engaged,3.38996e-05,0.00576597,0.9942,0.997011,1,-0.0424079,1
corrected,240-R-mPFC-S1-NE_2023_01_13,76,2,Engaged,3.13916e-05,0.00893445,0.991034,0.079353,0,-0.7483,0
corrected,240-R-mPFC-S1-NE_2023_01_13,77,2,Engaged,3.88693e-05,0.00602119,0.99394,0.0795141,0,-1.50378,0
corrected,240-R-mPFC-S1-NE_2023_01_13,78,2,Engaged,6.95851e-05,0.00204544,0.997885,0.220473,1,-1.38979,0.05
corrected,240-R-mPFC-S1-NE_2023_01_13,79,2,Engaged,8.57229e-05,0.233879,0.766035,0.75739,0,4.13409,0.25
corrected,240-R-mPFC-S1-NE_2023_01_13,80,2,Engaged,8.36501e-05,0.162147,0.83777,0.822589,1,3.64463,0.25
corrected,240-R-mPFC-S1-NE_2023_01_13,81,2,Engaged,4.62086e-05,0.130042,0.869911,0.196164,0,1.15995,0.05
corrected,240-R-mPFC-S1-NE_2023_01_13,82,2,Engaged,3.74809e-05,0.0689544,0.931008,0.0761324,0,0.792402,0
corrected,240-R-mPFC-S1-NE_2023_01_13,83,2,Engaged,4.70023e-05,0.021639,0.978314,0.950302,1,1.22457,0.25
corrected,240-R-mPFC-S1-NE_2023_01_13,84,2,Engaged,4.63292e-05,0.0327763,0.967177,0.132053,0,1.68583,0.025
corrected,240-R-mPFC-S1-NE_2023_01_13,85,2,Engaged,5.82086e-05,0.0214848,0.978457,0.078695,0,0.178812,0
corrected,240-R-mPFC-S1-NE_2023_01_13,86,2,Engaged,0.000101886,0.00411135,0.995787,0.996364,1,-0.0513435,0.5
corrected,240-R-mPFC-S1-NE_2023_01_13,87,2,Engaged,0.000161468,0.0199862,0.979852,0.0788378,0,2.50742,0
corrected,240-R-mPFC-S1-NE_2023_01_13,88,2,Engaged,0.000267289,0.000768341,0.998964,0.96926,1,-0.39385,0.25
corrected,240-R-mPFC-S1-NE_2023_01_13,89,2,Engaged,0.000363407,0.000265621,0.999371,0.480795,1,0.33542,0.1
corrected,240-R-mPFC-S1-NE_2023_01_13,90,2,Engaged,0.000404527,0.000381799,0.999214,0.99958,1,-0.0549311,0.5
corrected,240-R-mPFC-S1-NE_2023_01_13,91,2,Engaged,0.000442795,0.00120213,0.998355,0.999377,1,-0.0819183,1
corrected,240-R-mPFC-S1-NE_2023_01_13,92,2,Engaged,0.000470009,0.000108856,0.999421,0.969848,1,-0.606836,0.25
corrected,240-R-mPFC-S1-NE_2023_01_13,93,2,Engaged,0.000504796,6.12315e-05,0.999434,0.96989,1,-0.116321,0.25
corrected,240-R-mPFC-S1-NE_2023_01_13,94,2,Engaged,0.000554695,0.000260999,0.999184,0.480859,1,0.691072,0.1
corrected,240-R-mPFC-S1-NE_2023_01_13,95,2,Engaged,0.000563474,0.00139732,0.998039,0.999275,1,0.458774,1
corrected,240-R-mPFC-S1-NE_2023_01_13,96,2,Engaged,0.000562366,0.000738655,0.998699,0.480649,1,0.0172342,0.1
corrected,240-R-mPFC-S1-NE_2023_01_13,97,2,Engaged,0.000507088,0.00190458,0.997588,0.999012,1,-0.938076,1
corrected,240-R-mPFC-S1-NE_2023_01_13,98,2,Engaged,0.000455983,0.00466553,0.994878,0.0798383,0,-0.570423,0
corrected,240-R-mPFC-S1-NE_2023_01_13,99,2,Engaged,0.000461235,0.00384233,0.995696,0.220339,0,-0.803398,0.05
corrected,240-R-mPFC-S1-NE_2023_01_13,100,2,Engaged,0.000598292,0.00747083,0.991931,0.135084,0,1.16643,0.025
corrected,240-R-mPFC-S1-NE_2023_01_13,101,2,Engaged,0.000939654,0.000801232,0.998259,0.969193,1,0.00823619,0.25
corrected,240-R-mPFC-S1-NE_2023_01_13,102,2,Engaged,0.00120545,0.000120646,0.998674,0.481132,1,-0.603583,0.1
corrected,240-R-mPFC-S1-NE_2023_01_13,103,2,Engaged,0.00138274,0.000336354,0.998281,0.999601,1,0.00243498,0.5
corrected,240-R-mPFC-S1-NE_2023_01_13,104,2,Engaged,0.00153066,0.000115884,0.998353,0.481239,1,-0.565675,0.1
corrected,240-R-mPFC-S1-NE_2023_01_13,105,2,Engaged,0.00161132,0.000235288,0.998153,0.481212,1,-0.263329,0.1
corrected,240-R-mPFC-S1-NE_2023_01_13,106,2,Engaged,0.0016153,0.000521511,0.997863,0.999728,1,-0.907284,1
corrected,240-R-mPFC-S1-NE_2023_01_13,107,2,Engaged,0.00163255,0.000247816,0.99812,0.999673,1,-0.315718,0.5
corrected,240-R-mPFC-S1-NE_2023_01_13,108,2,Engaged,0.00165045,0.000126233,0.998223,0.481273,1,-0.217665,0.1
corrected,240-R-mPFC-S1-NE_2023_01_13,109,2,Engaged,0.00161894,0.00025719,0.998124,0.481204,1,-0.0394555,0.1
corrected,240-R-mPFC-S1-NE_2023_01_13,110,2,Engaged,0.00150921,0.00111633,0.997374,0.080664,0,-0.422458,0
corrected,240-R-mPFC-S1-NE_2023_01_13,111,2,Engaged,0.0015307,0.000362254,0.998107,0.96956,1,0.265684,0.25
corrected,240-R-mPFC-S1-NE_2023_01_13,112,2,Engaged,0.00152546,0.000214681,0.99826,0.221588,1,-0.795471,0.05
corrected,240-R-mPFC-S1-NE_2023_01_13,113,2,Engaged,0.00138985,0.000600777,0.998009,0.221444,1,-0.301424,0.05
corrected,240-R-mPFC-S1-NE_2023_01_13,114,2,Engaged,0.00083491,0.00232696,0.996838,0.998793,1,-0.573245,1
corrected,240-R-mPFC-S1-NE_2023_01_13,115,2,Engaged,0.000329056,0.00661362,0.993057,0.135019,0,-0.144322,0.025
corrected,240-R-mPFC-S1-NE_2023_01_13,116,2,Engaged,0.000130547,0.00424905,0.99562,0.220087,0,-0.866669,0.05
corrected,240-R-mPFC-S1-NE_2023_01_13,117,2,Engaged,8.06864e-05,0.00170923,0.99821,0.998439,1,-0.0762013,0.5
corrected,240-R-mPFC-S1-NE_2023_01_13,118,2,Engaged,3.57948e-05,0.00728367,0.992681,0.0794444,0,0.596064,0
corrected,240-R-mPFC-S1-NE_2023_01_13,119,2,Engaged,2.62277e-05,0.0217311,0.978243,0.0786625,0,2.00218,0
corrected,240-R-mPFC-S1-NE_2023_01_13,120,2,Engaged,2.00842e-05,0.00273318,0.997247,0.967488,1,-0.761811,0.25
corrected,240-R-mPFC-S1-NE_2023_01_13,121,2,Engaged,1.06808e-05,0.00432404,0.995665,0.135079,0,-0.626949,0.025
corrected,240-R-mPFC-S1-NE_2023_01_13,122,2,Engaged,9.95815e-06,0.00418286,0.995807,0.997832,1,-0.289972,1
corrected,240-R-mPFC-S1-NE_2023_01_13,123,2,Engaged,5.65149e-06,0.00432472,0.99567,0.135076,0,-0.540676,0.025
corrected,240-R-mPFC-S1-NE_2023_01_13,124,2,Engaged,6.6569e-06,0.00398961,0.996004,0.0796038,0,0.133944,0
corrected,240-R-mPFC-S1-NE_2023_01_13,125,2,Engaged,1.2661e-05,0.00072082,0.999267,0.969317,1,0.167049,0.25
corrected,240-R-mPFC-S1-NE_2023_01_13,126,2,Engaged,1.39772e-05,0.000944194,0.999042,0.999101,1,-0.521773,0.5
corrected,240-R-mPFC-S1-NE_2023_01_13,127,2,Engaged,1.3216e-05,0.00693688,0.99305,0.0794494,0,-0.158685,0
corrected,240-R-mPFC-S1-NE_2023_01_13,128,2,Engaged,1.85783e-05,0.0075201,0.992461,0.134742,0,-0.644343,0.025
corrected,240-R-mPFC-S1-NE_2023_01_13,129,2,Engaged,3.49377e-05,0.000555403,0.99941,0.480561,1,-1.57098,0.1
corrected,240-R-mPFC-S1-NE_2023_01_13,130,2,Engaged,3.75002e-05,0.000184938,0.999778,0.999756,1,-1.62167,0.5
corrected,240-R-mPFC-S1-NE_2023_01_13,131,2,Engaged,3.86336e-05,9.36808e-05,0.999868,0.999835,1,-1.34091,0.5
corrected,240-R-mPFC-S1-NE_2023_01_13,132,2,Engaged,4.36938e-05,0.000818537,0.999138,0.969227,1,0.214812,0.25
corrected,240-R-mPFC-S1-NE_2023_01_13,133,2,Engaged,4.39296e-05,0.00804712,0.991909,0.962657,1,-0.322111,0.25
corrected,240-R-mPFC-S1-NE_2023_01_13,134,1,Conservative,2.92503e-05,0.503952,0.496018,0.511916,0,1.47175,0.25
corrected,240-R-mPFC-S1-NE_2023_01_13,135,2,Engaged,1.74068e-05,0.423138,0.576845,0.0570933,0,-0.152148,0
corrected,240-R-mPFC-S1-NE_2023_01_13,136,2,Engaged,1.60746e-05,0.261384,0.7386,0.065782,0,-1.12404,0
corrected,240-R-mPFC-S1-NE_2023_01_13,137,2,Engaged,2.41761e-05,0.0934085,0.906567,0.203106,0,-1.39575,0.05
corrected,240-R-mPFC-S1-NE_2023_01_13,138,2,Engaged,4.98977e-05,0.0261471,0.973803,0.977334,1,-0.112021,0.5
corrected,240-R-mPFC-S1-NE_2023_01_13,139,2,Engaged,6.02555e-05,0.0302466,0.969693,0.0782255,0,0.89248,0
corrected,240-R-mPFC-S1-NE_2023_01_13,140,2,Engaged,9.29703e-05,0.0177533,0.982154,0.133689,0,-0.303256,0.025
corrected,240-R-mPFC-S1-NE_2023_01_13,141,2,Engaged,0.000204546,0.00474273,0.995053,0.995817,1,-0.0710115,0.5
corrected,240-R-mPFC-S1-NE_2023_01_13,142,2,Engaged,0.000312471,0.0090944,0.990593,0.134744,0,0.70732,0.025
corrected,240-R-mPFC-S1-NE_2023_01_13,143,2,Engaged,0.000589119,0.0040329,0.995378,0.966275,1,-0.266297,0.25
corrected,240-R-mPFC-S1-NE_2023_01_17,1,2,Engaged,0.00439253,0.00335019,0.992257,0.99826,1,-0.126289,1
corrected,240-R-mPFC-S1-NE_2023_01_17,2,2,Engaged,0.00239173,0.00209137,0.995517,0.998067,1,0.426555,0.5
corrected,240-R-mPFC-S1-NE_2023_01_17,3,2,Engaged,0.000955389,0.045302,0.953743,0.212729,0,2.99356,0.05
corrected,240-R-mPFC-S1-NE_2023_01_17,4,2,Engaged,0.00045558,0.0642429,0.935302,0.128921,0,2.66249,0.025
corrected,240-R-mPFC-S1-NE_2023_01_17,5,2,Engaged,0.000256867,0.0620751,0.937668,0.0766342,0,1.82633,0
corrected,240-R-mPFC-S1-NE_2023_01_17,6,2,Engaged,0.000191812,0.0587739,0.941034,0.949154,1,2.08488,0.5
corrected,240-R-mPFC-S1-NE_2023_01_17,7,2,Engaged,6.33887e-05,0.0592374,0.940699,0.07667,0,-0.00965856,0
corrected,240-R-mPFC-S1-NE_2023_01_17,8,2,Engaged,1.93241e-05,0.0573805,0.9426,0.129402,0,-0.000776409,0.025
corrected,240-R-mPFC-S1-NE_2023_01_17,9,2,Engaged,9.59756e-06,0.0802192,0.919771,0.0755104,0,1.73858,0
corrected,240-R-mPFC-S1-NE_2023_01_17,10,2,Engaged,5.55481e-06,0.0772547,0.92274,0.0756672,0,0.602252,0
corrected,240-R-mPFC-S1-NE_2023_01_17,11,2,Engaged,4.11688e-06,0.0524864,0.947509,0.0769969,0,-0.382379,0
corrected,240-R-mPFC-S1-NE_2023_01_17,12,2,Engaged,7.00276e-06,0.0554856,0.944507,0.971237,1,1.46653,1
corrected,240-R-mPFC-S1-NE_2023_01_17,13,2,Engaged,5.05862e-06,0.0586648,0.94133,0.129257,0,0.749238,0.025
corrected,240-R-mPFC-S1-NE_2023_01_17,14,2,Engaged,5.29179e-06,0.0384198,0.961575,0.131425,0,-0.456085,0.025
corrected,240-R-mPFC-S1-NE_2023_01_17,15,2,Engaged,1.06919e-05,0.0285434,0.971446,0.985204,1,0.394839,1
corrected,240-R-mPFC-S1-NE_2023_01_17,16,2,Engaged,1.14901e-05,0.0250361,0.974952,0.987022,1,0.198759,1
corrected,240-R-mPFC-S1-NE_2023_01_17,17,2,Engaged,9.32969e-06,0.0327807,0.96721,0.466244,0,0.595765,0.1
corrected,240-R-mPFC-S1-NE_2023_01_17,18,2,Engaged,1.03006e-05,0.0131512,0.986838,0.993183,1,-0.656717,1
corrected,240-R-mPFC-S1-NE_2023_01_17,19,2,Engaged,9.278e-06,0.0132231,0.986768,0.134126,0,0.567545,0.025
corrected,240-R-mPFC-S1-NE_2023_01_17,20,2,Engaged,1.38659e-05,0.00750891,0.992477,0.477466,1,0.295602,0.1
corrected,240-R-mPFC-S1-NE_2023_01_17,21,2,Engaged,7.78833e-06,0.016826,0.983166,0.473328,0,-0.315945,0.1
corrected,240-R-mPFC-S1-NE_2023_01_17,22,2,Engaged,7.47895e-06,0.0210214,0.978971,0.989103,1,0.152914,1
corrected,240-R-mPFC-S1-NE_2023_01_17,23,2,Engaged,3.68167e-06,0.0330088,0.966987,0.214561,0,0.128826,0.05
corrected,240-R-mPFC-S1-NE_2023_01_17,24,2,Engaged,2.29703e-06,0.0320859,0.967912,0.0780918,0,-0.555077,0
corrected,240-R-mPFC-S1-NE_2023_01_17,25,2,Engaged,2.52415e-06,0.0340226,0.965975,0.131894,0,-0.080988,0.025
corrected,240-R-mPFC-S1-NE_2023_01_17,26,2,Engaged,4.57959e-06,0.0334812,0.966514,0.0780182,0,0.0101199,0
corrected,240-R-mPFC-S1-NE_2023_01_17,27,2,Engaged,9.86292e-06,0.0239129,0.976077,0.470182,0,-0.56932,0.1
corrected,240-R-mPFC-S1-NE_2023_01_17,28,2,Engaged,2.63795e-05,0.000913275,0.99906,0.480399,1,-0.614382,0.1
corrected,240-R-mPFC-S1-NE_2023_01_17,29,2,Engaged,3.08004e-05,0.000598356,0.999371,0.969428,1,0.507553,0.25
corrected,240-R-mPFC-S1-NE_2023_01_17,30,2,Engaged,2.58024e-05,0.000242995,0.999731,0.480696,1,-1.41121,0.1
corrected,240-R-mPFC-S1-NE_2023_01_17,31,2,Engaged,1.04781e-05,0.00200652,0.997983,0.22045,0,-1.22826,0.05
corrected,240-R-mPFC-S1-NE_2023_01_17,32,2,Engaged,1.09499e-05,0.0111072,0.988882,0.079224,0,1.19733,0
corrected,240-R-mPFC-S1-NE_2023_01_17,33,2,Engaged,1.379e-05,0.00392944,0.996057,0.135123,0,-0.684659,0.025
corrected,240-R-mPFC-S1-NE_2023_01_17,34,2,Engaged,3.27406e-05,0.000455862,0.999511,0.480604,1,0.582832,0.1
corrected,240-R-mPFC-S1-NE_2023_01_17,35,2,Engaged,3.98065e-05,0.00126349,0.998697,0.480248,1,1.04842,0.1
corrected,240-R-mPFC-S1-NE_2023_01_17,36,2,Engaged,3.09252e-05,0.00588369,0.994085,0.134924,0,0.0136466,0.025
corrected,240-R-mPFC-S1-NE_2023_01_17,37,2,Engaged,3.01984e-05,0.000710802,0.999259,0.969325,1,-1.45746,0.25
corrected,240-R-mPFC-S1-NE_2023_01_17,38,2,Engaged,2.68168e-05,0.00225658,0.997717,0.13531,0,-1.41086,0.025
corrected,240-R-mPFC-S1-NE_2023_01_17,39,2,Engaged,4.00449e-05,0.00381861,0.996141,0.220121,0,-0.490866,0.05
corrected,240-R-mPFC-S1-NE_2023_01_17,40,2,Engaged,9.07459e-05,0.00285497,0.997054,0.99852,1,-0.192308,1
corrected,240-R-mPFC-S1-NE_2023_01_17,41,2,Engaged,0.000128492,0.000134838,0.999737,0.480777,1,-0.942868,0.1
corrected,240-R-mPFC-S1-NE_2023_01_17,42,2,Engaged,0.000152143,5.30865e-05,0.999795,0.480821,1,0.109893,0.1
corrected,240-R-mPFC-S1-NE_2023_01_17,43,2,Engaged,0.000170212,0.00112276,0.998707,0.968943,1,1.91463,0.25
corrected,240-R-mPFC-S1-NE_2023_01_17,44,2,Engaged,0.000170527,0.00360032,0.996229,0.220231,0,0.166189,0.05
corrected,240-R-mPFC-S1-NE_2023_01_17,45,2,Engaged,0.000207453,0.000921061,0.998871,0.22076,1,-0.205437,0.05
corrected,240-R-mPFC-S1-NE_2023_01_17,46,2,Engaged,0.000204295,0.00558977,0.994206,0.079637,0,1.08087,0
corrected,240-R-mPFC-S1-NE_2023_01_17,47,2,Engaged,0.000225822,0.000573753,0.9992,0.135606,1,-0.270919,0.025
corrected,240-R-mPFC-S1-NE_2023_01_17,48,2,Engaged,0.000191703,0.00077448,0.999034,0.969259,1,1.23911,0.25
corrected,240-R-mPFC-S1-NE_2023_01_17,49,2,Engaged,0.000129891,0.0015341,0.998336,0.999205,1,-0.440676,1
corrected,240-R-mPFC-S1-NE_2023_01_17,50,2,Engaged,7.60704e-05,0.00407005,0.995854,0.135145,0,0.244368,0.025
corrected,240-R-mPFC-S1-NE_2023_01_17,51,2,Engaged,5.94534e-05,0.00181542,0.998125,0.998348,1,-0.124716,0.5
corrected,240-R-mPFC-S1-NE_2023_01_17,52,2,Engaged,3.1797e-05,0.00160064,0.998368,0.0797473,0,-1.15067,0
corrected,240-R-mPFC-S1-NE_2023_01_17,53,2,Engaged,2.68549e-05,0.000239406,0.999734,0.480698,1,-0.504433,0.1
corrected,240-R-mPFC-S1-NE_2023_01_17,54,2,Engaged,1.53296e-05,0.00260051,0.997384,0.135267,0,0.575543,0.025
corrected,240-R-mPFC-S1-NE_2023_01_17,55,2,Engaged,1.39721e-05,0.00175922,0.998227,0.968373,1,0.657002,0.25
corrected,240-R-mPFC-S1-NE_2023_01_17,56,2,Engaged,9.5005e-06,0.0143476,0.985643,0.079049,0,0.709815,0
corrected,240-R-mPFC-S1-NE_2023_01_17,57,2,Engaged,7.93312e-06,0.0115439,0.988448,0.218638,0,-0.800883,0.05
corrected,240-R-mPFC-S1-NE_2023_01_17,58,2,Engaged,1.39011e-05,0.0108939,0.989092,0.994353,1,0.11359,1
corrected,240-R-mPFC-S1-NE_2023_01_17,59,2,Engaged,1.41119e-05,0.00777539,0.99221,0.995969,1,-0.900678,1
corrected,240-R-mPFC-S1-NE_2023_01_17,60,2,Engaged,1.2386e-05,0.0113914,0.988596,0.475742,0,-0.310984,0.1
corrected,240-R-mPFC-S1-NE_2023_01_17,61,2,Engaged,1.61146e-05,0.00506301,0.994921,0.219872,0,-0.699802,0.05
corrected,240-R-mPFC-S1-NE_2023_01_17,62,2,Engaged,3.74997e-05,0.000364454,0.999598,0.96964,1,0.235794,0.25
corrected,240-R-mPFC-S1-NE_2023_01_17,63,2,Engaged,5.81656e-05,0.000686577,0.999255,0.48051,1,0.709142,0.1
corrected,240-R-mPFC-S1-NE_2023_01_17,64,2,Engaged,5.50513e-05,0.0008533,0.999092,0.220692,1,-1.04412,0.05
corrected,240-R-mPFC-S1-NE_2023_01_17,65,2,Engaged,2.02249e-05,0.00668935,0.99329,0.0794669,0,-0.611709,0
corrected,240-R-mPFC-S1-NE_2023_01_17,66,2,Engaged,1.24741e-05,0.0215923,0.978395,0.216733,0,0.699423,0.05
corrected,240-R-mPFC-S1-NE_2023_01_17,67,2,Engaged,1.02127e-05,0.0177663,0.982223,0.217458,0,-0.664328,0.05
corrected,240-R-mPFC-S1-NE_2023_01_17,68,2,Engaged,1.46396e-05,0.00938314,0.990602,0.13454,0,-0.735888,0.025
corrected,240-R-mPFC-S1-NE_2023_01_17,69,2,Engaged,3.43e-05,0.00256631,0.997399,0.220356,1,-0.174711,0.05
corrected,240-R-mPFC-S1-NE_2023_01_17,70,2,Engaged,2.68369e-05,0.00175509,0.998218,0.998401,1,-0.711675,0.5
corrected,240-R-mPFC-S1-NE_2023_01_17,71,2,Engaged,1.76299e-05,0.00941877,0.990564,0.0793187,0,-0.323219,0
corrected,240-R-mPFC-S1-NE_2023_01_17,72,2,Engaged,1.72559e-05,0.0127922,0.987191,0.218406,0,-0.570167,0.05
corrected,240-R-mPFC-S1-NE_2023_01_17,73,2,Engaged,2.51579e-05,0.00818454,0.99179,0.995757,1,-1.24725,1
corrected,240-R-mPFC-S1-NE_2023_01_17,74,2,Engaged,2.77944e-05,0.00581816,0.994154,0.964683,1,-1.71738,0.25
corrected,240-R-mPFC-S1-NE_2023_01_17,75,2,Engaged,2.88719e-05,0.071325,0.928646,0.905142,0,-0.736502,0.25
corrected,240-R-mPFC-S1-NE_2023_01_17,76,2,Engaged,2.00542e-05,0.0547149,0.945265,0.129688,0,0.275633,0.025
corrected,240-R-mPFC-S1-NE_2023_01_17,77,2,Engaged,2.14386e-05,0.014335,0.985644,0.987536,1,-0.502664,0.5
corrected,240-R-mPFC-S1-NE_2023_01_17,78,2,Engaged,1.58173e-05,0.0117458,0.988238,0.0791926,0,-0.540884,0
corrected,240-R-mPFC-S1-NE_2023_01_17,79,2,Engaged,1.63322e-05,0.000248554,0.999735,0.969746,1,-1.43656,0.25
corrected,240-R-mPFC-S1-NE_2023_01_17,80,2,Engaged,1.74689e-05,0.000239732,0.999743,0.969754,1,0.0968832,0.25
corrected,240-R-mPFC-S1-NE_2023_01_17,81,2,Engaged,1.38832e-05,0.000432468,0.999554,0.999543,1,-0.748589,0.5
corrected,240-R-mPFC-S1-NE_2023_01_17,82,2,Engaged,7.78606e-06,0.00219987,0.997792,0.0797006,0,-0.652145,0
corrected,240-R-mPFC-S1-NE_2023_01_17,83,2,Engaged,6.54227e-06,0.000379802,0.999614,0.969628,1,-0.961388,0.25
corrected,240-R-mPFC-S1-NE_2023_01_17,84,2,Engaged,6.93907e-06,0.0283769,0.971616,0.132501,0,2.06163,0.025
corrected,240-R-mPFC-S1-NE_2023_01_17,85,2,Engaged,8.89631e-06,0.0234292,0.976562,0.0785608,0,0.0271536,0
corrected,240-R-mPFC-S1-NE_2023_01_17,86,2,Engaged,1.86775e-05,0.019482,0.980499,0.989901,1,0.425993,1
corrected,240-R-mPFC-S1-NE_2023_01_17,87,2,Engaged,2.05654e-05,0.00871529,0.991264,0.134615,0,-1.05362,0.025
corrected,240-R-mPFC-S1-NE_2023_01_17,88,2,Engaged,3.97466e-05,0.00336671,0.996594,0.220207,1,-0.0422416,0.05
corrected,240-R-mPFC-S1-NE_2023_01_17,89,2,Engaged,3.24824e-05,0.00554077,0.994427,0.21979,0,-0.176168,0.05
corrected,240-R-mPFC-S1-NE_2023_01_17,90,2,Engaged,3.64466e-05,0.000736303,0.999227,0.480481,1,-0.896379,0.1
corrected,240-R-mPFC-S1-NE_2023_01_17,91,2,Engaged,2.95484e-05,0.00178099,0.998189,0.999077,1,-0.761037,1
corrected,240-R-mPFC-S1-NE_2023_01_17,92,2,Engaged,1.685e-05,0.00121197,0.998771,0.0797591,0,-1.42575,0
corrected,240-R-mPFC-S1-NE_2023_01_17,93,2,Engaged,1.77276e-05,0.000436966,0.999545,0.969575,1,-0.26689,0.25
corrected,240-R-mPFC-S1-NE_2023_01_17,94,2,Engaged,1.50945e-05,0.00225122,0.997734,0.0797022,0,-0.624215,0
corrected,240-R-mPFC-S1-NE_2023_01_17,95,2,Engaged,1.96231e-05,0.000675411,0.999305,0.999333,1,-0.847937,0.5
corrected,240-R-mPFC-S1-NE_2023_01_17,96,2,Engaged,2.17499e-05,0.00178099,0.998197,0.135358,0,-0.661118,0.025
corrected,240-R-mPFC-S1-NE_2023_01_17,97,2,Engaged,3.92613e-05,0.000755839,0.999205,0.480473,1,-0.283301,0.1
corrected,240-R-mPFC-S1-NE_2023_01_17,98,2,Engaged,3.97709e-05,0.00179287,0.998167,0.0797417,0,-1.22123,0
corrected,240-R-mPFC-S1-NE_2023_01_17,99,2,Engaged,6.47652e-05,0.00322001,0.996715,0.0796801,1,-0.0839082,0
corrected,240-R-mPFC-S1-NE_2023_01_17,100,2,Engaged,2.5961e-05,0.00380472,0.996169,0.220116,0,-1.09667,0.05
corrected,240-R-mPFC-S1-NE_2023_01_17,101,2,Engaged,1.8557e-05,0.00521055,0.994771,0.478488,0,0.0228134,0.1
corrected,240-R-mPFC-S1-NE_2023_01_17,102,2,Engaged,2.14212e-05,0.00341347,0.996565,0.996968,1,0.725609,0.5
corrected,240-R-mPFC-S1-NE_2023_01_17,103,2,Engaged,1.74369e-05,0.00410511,0.995877,0.997872,1,-0.451626,1
corrected,240-R-mPFC-S1-NE_2023_01_17,104,2,Engaged,9.95677e-06,0.00563977,0.99435,0.134938,0,-0.593547,0.025
corrected,240-R-mPFC-S1-NE_2023_01_17,105,2,Engaged,7.97008e-06,0.000935317,0.999057,0.969123,1,-1.37689,0.25
corrected,240-R-mPFC-S1-NE_2023_01_17,106,2,Engaged,3.16078e-06,0.00366843,0.996328,0.135145,0,-1.36763,0.025
corrected,240-R-mPFC-S1-NE_2023_01_17,107,2,Engaged,2.97768e-06,0.0100766,0.98992,0.218914,0,-0.0554033,0.05
corrected,240-R-mPFC-S1-NE_2023_01_17,108,2,Engaged,4.6605e-06,0.0104794,0.989516,0.994568,1,-0.332946,1
corrected,240-R-mPFC-S1-NE_2023_01_17,109,2,Engaged,3.04557e-06,0.014382,0.985615,0.0790433,0,-0.420126,0
corrected,240-R-mPFC-S1-NE_2023_01_17,110,2,Engaged,2.33118e-06,0.0101269,0.989871,0.218904,0,-1.2913,0.05
corrected,240-R-mPFC-S1-NE_2023_01_17,111,2,Engaged,3.73089e-06,0.00631286,0.993683,0.0794772,0,-0.726717,0
corrected,240-R-mPFC-S1-NE_2023_01_17,112,2,Engaged,8.38635e-06,0.000748028,0.999244,0.969293,1,-0.613605,0.25
corrected,240-R-mPFC-S1-NE_2023_01_17,113,2,Engaged,8.34669e-06,0.000245112,0.999747,0.96975,1,-1.39159,0.25
corrected,240-R-mPFC-S1-NE_2023_01_17,114,2,Engaged,6.81925e-06,0.00369701,0.996296,0.220127,0,-0.825532,0.05
corrected,240-R-mPFC-S1-NE_2023_01_17,115,2,Engaged,1.2425e-05,0.0084513,0.991536,0.219227,0,0.225832,0.05
corrected,240-R-mPFC-S1-NE_2023_01_17,116,2,Engaged,2.52434e-05,0.000355067,0.99962,0.99961,1,-1.3168,0.5
corrected,240-R-mPFC-S1-NE_2023_01_17,117,2,Engaged,4.10952e-05,6.55939e-05,0.999893,0.969911,1,0.26281,0.25
corrected,240-R-mPFC-S1-NE_2023_01_17,118,2,Engaged,6.46559e-05,0.00136851,0.998567,0.998734,1,1.81086,0.5
corrected,240-R-mPFC-S1-NE_2023_01_17,119,2,Engaged,8.59423e-05,0.0116967,0.988217,0.993937,1,2.15447,1
corrected,240-R-mPFC-S1-NE_2023_01_17,120,2,Engaged,9.16283e-05,0.0117774,0.988131,0.134328,0,0.329663,0.025
corrected,240-R-mPFC-S1-NE_2023_01_17,121,2,Engaged,0.00012849,0.00633507,0.993536,0.21969,1,0.0516146,0.05
corrected,240-R-mPFC-S1-NE_2023_01_17,122,2,Engaged,0.000124573,0.0214678,0.978408,0.0787359,0,0.894283,0
corrected,240-R-mPFC-S1-NE_2023_01_17,123,2,Engaged,0.000144782,0.0248111,0.975044,0.469826,0,0.159737,0.1
corrected,240-R-mPFC-S1-NE_2023_01_17,124,2,Engaged,0.000213566,0.0130961,0.98669,0.0792393,0,-0.317985,0
corrected,240-R-mPFC-S1-NE_2023_01_17,125,2,Engaged,0.000449964,0.00690731,0.992643,0.996419,1,0.545049,1
corrected,240-R-mPFC-S1-NE_2023_01_17,126,2,Engaged,0.000658033,0.0028748,0.996467,0.997422,1,0.369829,0.5
corrected,240-R-mPFC-S1-NE_2023_01_17,127,2,Engaged,0.000864778,0.00764771,0.991488,0.219829,0,0.693787,0.05
corrected,240-R-mPFC-S1-NE_2023_01_17,128,2,Engaged,0.00180913,0.0207824,0.977408,0.472153,0,2.35453,0.1
corrected,240-R-mPFC-S1-NE_2023_01_17,129,2,Engaged,0.00392585,0.0109194,0.985155,0.994337,1,1.21644,1
corrected,240-R-mPFC-S1-NE_2023_01_17,130,2,Engaged,0.00567498,0.00260452,0.991721,0.0830954,1,0.762315,0
corrected,240-R-mPFC-S1-NE_2023_01_17,131,2,Engaged,0.0058339,0.000675327,0.993491,0.999646,1,1.25794,1
corrected,240-R-mPFC-S1-NE_2023_01_17,132,2,Engaged,0.00609828,0.00314179,0.99076,0.966782,1,4.20269,0.25
corrected,240-R-mPFC-S1-NE_2023_01_17,133,2,Engaged,0.00612995,0.00176257,0.992107,0.998283,1,0.58768,0.5
corrected,240-R-mPFC-S1-NE_2023_01_17,134,2,Engaged,0.00613759,0.00402522,0.989837,0.138671,0,0.267555,0.025
corrected,240-R-mPFC-S1-NE_2023_01_17,135,2,Engaged,0.0064213,0.00341807,0.990161,0.966513,1,0.413871,0.25
corrected,240-R-mPFC-S1-NE_2023_01_18,1,2,Engaged,0.0151002,0.000287193,0.984613,0.96888,1,0.777293,0.25
corrected,240-R-mPFC-S1-NE_2023_01_18,2,2,Engaged,0.013318,0.000291217,0.986391,0.999423,1,0.582451,0.5
corrected,240-R-mPFC-S1-NE_2023_01_18,3,2,Engaged,0.0116462,0.000886003,0.987468,0.99894,1,0.857796,0.5
corrected,240-R-mPFC-S1-NE_2023_01_18,4,2,Engaged,0.00972762,0.00324514,0.987027,0.0855041,0,0.425963,0
corrected,240-R-mPFC-S1-NE_2023_01_18,5,2,Engaged,0.00896572,0.000425281,0.990609,0.969093,1,-0.167432,0.25
corrected,240-R-mPFC-S1-NE_2023_01_18,6,2,Engaged,0.00809644,8.85604e-05,0.991815,0.483371,1,-0.796967,0.1
corrected,240-R-mPFC-S1-NE_2023_01_18,7,2,Engaged,0.00712028,0.00182635,0.991053,0.999048,1,0.749898,1
corrected,240-R-mPFC-S1-NE_2023_01_18,8,2,Engaged,0.00606291,0.00263357,0.991304,0.99863,1,0.547059,1
corrected,240-R-mPFC-S1-NE_2023_01_18,9,2,Engaged,0.00478489,0.00148999,0.993725,0.999224,1,-0.0978121,1
corrected,240-R-mPFC-S1-NE_2023_01_18,10,2,Engaged,0.00358376,0.000561345,0.995855,0.999367,1,0.161118,0.5
corrected,240-R-mPFC-S1-NE_2023_01_18,11,2,Engaged,0.00221364,0.000177713,0.997609,0.96969,1,-0.335346,0.25
corrected,240-R-mPFC-S1-NE_2023_01_18,12,2,Engaged,0.000871886,0.000689957,0.998438,0.0803026,0,-0.428341,0
corrected,240-R-mPFC-S1-NE_2023_01_18,13,2,Engaged,0.000591294,0.00155799,0.997851,0.968525,1,1.48641,0.25
corrected,240-R-mPFC-S1-NE_2023_01_18,14,2,Engaged,0.000279132,0.019112,0.980609,0.0789556,0,1.47806,0
corrected,240-R-mPFC-S1-NE_2023_01_18,15,2,Engaged,0.000153588,0.0237506,0.976096,0.4703,0,0.738404,0.1
corrected,240-R-mPFC-S1-NE_2023_01_18,16,2,Engaged,0.000101487,0.0121183,0.98778,0.989449,1,0.170019,0.5
corrected,240-R-mPFC-S1-NE_2023_01_18,17,2,Engaged,3.50123e-05,0.0146926,0.985272,0.133983,0,-0.359274,0.025
corrected,240-R-mPFC-S1-NE_2023_01_18,18,2,Engaged,2.01868e-05,0.0258976,0.974082,0.078435,0,0.985192,0
corrected,240-R-mPFC-S1-NE_2023_01_18,19,2,Engaged,1.42198e-05,0.0210883,0.978897,0.471437,0,-0.250674,0.1
corrected,240-R-mPFC-S1-NE_2023_01_18,20,2,Engaged,1.62797e-05,0.00833456,0.991649,0.962397,1,-0.00828997,0.25
corrected,240-R-mPFC-S1-NE_2023_01_18,21,2,Engaged,1.25443e-05,0.0150626,0.984925,0.992192,1,-0.58476,1
corrected,240-R-mPFC-S1-NE_2023_01_18,22,2,Engaged,5.59936e-06,0.0341361,0.965858,0.465641,0,-0.408867,0.1
corrected,240-R-mPFC-S1-NE_2023_01_18,23,2,Engaged,2.76173e-06,0.0361289,0.963868,0.131669,0,-0.820486,0.025
corrected,240-R-mPFC-S1-NE_2023_01_18,24,2,Engaged,2.10224e-06,0.0364528,0.963545,0.0778571,0,-0.762488,0
corrected,240-R-mPFC-S1-NE_2023_01_18,25,2,Engaged,2.86934e-06,0.0411904,0.958807,0.462508,0,-0.217889,0.1
corrected,240-R-mPFC-S1-NE_2023_01_18,26,2,Engaged,4.95357e-06,0.0295632,0.970432,0.0782289,0,-0.629172,0
corrected,240-R-mPFC-S1-NE_2023_01_18,27,2,Engaged,1.00402e-05,0.00184667,0.998143,0.479979,1,-1.59995,0.1
corrected,240-R-mPFC-S1-NE_2023_01_18,28,2,Engaged,7.73412e-06,0.0033085,0.996684,0.135186,0,-0.417281,0.025
corrected,240-R-mPFC-S1-NE_2023_01_18,29,2,Engaged,9.83466e-06,0.000486333,0.999504,0.969531,1,-0.777688,0.25
corrected,240-R-mPFC-S1-NE_2023_01_18,30,2,Engaged,7.82272e-06,0.000547429,0.999445,0.969475,1,-1.44013,0.25
corrected,240-R-mPFC-S1-NE_2023_01_18,31,2,Engaged,3.53845e-06,0.00955264,0.990444,0.476556,0,-1.19324,0.1
corrected,240-R-mPFC-S1-NE_2023_01_18,32,2,Engaged,2.13044e-06,0.0130469,0.986951,0.0791145,0,-0.960551,0
corrected,240-R-mPFC-S1-NE_2023_01_18,33,2,Engaged,1.6907e-06,0.013672,0.986326,0.474726,0,-1.11687,0.1
corrected,240-R-mPFC-S1-NE_2023_01_18,34,2,Engaged,1.56083e-06,0.00709689,0.992902,0.134777,0,-1.13973,0.025
corrected,240-R-mPFC-S1-NE_2023_01_18,35,2,Engaged,3.58389e-06,0.00716762,0.992829,0.996284,1,0.509244,1
corrected,240-R-mPFC-S1-NE_2023_01_18,36,2,Engaged,1.33319e-06,0.00452183,0.995477,0.219967,0,-0.459073,0.05
corrected,240-R-mPFC-S1-NE_2023_01_18,37,2,Engaged,2.1309e-06,0.0149386,0.985059,0.21799,0,2.7528,0.05
corrected,240-R-mPFC-S1-NE_2023_01_18,38,2,Engaged,3.7034e-06,0.0155833,0.984413,0.0789792,0,2.40097,0
corrected,240-R-mPFC-S1-NE_2023_01_18,39,2,Engaged,7.12399e-06,0.0063801,0.993613,0.964174,1,1.75444,0.25
corrected,240-R-mPFC-S1-NE_2023_01_18,40,2,Engaged,5.85515e-06,0.0134768,0.986517,0.21827,0,1.3666,0.05
corrected,240-R-mPFC-S1-NE_2023_01_18,41,2,Engaged,8.09245e-06,0.0125336,0.987458,0.475233,0,0.998798,0.1
corrected,240-R-mPFC-S1-NE_2023_01_18,42,2,Engaged,1.87292e-05,0.0104986,0.989483,0.990849,1,2.10774,0.5
corrected,240-R-mPFC-S1-NE_2023_01_18,43,2,Engaged,2.02859e-05,0.011254,0.988726,0.994166,1,0.499521,1
corrected,240-R-mPFC-S1-NE_2023_01_18,44,2,Engaged,1.87517e-05,0.0169264,0.983055,0.0789161,0,0.642451,0
corrected,240-R-mPFC-S1-NE_2023_01_18,45,2,Engaged,2.35955e-05,0.011026,0.98895,0.134369,0,-0.42099,0.025
corrected,240-R-mPFC-S1-NE_2023_01_18,46,2,Engaged,4.52879e-05,0.00150897,0.998446,0.220562,1,-0.484671,0.05
corrected,240-R-mPFC-S1-NE_2023_01_18,47,2,Engaged,4.10787e-05,0.0016455,0.998313,0.998495,1,0.11909,0.5
corrected,240-R-mPFC-S1-NE_2023_01_18,48,2,Engaged,2.96183e-05,0.00374405,0.996226,0.22013,0,-0.78459,0.05
corrected,240-R-mPFC-S1-NE_2023_01_18,49,2,Engaged,3.02943e-05,0.00091256,0.999057,0.999128,1,-1.25463,0.5
corrected,240-R-mPFC-S1-NE_2023_01_18,50,2,Engaged,2.89106e-05,0.00229415,0.997677,0.135307,0,-0.97291,0.025
corrected,240-R-mPFC-S1-NE_2023_01_18,51,2,Engaged,4.01912e-05,0.000296243,0.999664,0.480677,1,-1.1799,0.1
corrected,240-R-mPFC-S1-NE_2023_01_18,52,2,Engaged,3.86676e-05,0.00018399,0.999777,0.999757,1,-1.44509,0.5
corrected,240-R-mPFC-S1-NE_2023_01_18,53,2,Engaged,3.49526e-05,2.12801e-05,0.999944,0.969952,1,-1.36337,0.25
corrected,240-R-mPFC-S1-NE_2023_01_18,54,2,Engaged,3.80961e-05,0.000434202,0.999528,0.969576,1,0.917822,0.25
corrected,240-R-mPFC-S1-NE_2023_01_18,55,2,Engaged,3.08461e-05,9.31655e-05,0.999876,0.969887,1,-1.06691,0.25
corrected,240-R-mPFC-S1-NE_2023_01_18,56,2,Engaged,2.29322e-05,0.000215187,0.999762,0.969776,1,-0.752607,0.25
corrected,240-R-mPFC-S1-NE_2023_01_18,57,2,Engaged,1.48691e-05,0.00432039,0.995665,0.478882,0,-0.171041,0.1
corrected,240-R-mPFC-S1-NE_2023_01_18,58,2,Engaged,1.37402e-05,0.00147014,0.998516,0.968636,1,-0.441517,0.25
corrected,240-R-mPFC-S1-NE_2023_01_18,59,2,Engaged,8.44002e-06,0.0053964,0.994595,0.219805,0,-0.951111,0.05
corrected,240-R-mPFC-S1-NE_2023_01_18,60,2,Engaged,1.22011e-05,0.0161302,0.983858,0.217769,0,0.616024,0.05
corrected,240-R-mPFC-S1-NE_2023_01_18,61,2,Engaged,2.14701e-05,0.00854659,0.991432,0.99557,1,-1.07122,1
corrected,240-R-mPFC-S1-NE_2023_01_18,62,2,Engaged,2.45124e-05,0.0027258,0.99725,0.135259,0,-1.76831,0.025
corrected,240-R-mPFC-S1-NE_2023_01_18,63,2,Engaged,5.41847e-05,0.00141198,0.998534,0.220586,1,-0.00535311,0.05
corrected,240-R-mPFC-S1-NE_2023_01_18,64,2,Engaged,4.61992e-05,0.000679093,0.999275,0.999648,1,-1.30739,1
corrected,240-R-mPFC-S1-NE_2023_01_18,65,2,Engaged,4.02857e-05,0.000697476,0.999262,0.999314,1,-0.291156,0.5
corrected,240-R-mPFC-S1-NE_2023_01_18,66,2,Engaged,2.72756e-05,0.000974227,0.998998,0.999075,1,-1.18219,0.5
corrected,240-R-mPFC-S1-NE_2023_01_18,67,2,Engaged,8.53881e-06,0.00403708,0.995954,0.135109,0,-1.6998,0.025
corrected,240-R-mPFC-S1-NE_2023_01_18,68,2,Engaged,3.91682e-06,0.00854589,0.99145,0.219205,0,-0.880692,0.05
corrected,240-R-mPFC-S1-NE_2023_01_18,69,2,Engaged,2.6461e-06,0.00867397,0.991323,0.134609,0,-1.06221,0.025
corrected,240-R-mPFC-S1-NE_2023_01_18,70,2,Engaged,4.11788e-06,0.0107737,0.989222,0.134385,0,-0.218182,0.025
corrected,240-R-mPFC-S1-NE_2023_01_18,71,2,Engaged,8.18745e-06,0.00526187,0.99473,0.997272,1,-0.953106,1
corrected,240-R-mPFC-S1-NE_2023_01_18,72,2,Engaged,9.27355e-06,0.00389197,0.996099,0.135125,0,-0.720916,0.025
corrected,240-R-mPFC-S1-NE_2023_01_18,73,2,Engaged,1.82117e-05,0.000486936,0.999495,0.480586,1,-0.488646,0.1
corrected,240-R-mPFC-S1-NE_2023_01_18,74,2,Engaged,1.70255e-05,0.00027674,0.999706,0.480678,1,-0.788035,0.1
corrected,240-R-mPFC-S1-NE_2023_01_18,75,2,Engaged,9.60975e-06,0.00470701,0.995283,0.219937,0,0.0509811,0.05
corrected,240-R-mPFC-S1-NE_2023_01_18,76,2,Engaged,7.28406e-06,0.00130996,0.998683,0.999321,1,-0.92957,1
corrected,240-R-mPFC-S1-NE_2023_01_18,77,2,Engaged,6.17698e-06,0.00523337,0.99476,0.0795367,0,1.53724,0
corrected,240-R-mPFC-S1-NE_2023_01_18,78,2,Engaged,7.16806e-06,0.00110038,0.998892,0.968973,1,0.534065,0.25
corrected,240-R-mPFC-S1-NE_2023_01_18,79,2,Engaged,5.31481e-06,0.00444425,0.99555,0.219984,0,0.671476,0.05
corrected,240-R-mPFC-S1-NE_2023_01_18,80,2,Engaged,9.35846e-06,0.0105201,0.989471,0.218833,0,2.03199,0.05
corrected,240-R-mPFC-S1-NE_2023_01_18,81,2,Engaged,1.86243e-05,0.000814589,0.999167,0.969232,1,0.512941,0.25
corrected,240-R-mPFC-S1-NE_2023_01_18,82,2,Engaged,2.3626e-05,0.000447157,0.999529,0.99953,1,0.535804,0.5
corrected,240-R-mPFC-S1-NE_2023_01_18,83,2,Engaged,2.64922e-05,0.0015511,0.998422,0.998577,1,0.806291,0.5
corrected,240-R-mPFC-S1-NE_2023_01_18,84,2,Engaged,2.15796e-05,0.00278648,0.997192,0.998556,1,-0.629219,1
corrected,240-R-mPFC-S1-NE_2023_01_18,85,2,Engaged,1.44705e-05,0.00591632,0.994069,0.079505,0,-0.382063,0
corrected,240-R-mPFC-S1-NE_2023_01_18,86,2,Engaged,1.37338e-05,0.00345107,0.996535,0.998211,1,-1.04935,1
corrected,240-R-mPFC-S1-NE_2023_01_18,87,2,Engaged,8.78632e-06,0.00122967,0.998762,0.998855,1,-1.49143,0.5
corrected,240-R-mPFC-S1-NE_2023_01_18,88,2,Engaged,4.14813e-06,0.0121157,0.98788,0.475418,0,0.0480176,0.1
corrected,240-R-mPFC-S1-NE_2023_01_18,89,2,Engaged,3.43795e-06,0.0206534,0.979343,0.0787066,0,0.851172,0
corrected,240-R-mPFC-S1-NE_2023_01_18,90,2,Engaged,5.33867e-06,0.0308502,0.969145,0.07816,0,1.32964,0
corrected,240-R-mPFC-S1-NE_2023_01_18,91,2,Engaged,9.06049e-06,0.019405,0.980586,0.0787771,0,-0.280721,0
corrected,240-R-mPFC-S1-NE_2023_01_18,92,2,Engaged,2.09565e-05,0.0039556,0.996023,0.9965,1,-0.418695,0.5
corrected,240-R-mPFC-S1-NE_2023_01_18,93,2,Engaged,2.7532e-05,0.00392077,0.996052,0.220095,1,-0.223152,0.05
corrected,240-R-mPFC-S1-NE_2023_01_18,94,2,Engaged,1.11345e-05,0.0123399,0.987649,0.47532,0,-0.627464,0.1
corrected,240-R-mPFC-S1-NE_2023_01_18,95,2,Engaged,7.20307e-06,0.0200492,0.979944,0.0787414,0,0.305354,0
corrected,240-R-mPFC-S1-NE_2023_01_18,96,2,Engaged,7.76747e-06,0.0240783,0.975914,0.470107,0,0.242342,0.1
corrected,240-R-mPFC-S1-NE_2023_01_18,97,2,Engaged,1.14593e-05,0.00446329,0.995525,0.965916,1,-0.925288,0.25
corrected,240-R-mPFC-S1-NE_2023_01_18,98,2,Engaged,1.11688e-05,0.00973026,0.990259,0.991513,1,-0.586621,0.5
corrected,240-R-mPFC-S1-NE_2023_01_18,99,2,Engaged,6.81265e-06,0.0991117,0.900882,0.0744938,0,0.194978,0
corrected,240-R-mPFC-S1-NE_2023_01_18,100,2,Engaged,7.45329e-06,0.289852,0.71014,0.0642475,0,1.20891,0
corrected,240-R-mPFC-S1-NE_2023_01_18,101,1,Conservative,1.36589e-05,0.553207,0.44678,0.467148,0,1.72784,0.25
corrected,240-R-mPFC-S1-NE_2023_01_18,102,2,Engaged,1.9082e-05,0.35475,0.645231,0.153494,0,-0.188601,0.05
corrected,240-R-mPFC-S1-NE_2023_01_18,103,2,Engaged,4.70457e-05,0.101361,0.898592,0.912376,1,-0.337469,0.5
corrected,240-R-mPFC-S1-NE_2023_01_18,104,2,Engaged,3.71222e-05,0.0489091,0.951054,0.974646,1,-1.11766,1
corrected,240-R-mPFC-S1-NE_2023_01_18,105,2,Engaged,1.82557e-05,0.0228008,0.977181,0.0786002,0,-1.47974,0
corrected,240-R-mPFC-S1-NE_2023_01_18,106,2,Engaged,1.38554e-05,0.00238443,0.997602,0.967805,1,-1.28488,0.25
corrected,240-R-mPFC-S1-NE_2023_01_18,107,2,Engaged,7.7016e-06,0.00561528,0.994377,0.219763,0,-0.565693,0.05
corrected,240-R-mPFC-S1-NE_2023_01_18,108,2,Engaged,8.57152e-06,0.00833604,0.991655,0.995679,1,0.0935393,1
corrected,240-R-mPFC-S1-NE_2023_01_18,109,2,Engaged,4.63325e-06,0.00907232,0.990923,0.219105,0,-0.81195,0.05
corrected,240-R-mPFC-S1-NE_2023_01_18,110,2,Engaged,4.03549e-06,0.00473025,0.995266,0.478697,0,-1.11123,0.1
corrected,240-R-mPFC-S1-NE_2023_01_18,111,2,Engaged,7.95317e-06,0.0015807,0.998411,0.480097,1,0.379251,0.1
corrected,240-R-mPFC-S1-NE_2023_01_18,112,2,Engaged,3.1782e-06,0.00265012,0.997347,0.220324,0,-0.521265,0.05
corrected,240-R-mPFC-S1-NE_2023_01_18,113,2,Engaged,2.30555e-06,0.00205629,0.997941,0.135317,0,0.0929856,0.025
corrected,240-R-mPFC-S1-NE_2023_01_18,114,2,Engaged,5.67021e-06,0.00643083,0.993564,0.219607,0,2.63935,0.05
corrected,240-R-mPFC-S1-NE_2023_01_18,115,2,Engaged,1.39309e-05,0.00336495,0.996621,0.997011,1,2.18001,0.5
corrected,240-R-mPFC-S1-NE_2023_01_18,116,2,Engaged,1.41613e-05,0.000748108,0.999238,0.969292,1,0.507906,0.25
corrected,240-R-mPFC-S1-NE_2023_01_18,117,2,Engaged,1.05863e-05,0.00205144,0.997938,0.998145,1,0.113713,0.5
corrected,240-R-mPFC-S1-NE_2023_01_18,118,2,Engaged,4.32337e-06,0.0172609,0.982735,0.473133,0,0.465325,0.1
corrected,240-R-mPFC-S1-NE_2023_01_18,119,2,Engaged,1.98817e-06,0.022608,0.97739,0.216534,0,0.607552,0.05
corrected,240-R-mPFC-S1-NE_2023_01_18,120,2,Engaged,2.30105e-06,0.0456991,0.954299,0.0773605,0,2.41306,0
corrected,240-R-mPFC-S1-NE_2023_01_18,121,2,Engaged,3.79999e-06,0.0805067,0.919489,0.205545,0,3.28185,0.05
corrected,240-R-mPFC-S1-NE_2023_01_18,122,2,Engaged,6.4273e-06,0.0648818,0.935112,0.128592,0,1.31128,0.025
corrected,240-R-mPFC-S1-NE_2023_01_18,123,2,Engaged,1.55467e-05,0.0161878,0.983797,0.985936,1,0.385413,0.5
corrected,240-R-mPFC-S1-NE_2023_01_18,124,2,Engaged,1.74154e-05,0.018289,0.981694,0.990519,1,1.22957,1
corrected,240-R-mPFC-S1-NE_2023_01_18,125,2,Engaged,9.7806e-06,0.00642411,0.993566,0.134854,0,-1.01389,0.025
corrected,240-R-mPFC-S1-NE_2023_01_18,126,2,Engaged,1.24818e-05,0.00347738,0.99651,0.996913,1,0.653527,0.5
corrected,240-R-mPFC-S1-NE_2023_01_18,127,2,Engaged,8.77968e-06,0.0027397,0.997252,0.0796722,0,-0.693915,0
corrected,240-R-mPFC-S1-NE_2023_01_18,128,2,Engaged,1.16396e-05,0.00122501,0.998763,0.999365,1,-0.0653629,1
corrected,240-R-mPFC-S1-NE_2023_01_18,129,2,Engaged,1.32393e-05,0.00100879,0.998978,0.969056,1,0.757999,0.25
corrected,240-R-mPFC-S1-NE_2023_01_18,130,2,Engaged,1.24447e-05,0.0123835,0.987604,0.134217,0,1.04393,0.025
corrected,240-R-mPFC-S1-NE_2023_01_18,131,2,Engaged,1.65536e-05,0.0111673,0.988816,0.13435,0,-0.0458022,0.025
corrected,240-R-mPFC-S1-NE_2023_01_18,132,2,Engaged,3.68039e-05,0.010256,0.989707,0.218898,0,0.542395,0.05
corrected,240-R-mPFC-S1-NE_2023_01_18,133,2,Engaged,9.77108e-05,0.00133647,0.998566,0.968753,1,0.0847615,0.25
corrected,240-R-mPFC-S1-NE_2023_01_18,134,2,Engaged,0.000136228,0.000232749,0.999631,0.999713,1,-0.859257,0.5
corrected,240-R-mPFC-S1-NE_2023_01_18,135,2,Engaged,0.000181349,0.000321891,0.999497,0.999636,1,-0.162669,0.5
corrected,240-R-mPFC-S1-NE_2023_01_18,136,2,Engaged,0.000227231,0.0012428,0.99853,0.999356,1,0.044296,1
corrected,240-R-mPFC-S1-NE_2023_01_18,137,2,Engaged,0.000266074,0.00071441,0.99902,0.135614,1,-0.246703,0.025
corrected,240-R-mPFC-S1-NE_2023_01_18,138,2,Engaged,0.000224989,0.000555652,0.999219,0.999433,1,-0.473415,0.5
corrected,240-R-mPFC-S1-NE_2023_01_18,139,2,Engaged,0.000189122,0.00399613,0.995815,0.479083,0,0.113529,0.1
corrected,240-R-mPFC-S1-NE_2023_01_18,140,2,Engaged,0.000195283,0.00461643,0.995188,0.997607,1,0.918417,1
corrected,240-R-mPFC-S1-NE_2023_01_18,141,2,Engaged,0.000185646,0.000443671,0.999371,0.96956,1,-0.484538,0.25
corrected,240-R-mPFC-S1-NE_2023_01_18,142,2,Engaged,0.000170216,6.56494e-05,0.999764,0.999857,1,-0.878621,0.5
corrected,240-R-mPFC-S1-NE_2023_01_18,143,2,Engaged,0.00017576,0.0021045,0.99772,0.998096,1,1.95051,0.5
corrected,240-R-mPFC-S1-NE_2023_01_18,144,2,Engaged,0.000162515,0.00347739,0.99636,0.998197,1,0.187955,1
corrected,240-R-mPFC-S1-NE_2023_01_18,145,2,Engaged,0.000141962,0.00400724,0.995851,0.0796844,0,-0.244274,0
corrected,240-R-mPFC-S1-NE_2023_01_18,146,2,Engaged,0.000157493,0.00441574,0.995427,0.135155,0,0.493842,0.025
corrected,240-R-mPFC-S1-NE_2023_01_18,147,2,Engaged,0.000228031,0.00158546,0.998187,0.480166,1,0.56573,0.1
corrected,240-R-mPFC-S1-NE_2023_01_18,148,2,Engaged,0.000249067,0.00299203,0.996759,0.997328,1,-0.280253,0.5
corrected,240-R-mPFC-S1-NE_2023_01_18,149,2,Engaged,0.000264816,0.0163998,0.983335,0.0790927,0,-0.421213,0
corrected,240-R-mPFC-S1-NE_2023_01_18,150,2,Engaged,0.000359034,0.0373516,0.962289,0.131745,0,0.238915,0.025
corrected,240-R-mPFC-S1-NE_2023_01_19,1,2,Engaged,0.0116441,0.00625074,0.982105,0.086498,0,0.442351,0
corrected,240-R-mPFC-S1-NE_2023_01_19,2,2,Engaged,0.0109608,0.00139252,0.987647,0.483717,1,0.287021,0.1
corrected,240-R-mPFC-S1-NE_2023_01_19,3,2,Engaged,0.00970206,0.00325916,0.987039,0.225321,0,0.138498,0.05
corrected,240-R-mPFC-S1-NE_2023_01_19,4,2,Engaged,0.00928755,0.000269661,0.990443,0.969216,1,-0.17404,0.25
corrected,240-R-mPFC-S1-NE_2023_01_19,5,2,Engaged,0.00893448,0.000581951,0.990484,0.999692,1,0.198589,1
corrected,240-R-mPFC-S1-NE_2023_01_19,6,2,Engaged,0.00864513,0.000465864,0.990889,0.969073,1,0.888776,0.25
corrected,240-R-mPFC-S1-NE_2023_01_19,7,2,Engaged,0.00824691,0.00121311,0.99054,0.999365,1,-0.183918,1
corrected,240-R-mPFC-S1-NE_2023_01_19,8,2,Engaged,0.00779316,0.000347885,0.991859,0.999475,1,-0.58339,0.5
corrected,240-R-mPFC-S1-NE_2023_01_19,9,2,Engaged,0.00732871,5.38753e-05,0.992617,0.999737,1,-0.693237,0.5
corrected,240-R-mPFC-S1-NE_2023_01_19,10,2,Engaged,0.00710117,0.000489051,0.99241,0.999365,1,1.58032,0.5
corrected,240-R-mPFC-S1-NE_2023_01_19,11,2,Engaged,0.00680398,0.000598876,0.992597,0.969054,1,0.906333,0.25
corrected,240-R-mPFC-S1-NE_2023_01_19,12,2,Engaged,0.00634581,0.00125971,0.992394,0.083572,0,-0.587095,0
corrected,240-R-mPFC-S1-NE_2023_01_19,13,2,Engaged,0.00627907,0.000619573,0.993101,0.999268,1,0.182614,0.5
corrected,240-R-mPFC-S1-NE_2023_01_19,14,2,Engaged,0.00616664,0.000174441,0.993659,0.999905,1,-0.578974,1
corrected,240-R-mPFC-S1-NE_2023_01_19,15,2,Engaged,0.00617776,0.000479799,0.993342,0.482578,1,1.95555,0.1
corrected,240-R-mPFC-S1-NE_2023_01_19,16,2,Engaged,0.00602824,0.00171929,0.992252,0.0833559,1,1.1809,0
corrected,240-R-mPFC-S1-NE_2023_01_19,17,2,Engaged,0.00395574,0.00181258,0.994232,0.968108,1,0.469826,0.25
corrected,240-R-mPFC-S1-NE_2023_01_19,18,2,Engaged,0.00172584,0.0172346,0.98104,0.473701,0,0.387434,0.1
corrected,240-R-mPFC-S1-NE_2023_01_19,19,2,Engaged,0.00106759,0.0330174,0.965915,0.466481,0,1.39896,0.1
corrected,240-R-mPFC-S1-NE_2023_01_19,20,2,Engaged,0.000820828,0.0332337,0.965946,0.214949,0,1.22552,0.05
corrected,240-R-mPFC-S1-NE_2023_01_19,21,2,Engaged,0.000719963,0.0081617,0.991118,0.992855,1,-0.0619808,0.5
corrected,240-R-mPFC-S1-NE_2023_01_19,22,2,Engaged,0.000599843,0.00514988,0.99425,0.079899,0,-0.402318,0
corrected,240-R-mPFC-S1-NE_2023_01_19,23,2,Engaged,0.000581909,0.00138193,0.998036,0.998713,1,0.00948844,0.5
corrected,240-R-mPFC-S1-NE_2023_01_19,24,2,Engaged,0.000544893,7.25006e-05,0.999383,0.969877,1,-0.866646,0.25
corrected,240-R-mPFC-S1-NE_2023_01_19,25,2,Engaged,0.000531024,0.000442805,0.999026,0.999525,1,0.512798,0.5
corrected,240-R-mPFC-S1-NE_2023_01_19,26,2,Engaged,0.00050061,0.000201116,0.999298,0.969763,1,-0.350811,0.25
corrected,240-R-mPFC-S1-NE_2023_01_19,27,2,Engaged,0.000456864,0.000113311,0.99943,0.480893,1,-1.12082,0.1
corrected,240-R-mPFC-S1-NE_2023_01_19,28,2,Engaged,0.000368883,0.000119901,0.999511,0.480862,1,-1.07676,0.1
corrected,240-R-mPFC-S1-NE_2023_01_19,29,2,Engaged,0.00024554,0.00179941,0.997955,0.999067,1,-0.203836,1
corrected,240-R-mPFC-S1-NE_2023_01_19,30,2,Engaged,0.000114811,0.00318073,0.996704,0.220282,0,-0.297662,0.05
corrected,240-R-mPFC-S1-NE_2023_01_19,31,2,Engaged,7.35768e-05,0.000708681,0.999218,0.969325,1,-0.366966,0.25
corrected,240-R-mPFC-S1-NE_2023_01_19,32,2,Engaged,3.15985e-05,0.00367392,0.996294,0.135161,0,-0.308128,0.025
corrected,240-R-mPFC-S1-NE_2023_01_19,33,2,Engaged,2.12028e-05,0.00563287,0.994346,0.134945,0,0.240869,0.025
corrected,240-R-mPFC-S1-NE_2023_01_19,34,2,Engaged,2.01553e-05,0.00115766,0.998822,0.480288,1,-0.422412,0.1
corrected,240-R-mPFC-S1-NE_2023_01_19,35,2,Engaged,1.03154e-05,0.00463006,0.99536,0.219952,0,-0.0772417,0.05
corrected,240-R-mPFC-S1-NE_2023_01_19,36,2,Engaged,1.20674e-05,0.015991,0.983997,0.4737,0,1.78269,0.1
corrected,240-R-mPFC-S1-NE_2023_01_19,37,2,Engaged,1.84557e-05,0.00889742,0.991084,0.992232,1,0.792109,0.5
corrected,240-R-mPFC-S1-NE_2023_01_19,38,2,Engaged,1.69563e-05,0.00765066,0.992332,0.996034,1,-0.532836,1
corrected,240-R-mPFC-S1-NE_2023_01_19,39,2,Engaged,1.12424e-05,0.00758283,0.992406,0.0794135,0,-0.891932,0
corrected,240-R-mPFC-S1-NE_2023_01_19,40,2,Engaged,1.18478e-05,0.00455402,0.995434,0.135055,0,-1.0361,0.025
corrected,240-R-mPFC-S1-NE_2023_01_19,41,2,Engaged,2.20186e-05,0.000679073,0.999299,0.969355,1,-0.627929,0.25
corrected,240-R-mPFC-S1-NE_2023_01_19,42,2,Engaged,2.87185e-05,0.00197305,0.997998,0.135342,0,-0.733964,0.025
corrected,240-R-mPFC-S1-NE_2023_01_19,43,2,Engaged,5.61703e-05,0.000353028,0.999591,0.999611,1,-0.701239,0.5
corrected,240-R-mPFC-S1-NE_2023_01_19,44,2,Engaged,8.21023e-05,5.42342e-05,0.999864,0.480798,1,-0.506121,0.1
corrected,240-R-mPFC-S1-NE_2023_01_19,45,2,Engaged,0.000110234,0.00324472,0.996645,0.967018,1,2.15199,0.25
corrected,240-R-mPFC-S1-NE_2023_01_19,46,2,Engaged,0.000114122,0.00718643,0.992699,0.134833,0,-0.553718,0.025
corrected,240-R-mPFC-S1-NE_2023_01_19,47,2,Engaged,0.000156155,0.00928044,0.990563,0.0794097,0,-0.333105,0
corrected,240-R-mPFC-S1-NE_2023_01_19,48,2,Engaged,0.000268908,0.00487003,0.994861,0.135171,0,-1.03859,0.025
corrected,240-R-mPFC-S1-NE_2023_01_19,49,2,Engaged,0.000668052,0.000535025,0.998797,0.480774,1,-0.485346,0.1
corrected,240-R-mPFC-S1-NE_2023_01_19,50,2,Engaged,0.000887121,0.000750747,0.998362,0.22115,1,-0.407059,0.05
corrected,240-R-mPFC-S1-NE_2023_01_19,51,2,Engaged,0.000897497,0.00019558,0.998907,0.221261,1,-2.02598,0.05
corrected,240-R-mPFC-S1-NE_2023_01_19,52,2,Engaged,0.000815226,0.00033713,0.998848,0.135974,0,-1.57948,0.025
corrected,240-R-mPFC-S1-NE_2023_01_19,53,2,Engaged,0.00087104,0.000662202,0.998467,0.999656,1,0.919895,1
corrected,240-R-mPFC-S1-NE_2023_01_19,54,2,Engaged,0.000961485,0.00340086,0.995638,0.220686,1,2.71241,0.05
corrected,240-R-mPFC-S1-NE_2023_01_19,55,2,Engaged,0.000856624,0.000163891,0.998979,0.481,1,-0.591703,0.1
corrected,240-R-mPFC-S1-NE_2023_01_19,56,2,Engaged,0.000737057,0.00118617,0.998077,0.480507,1,1.06217,0.1
corrected,240-R-mPFC-S1-NE_2023_01_19,57,2,Engaged,0.00030452,0.00139154,0.998304,0.135564,0,-1.40014,0.025
corrected,240-R-mPFC-S1-NE_2023_01_19,58,2,Engaged,0.000192656,0.000454073,0.999353,0.96955,1,-0.627219,0.25
corrected,240-R-mPFC-S1-NE_2023_01_19,59,2,Engaged,7.77888e-05,0.00296326,0.996959,0.0797018,0,-0.771711,0
corrected,240-R-mPFC-S1-NE_2023_01_19,60,2,Engaged,4.64673e-05,0.00544979,0.994504,0.13498,0,-0.0440217,0.025
corrected,240-R-mPFC-S1-NE_2023_01_19,61,2,Engaged,3.53778e-05,0.000616362,0.999348,0.969411,1,-0.977907,0.25
corrected,240-R-mPFC-S1-NE_2023_01_19,62,2,Engaged,2.23862e-05,0.00170277,0.998275,0.998446,1,-0.893172,0.5
corrected,240-R-mPFC-S1-NE_2023_01_19,63,2,Engaged,1.1501e-05,0.105269,0.894719,0.200848,0,2.01149,0.05
corrected,240-R-mPFC-S1-NE_2023_01_19,64,2,Engaged,8.47688e-06,0.114024,0.885967,0.199185,0,0.0677814,0.05
corrected,240-R-mPFC-S1-NE_2023_01_19,65,2,Engaged,9.71612e-06,0.0911329,0.908857,0.125782,0,-1.25628,0.025
corrected,240-R-mPFC-S1-NE_2023_01_19,66,2,Engaged,1.82963e-05,0.0653809,0.934601,0.128545,0,-1.44313,0.025
corrected,240-R-mPFC-S1-NE_2023_01_19,67,2,Engaged,4.51206e-05,0.0351678,0.964787,0.969544,1,-1.76565,0.5
corrected,240-R-mPFC-S1-NE_2023_01_19,68,2,Engaged,7.18282e-05,0.105059,0.894869,0.20092,1,0.401086,0.05
corrected,240-R-mPFC-S1-NE_2023_01_19,69,2,Engaged,3.6803e-05,0.289833,0.71013,0.35212,0,-1.04113,0.1
corrected,240-R-mPFC-S1-NE_2023_01_19,70,2,Engaged,3.113e-05,0.457597,0.542372,0.762788,1,-0.547608,1
corrected,240-R-mPFC-S1-NE_2023_01_19,71,1,Conservative,2.7153e-06,0.999997,1.17759e-07,0.481615,0,-0.122772,1
corrected,240-R-mPFC-S1-NE_2023_01_19,72,1,Conservative,1.03583e-05,0.775394,0.224595,0.052503,0,0.111623,0.025
corrected,240-R-mPFC-S1-NE_2023_01_19,73,2,Engaged,3.53653e-05,0.334242,0.665722,0.826733,1,-0.754476,1
corrected,240-R-mPFC-S1-NE_2023_01_19,74,2,Engaged,2.86911e-05,0.26942,0.730551,0.1067,0,0.577924,0.025
corrected,240-R-mPFC-S1-NE_2023_01_19,75,2,Engaged,4.16348e-05,0.121012,0.878947,0.937269,1,-0.332944,1
corrected,240-R-mPFC-S1-NE_2023_01_19,76,2,Engaged,3.6461e-05,0.0400033,0.95996,0.965368,1,-0.647002,0.5
corrected,240-R-mPFC-S1-NE_2023_01_19,77,2,Engaged,1.94629e-05,0.0309793,0.969001,0.214955,0,-0.979593,0.05
corrected,240-R-mPFC-S1-NE_2023_01_19,78,2,Engaged,1.84028e-05,0.0263845,0.973597,0.215826,0,-0.245077,0.05
corrected,240-R-mPFC-S1-NE_2023_01_19,79,2,Engaged,2.83171e-05,0.0160777,0.983894,0.133831,0,-0.333766,0.025
corrected,240-R-mPFC-S1-NE_2023_01_19,80,2,Engaged,6.32565e-05,0.0014486,0.998488,0.480173,1,-0.428308,0.1
corrected,240-R-mPFC-S1-NE_2023_01_19,81,2,Engaged,7.65347e-05,0.00212436,0.997799,0.998899,1,0.10524,1
corrected,240-R-mPFC-S1-NE_2023_01_19,82,2,Engaged,9.44383e-05,0.00796475,0.991941,0.134738,0,1.30196,0.025
corrected,240-R-mPFC-S1-NE_2023_01_19,83,2,Engaged,0.000146104,0.00424319,0.995611,0.220097,1,0.304282,0.05
corrected,240-R-mPFC-S1-NE_2023_01_19,84,2,Engaged,0.000131582,0.00245736,0.997411,0.0797614,0,-1.34585,0
corrected,240-R-mPFC-S1-NE_2023_01_19,85,2,Engaged,0.000151489,0.000320144,0.999528,0.480703,1,-0.689842,0.1
corrected,240-R-mPFC-S1-NE_2023_01_19,86,2,Engaged,0.00014868,1.14165e-05,0.99984,0.969955,1,-1.02356,0.25
corrected,240-R-mPFC-S1-NE_2023_01_19,87,2,Engaged,0.000171328,0.000542942,0.999286,0.48061,1,2.29487,0.1
corrected,240-R-mPFC-S1-NE_2023_01_19,88,2,Engaged,0.000159965,0.00080306,0.999037,0.969234,1,0.858505,0.25
corrected,240-R-mPFC-S1-NE_2023_01_19,89,2,Engaged,0.00012718,0.00130007,0.998573,0.135471,0,-1.08018,0.025
corrected,240-R-mPFC-S1-NE_2023_01_19,90,2,Engaged,0.000132326,0.000156834,0.999711,0.969823,1,-0.461783,0.25
corrected,240-R-mPFC-S1-NE_2023_01_19,91,2,Engaged,0.000139021,0.000633128,0.999228,0.220778,1,-0.0264071,0.05
corrected,240-R-mPFC-S1-NE_2023_01_19,92,2,Engaged,9.51235e-05,0.00180721,0.998098,0.0797743,0,-0.575458,0
corrected,240-R-mPFC-S1-NE_2023_01_19,93,2,Engaged,0.000100573,0.0112673,0.988632,0.994159,1,2.03428,1
corrected,240-R-mPFC-S1-NE_2023_01_19,94,2,Engaged,8.83138e-05,0.00822349,0.991688,0.995737,1,-0.222016,1
corrected,240-R-mPFC-S1-NE_2023_01_19,95,2,Engaged,7.36611e-05,0.00928911,0.990637,0.219101,0,-0.0336238,0.05
corrected,240-R-mPFC-S1-NE_2023_01_19,96,2,Engaged,7.76213e-05,0.000900367,0.999022,0.480421,1,-0.889724,0.1
corrected,240-R-mPFC-S1-NE_2023_01_19,97,2,Engaged,6.40476e-05,0.000467252,0.999469,0.999512,1,-1.09879,0.5
corrected,240-R-mPFC-S1-NE_2023_01_19,98,2,Engaged,4.89965e-05,0.00186928,0.998082,0.999031,1,-0.922932,1
corrected,240-R-mPFC-S1-NE_2023_01_19,99,2,Engaged,3.18707e-05,0.00411736,0.995851,0.997866,1,-0.778035,1
corrected,240-R-mPFC-S1-NE_2023_01_19,100,2,Engaged,1.02868e-05,0.00766534,0.992324,0.219375,0,-0.978735,0.05
corrected,240-R-mPFC-S1-NE_2023_01_19,101,2,Engaged,5.25913e-06,0.0129782,0.987017,0.0791201,0,-0.0937796,0
corrected,240-R-mPFC-S1-NE_2023_01_19,102,2,Engaged,4.24623e-06,0.015601,0.984395,0.47387,0,-0.0782916,0.1
corrected,240-R-mPFC-S1-NE_2023_01_19,103,2,Engaged,5.38272e-06,0.00831196,0.991683,0.134649,0,-0.264102,0.025
corrected,240-R-mPFC-S1-NE_2023_01_19,104,2,Engaged,1.28739e-05,0.00369891,0.996288,0.22013,0,0.596112,0.05
corrected,240-R-mPFC-S1-NE_2023_01_19,105,2,Engaged,4.71552e-05,0.00251616,0.997437,0.967684,1,2.37718,0.25
corrected,240-R-mPFC-S1-NE_2023_01_19,106,2,Engaged,5.69049e-05,0.000121176,0.999822,0.48076,1,-0.631002,0.1
corrected,240-R-mPFC-S1-NE_2023_01_19,107,2,Engaged,6.85701e-05,0.0061824,0.993749,0.996795,1,2.58041,1
corrected,240-R-mPFC-S1-NE_2023_01_19,108,2,Engaged,6.75178e-05,0.00478192,0.995151,0.995786,1,0.878834,0.5
corrected,240-R-mPFC-S1-NE_2023_01_19,109,2,Engaged,5.30647e-05,0.00449604,0.995451,0.0796045,0,-0.838925,0
corrected,240-R-mPFC-S1-NE_2023_01_19,110,2,Engaged,5.55038e-05,0.000837284,0.999107,0.999193,1,-1.06958,0.5
corrected,240-R-mPFC-S1-NE_2023_01_19,111,2,Engaged,5.26978e-05,0.000125786,0.999822,0.480757,1,-1.48015,0.1
corrected,240-R-mPFC-S1-NE_2023_01_19,112,2,Engaged,4.024e-05,0.000552867,0.999407,0.999439,1,-0.901493,0.5
corrected,240-R-mPFC-S1-NE_2023_01_19,113,2,Engaged,2.87687e-05,0.00676625,0.993205,0.219556,0,-0.124327,0.05
corrected,240-R-mPFC-S1-NE_2023_01_19,114,2,Engaged,3.05194e-05,0.008271,0.991698,0.477133,0,-0.236981,0.1
corrected,240-R-mPFC-S1-NE_2023_01_19,115,2,Engaged,4.64561e-05,0.00324215,0.996711,0.220234,1,-0.158549,0.05
corrected,240-R-mPFC-S1-NE_2023_01_19,116,2,Engaged,3.27198e-05,0.00367013,0.996297,0.0796366,0,-0.788673,0
corrected,240-R-mPFC-S1-NE_2023_01_19,117,2,Engaged,3.28147e-05,0.00120774,0.998759,0.999374,1,-0.871932,1
corrected,240-R-mPFC-S1-NE_2023_01_19,118,2,Engaged,3.25843e-05,0.000360965,0.999606,0.969643,1,-0.121425,0.25
corrected,240-R-mPFC-S1-NE_2023_01_19,119,2,Engaged,2.58838e-05,0.000232258,0.999742,0.480701,1,-1.20121,0.1
corrected,240-R-mPFC-S1-NE_2023_01_19,120,2,Engaged,1.21946e-05,0.00496706,0.995021,0.219889,0,-0.183236,0.05
corrected,240-R-mPFC-S1-NE_2023_01_19,121,2,Engaged,1.20469e-05,0.0162036,0.983784,0.9916,1,1.35365,1
corrected,240-R-mPFC-S1-NE_2023_01_19,122,2,Engaged,4.4986e-06,0.0171777,0.982818,0.217567,0,-0.426777,0.05
corrected,240-R-mPFC-S1-NE_2023_01_19,123,2,Engaged,2.67846e-06,0.0177013,0.982296,0.0788648,0,0.0585546,0
corrected,240-R-mPFC-S1-NE_2023_01_19,124,2,Engaged,2.8576e-06,0.0186359,0.981361,0.0788147,0,0.480313,0
corrected,240-R-mPFC-S1-NE_2023_01_19,125,2,Engaged,3.68587e-06,0.00780349,0.992193,0.134703,0,-0.493935,0.025
corrected,240-R-mPFC-S1-NE_2023_01_19,126,2,Engaged,1.3874e-05,0.0177975,0.982189,0.472898,0,3.06126,0.1
corrected,240-R-mPFC-S1-NE_2023_01_19,127,2,Engaged,3.46904e-05,0.00615929,0.993806,0.478072,1,1.93382,0.1
corrected,240-R-mPFC-S1-NE_2023_01_19,128,2,Engaged,3.17915e-05,0.00227531,0.997693,0.99882,1,0.10029,1
corrected,240-R-mPFC-S1-NE_2023_01_19,129,2,Engaged,3.11019e-05,0.00454119,0.995428,0.997646,1,1.77213,1
corrected,240-R-mPFC-S1-NE_2023_01_19,130,2,Engaged,2.37368e-05,0.00378368,0.996193,0.966533,1,0.883767,0.25
corrected,240-R-mPFC-S1-NE_2023_01_19,131,2,Engaged,1.0899e-05,0.0205441,0.979445,0.133342,0,0.515381,0.025
corrected,240-R-mPFC-S1-NE_2023_01_19,132,2,Engaged,8.39597e-06,0.0392712,0.96072,0.463362,0,0.938134,0.1
corrected,240-R-mPFC-S1-NE_2023_01_19,133,2,Engaged,1.12774e-05,0.0496028,0.950386,0.130231,0,1.39966,0.025
corrected,240-R-mPFC-S1-NE_2023_01_19,134,2,Engaged,2.23225e-05,0.0479111,0.952067,0.45953,0,0.901874,0.1
corrected,240-R-mPFC-S1-NE_2023_01_19,135,2,Engaged,5.68427e-05,0.0226224,0.977321,0.216561,0,0.431817,0.05
corrected,240-R-mPFC-S1-NE_2023_01_19,136,2,Engaged,0.000174766,0.00642043,0.993405,0.964128,1,1.34736,0.25
corrected,240-R-mPFC-S1-NE_2023_01_19,137,2,Engaged,0.000243045,0.00651006,0.993247,0.996625,1,0.375251,1
corrected,240-R-mPFC-S1-NE_2023_01_19,138,2,Engaged,0.000290603,0.00390385,0.995806,0.135287,0,-0.60509,0.025
corrected,240-R-mPFC-S1-NE_2023_01_19,139,2,Engaged,0.000488127,0.00143938,0.998072,0.135666,1,0.176516,0.025
corrected,240-R-mPFC-S1-NE_2023_01_19,140,2,Engaged,0.000501509,0.00130133,0.998197,0.135688,0,0.0933652,0.025
corrected,240-R-mPFC-S1-NE_2023_01_19,141,2,Engaged,0.0006441,0.00131672,0.998039,0.968741,1,1.61062,0.25
corrected,240-R-mPFC-S1-NE_2023_01_19,142,2,Engaged,0.00072221,0.00226468,0.997013,0.0801278,0,-0.292617,0
corrected,240-R-mPFC-S1-NE_2023_01_19,143,2,Engaged,0.00104762,0.00297674,0.995976,0.96721,1,0.639788,0.25
corrected,240-R-mPFC-S1-NE_2023_01_20,1,2,Engaged,0.016768,0.00148356,0.981748,0.229383,1,-0.157521,0.05
corrected,240-R-mPFC-S1-NE_2023_01_20,2,2,Engaged,0.0101403,0.00341612,0.986444,0.225522,0,0.513983,0.05
corrected,240-R-mPFC-S1-NE_2023_01_20,3,2,Engaged,0.00849232,0.00547891,0.986029,0.0846394,0,1.63438,0
corrected,240-R-mPFC-S1-NE_2023_01_20,4,2,Engaged,0.00788838,0.00303524,0.989076,0.997152,1,1.44018,0.5
corrected,240-R-mPFC-S1-NE_2023_01_20,5,2,Engaged,0.00684049,0.000239536,0.99292,0.969379,1,-0.477242,0.25
corrected,240-R-mPFC-S1-NE_2023_01_20,6,2,Engaged,0.00592497,0.000363263,0.993712,0.482548,1,-0.169495,0.1
corrected,240-R-mPFC-S1-NE_2023_01_20,7,2,Engaged,0.00423514,0.00251454,0.99325,0.22258,0,-0.419943,0.05
corrected,240-R-mPFC-S1-NE_2023_01_20,8,2,Engaged,0.00376184,0.00242279,0.993815,0.998741,1,0.0227406,1
corrected,240-R-mPFC-S1-NE_2023_01_20,9,2,Engaged,0.00325077,0.00175772,0.994992,0.222205,1,-0.201942,0.05
corrected,240-R-mPFC-S1-NE_2023_01_20,10,2,Engaged,0.00155041,0.00863897,0.989811,0.0802847,0,0.114156,0
corrected,240-R-mPFC-S1-NE_2023_01_20,11,2,Engaged,0.000866899,0.00865701,0.990476,0.135113,0,-0.5293,0.025
corrected,240-R-mPFC-S1-NE_2023_01_20,12,2,Engaged,0.00064404,0.00531324,0.994043,0.0799169,0,-0.593008,0
corrected,240-R-mPFC-S1-NE_2023_01_20,13,2,Engaged,0.000590113,0.00218273,0.997227,0.220722,1,-0.00487635,0.05
corrected,240-R-mPFC-S1-NE_2023_01_20,14,2,Engaged,0.000323446,0.00317761,0.996499,0.220392,0,-0.46282,0.05
corrected,240-R-mPFC-S1-NE_2023_01_20,15,2,Engaged,0.000242598,0.000836838,0.998921,0.99919,1,-0.394072,0.5
corrected,240-R-mPFC-S1-NE_2023_01_20,16,2,Engaged,0.00019306,0.00990238,0.989905,0.0793985,0,1.53569,0
corrected,240-R-mPFC-S1-NE_2023_01_20,17,2,Engaged,0.000168961,0.00213964,0.997691,0.998066,1,-0.471016,0.5
corrected,240-R-mPFC-S1-NE_2023_01_20,18,2,Engaged,0.000141985,0.00251182,0.997346,0.13535,0,-0.38556,0.025
corrected,240-R-mPFC-S1-NE_2023_01_20,19,2,Engaged,0.000149626,0.000338395,0.999512,0.969657,1,-0.18481,0.25
corrected,240-R-mPFC-S1-NE_2023_01_20,20,2,Engaged,0.000151122,0.00013088,0.999718,0.480787,1,-0.678398,0.1
corrected,240-R-mPFC-S1-NE_2023_01_20,21,2,Engaged,0.000134925,0.000240246,0.999625,0.480733,1,-0.560932,0.1
corrected,240-R-mPFC-S1-NE_2023_01_20,22,2,Engaged,8.34947e-05,0.00036868,0.999548,0.999597,1,-1.40871,0.5
corrected,240-R-mPFC-S1-NE_2023_01_20,23,2,Engaged,4.39491e-05,0.00523809,0.994718,0.0795592,0,-0.316853,0
corrected,240-R-mPFC-S1-NE_2023_01_20,24,2,Engaged,2.94199e-05,0.00477927,0.995191,0.135041,0,-0.901551,0.025
corrected,240-R-mPFC-S1-NE_2023_01_20,25,2,Engaged,2.82408e-05,0.000162078,0.99981,0.969824,1,-1.25134,0.25
corrected,240-R-mPFC-S1-NE_2023_01_20,26,2,Engaged,2.83346e-05,0.000227567,0.999744,0.969765,1,-0.128404,0.25
corrected,240-R-mPFC-S1-NE_2023_01_20,27,2,Engaged,2.48234e-05,0.0012828,0.998692,0.999335,1,-0.508676,1
corrected,240-R-mPFC-S1-NE_2023_01_20,28,2,Engaged,1.76643e-05,0.00126698,0.998715,0.0797567,0,-0.7319,0
corrected,240-R-mPFC-S1-NE_2023_01_20,29,2,Engaged,2.30278e-05,0.00108765,0.998889,0.998977,1,0.5202,0.5
corrected,240-R-mPFC-S1-NE_2023_01_20,30,2,Engaged,2.13544e-05,0.00077055,0.999208,0.480461,1,-0.775688,0.1
corrected,240-R-mPFC-S1-NE_2023_01_20,31,2,Engaged,8.03063e-06,0.00486996,0.995122,0.135019,0,-1.18123,0.025
corrected,240-R-mPFC-S1-NE_2023_01_20,32,2,Engaged,6.23965e-06,0.0151634,0.98483,0.21795,0,0.182464,0.05
corrected,240-R-mPFC-S1-NE_2023_01_20,33,2,Engaged,9.22852e-06,0.0221289,0.977862,0.216629,0,0.365109,0.05
corrected,240-R-mPFC-S1-NE_2023_01_20,34,2,Engaged,1.80427e-05,0.0138426,0.986139,0.134064,0,-0.791224,0.025
corrected,240-R-mPFC-S1-NE_2023_01_20,35,2,Engaged,4.59835e-05,0.000930939,0.999023,0.969125,1,-1.01493,0.25
corrected,240-R-mPFC-S1-NE_2023_01_20,36,2,Engaged,6.52492e-05,0.000228988,0.999706,0.220816,1,-1.18584,0.05
corrected,240-R-mPFC-S1-NE_2023_01_20,37,2,Engaged,5.76098e-05,5.93177e-05,0.999883,0.480788,1,-0.87762,0.1
corrected,240-R-mPFC-S1-NE_2023_01_20,38,2,Engaged,5.3751e-05,0.0109666,0.98898,0.0792574,0,2.85333,0
corrected,240-R-mPFC-S1-NE_2023_01_20,39,2,Engaged,5.75229e-05,0.00263296,0.99731,0.479645,1,0.792818,0.1
corrected,240-R-mPFC-S1-NE_2023_01_20,40,2,Engaged,5.13144e-05,0.0144883,0.98546,0.47438,0,2.05733,0.1
corrected,240-R-mPFC-S1-NE_2023_01_20,41,2,Engaged,5.45152e-05,0.00409891,0.995847,0.996376,1,0.599092,0.5
corrected,240-R-mPFC-S1-NE_2023_01_20,42,2,Engaged,4.76047e-05,0.000495737,0.999457,0.96952,1,-0.518605,0.25
corrected,240-R-mPFC-S1-NE_2023_01_20,43,2,Engaged,3.62374e-05,0.000513542,0.99945,0.999473,1,-0.930034,0.5
corrected,240-R-mPFC-S1-NE_2023_01_20,44,2,Engaged,2.38209e-05,0.00333565,0.996641,0.998271,1,-0.585943,1
corrected,240-R-mPFC-S1-NE_2023_01_20,45,2,Engaged,9.86699e-06,0.0106274,0.989363,0.0792491,0,-0.195968,0
corrected,240-R-mPFC-S1-NE_2023_01_20,46,2,Engaged,5.00863e-06,0.0137356,0.986259,0.134068,0,-0.404833,0.025
corrected,240-R-mPFC-S1-NE_2023_01_20,47,2,Engaged,4.70749e-06,0.0159881,0.984007,0.473699,0,-0.0833877,0.1
corrected,240-R-mPFC-S1-NE_2023_01_20,48,2,Engaged,5.96282e-06,0.00099186,0.999002,0.969071,1,-1.00775,0.25
corrected,240-R-mPFC-S1-NE_2023_01_20,49,2,Engaged,6.2241e-06,0.00541228,0.994582,0.13496,0,0.721547,0.025
corrected,240-R-mPFC-S1-NE_2023_01_20,50,2,Engaged,8.9223e-06,0.000938615,0.999052,0.96912,1,-0.45297,0.25
corrected,240-R-mPFC-S1-NE_2023_01_20,51,2,Engaged,9.21429e-06,0.00438299,0.995608,0.219998,0,-0.125824,0.05
corrected,240-R-mPFC-S1-NE_2023_01_20,52,2,Engaged,1.44916e-05,0.00139106,0.998594,0.999279,1,-0.823547,1
corrected,240-R-mPFC-S1-NE_2023_01_20,53,2,Engaged,1.85483e-05,0.000405988,0.999575,0.999566,1,-0.0929564,0.5
corrected,240-R-mPFC-S1-NE_2023_01_20,54,2,Engaged,1.94367e-05,0.000175292,0.999805,0.969813,1,-0.185943,0.25
corrected,240-R-mPFC-S1-NE_2023_01_20,55,2,Engaged,2.06824e-05,0.00377432,0.996205,0.479127,0,0.818896,0.1
corrected,240-R-mPFC-S1-NE_2023_01_20,56,2,Engaged,3.12427e-05,0.000764183,0.999205,0.480467,1,0.678461,0.1
corrected,240-R-mPFC-S1-NE_2023_01_20,57,2,Engaged,2.9078e-05,0.00118252,0.998788,0.999387,1,0.282426,1
corrected,240-R-mPFC-S1-NE_2023_01_20,58,2,Engaged,2.5242e-05,0.00159488,0.99838,0.998539,1,0.679178,0.5
corrected,240-R-mPFC-S1-NE_2023_01_20,59,2,Engaged,1.55014e-05,0.00426116,0.995723,0.0795945,0,-0.0711452,0
corrected,240-R-mPFC-S1-NE_2023_01_20,60,2,Engaged,1.3292e-05,0.00174195,0.998245,0.0797285,0,-0.665506,0
corrected,240-R-mPFC-S1-NE_2023_01_20,61,2,Engaged,2.36186e-05,0.0012872,0.998689,0.968802,1,1.07058,0.25
corrected,240-R-mPFC-S1-NE_2023_01_20,62,2,Engaged,2.81842e-05,0.00578627,0.994186,0.219741,0,0.274539,0.05
corrected,240-R-mPFC-S1-NE_2023_01_20,63,2,Engaged,4.4652e-05,0.00119851,0.998757,0.220621,1,-0.831542,0.05
corrected,240-R-mPFC-S1-NE_2023_01_20,64,2,Engaged,3.54839e-05,0.0012759,0.998689,0.0797669,0,-0.845245,0
corrected,240-R-mPFC-S1-NE_2023_01_20,65,2,Engaged,4.95762e-05,0.0039143,0.996036,0.0796337,0,1.30277,0
corrected,240-R-mPFC-S1-NE_2023_01_20,66,2,Engaged,9.79995e-05,0.00405456,0.995847,0.220107,1,1.55308,0.05
corrected,240-R-mPFC-S1-NE_2023_01_20,67,2,Engaged,8.47322e-05,0.00194112,0.997974,0.220501,1,-0.838397,0.05
corrected,240-R-mPFC-S1-NE_2023_01_20,68,2,Engaged,3.92894e-05,0.0289333,0.971027,0.467962,0,1.32527,0.1
corrected,240-R-mPFC-S1-NE_2023_01_20,69,2,Engaged,1.8294e-05,0.0256229,0.974359,0.132803,0,0.112771,0.025
corrected,240-R-mPFC-S1-NE_2023_01_20,70,2,Engaged,1.35093e-05,0.0214891,0.978497,0.216753,0,0.403686,0.05
corrected,240-R-mPFC-S1-NE_2023_01_20,71,2,Engaged,1.59186e-05,0.00513215,0.994852,0.965308,1,-0.173504,0.25
corrected,240-R-mPFC-S1-NE_2023_01_20,72,2,Engaged,1.28295e-05,0.00777584,0.992211,0.995969,1,-0.585551,1
corrected,240-R-mPFC-S1-NE_2023_01_20,73,2,Engaged,4.67311e-06,0.0101257,0.98987,0.134455,0,-1.30593,0.025
corrected,240-R-mPFC-S1-NE_2023_01_20,74,2,Engaged,2.77096e-06,0.0140532,0.985944,0.474557,0,-0.677232,0.1
corrected,240-R-mPFC-S1-NE_2023_01_20,75,2,Engaged,2.1633e-06,0.00961578,0.990382,0.0792988,0,-0.806236,0
corrected,240-R-mPFC-S1-NE_2023_01_20,76,2,Engaged,2.38571e-06,0.0020097,0.997988,0.0797076,0,-0.971275,0
corrected,240-R-mPFC-S1-NE_2023_01_20,77,2,Engaged,7.64062e-06,0.0020043,0.997988,0.968151,1,1.7152,0.25
corrected,240-R-mPFC-S1-NE_2023_01_20,78,2,Engaged,5.84929e-06,0.00276472,0.997229,0.47957,0,-0.536744,0.1
corrected,240-R-mPFC-S1-NE_2023_01_20,79,2,Engaged,8.48347e-06,0.000520647,0.999471,0.969499,1,0.17162,0.25
corrected,240-R-mPFC-S1-NE_2023_01_20,80,2,Engaged,8.21308e-06,0.00203205,0.99796,0.0797099,0,0.129708,0
corrected,240-R-mPFC-S1-NE_2023_01_20,81,2,Engaged,1.31966e-05,0.000485454,0.999501,0.480585,1,0.139276,0.1
corrected,240-R-mPFC-S1-NE_2023_01_20,82,2,Engaged,1.56767e-05,0.0260564,0.973928,0.0784238,0,3.05488,0
corrected,240-R-mPFC-S1-NE_2023_01_20,83,2,Engaged,2.23174e-05,0.0229018,0.977076,0.216489,0,1.26695,0.05
corrected,240-R-mPFC-S1-NE_2023_01_20,84,2,Engaged,4.62693e-05,0.00484182,0.995112,0.478661,1,0.574781,0.1
corrected,240-R-mPFC-S1-NE_2023_01_20,85,2,Engaged,4.45602e-05,0.00158668,0.998369,0.999177,1,-0.685031,1
corrected,240-R-mPFC-S1-NE_2023_01_20,86,2,Engaged,4.32569e-05,0.000909478,0.999047,0.999131,1,0.162846,0.5
corrected,240-R-mPFC-S1-NE_2023_01_20,87,2,Engaged,3.96e-05,0.00362024,0.99634,0.135172,0,0.337332,0.025
corrected,240-R-mPFC-S1-NE_2023_01_20,88,2,Engaged,4.83569e-05,0.000442054,0.99951,0.480615,1,-0.356153,0.1
corrected,240-R-mPFC-S1-NE_2023_01_20,89,2,Engaged,4.34762e-05,0.00020503,0.999751,0.999739,1,-0.604817,0.5
corrected,240-R-mPFC-S1-NE_2023_01_20,90,2,Engaged,3.75141e-05,0.000211137,0.999751,0.969779,1,-0.263801,0.25
corrected,240-R-mPFC-S1-NE_2023_01_20,91,2,Engaged,2.62526e-05,0.000511579,0.999462,0.999475,1,-0.968004,0.5
corrected,240-R-mPFC-S1-NE_2023_01_20,92,2,Engaged,1.55007e-05,0.00592778,0.994057,0.219708,0,-0.18259,0.05
corrected,240-R-mPFC-S1-NE_2023_01_20,93,2,Engaged,1.29182e-05,0.00395303,0.996034,0.0796095,0,-0.95573,0
corrected,240-R-mPFC-S1-NE_2023_01_20,94,2,Engaged,1.84043e-05,0.00101172,0.99897,0.480353,1,-0.577339,0.1
corrected,240-R-mPFC-S1-NE_2023_01_20,95,2,Engaged,1.35792e-05,0.0024459,0.997541,0.135282,0,-1.07924,0.025
corrected,240-R-mPFC-S1-NE_2023_01_20,96,2,Engaged,1.59801e-05,0.00054345,0.999441,0.48056,1,-1.29487,0.1
corrected,240-R-mPFC-S1-NE_2023_01_20,97,2,Engaged,1.17914e-05,0.00458619,0.995402,0.135052,0,-0.675372,0.025
corrected,240-R-mPFC-S1-NE_2023_01_20,98,2,Engaged,1.39841e-05,0.00458272,0.995403,0.135054,0,-0.955023,0.025
corrected,240-R-mPFC-S1-NE_2023_01_20,99,2,Engaged,2.50859e-05,0.000396012,0.999579,0.480628,1,-1.33948,0.1
corrected,240-R-mPFC-S1-NE_2023_01_20,100,2,Engaged,2.51253e-05,8.03559e-05,0.999895,0.999847,1,-1.46636,0.5
corrected,240-R-mPFC-S1-NE_2023_01_20,101,2,Engaged,2.78638e-05,0.000333249,0.999639,0.969669,1,0.133793,0.25
corrected,240-R-mPFC-S1-NE_2023_01_20,102,2,Engaged,2.21931e-05,7.68003e-05,0.999901,0.969902,1,-1.62317,0.25
corrected,240-R-mPFC-S1-NE_2023_01_20,103,2,Engaged,1.54988e-05,8.3389e-05,0.999901,0.969897,1,-1.33145,0.25
corrected,240-R-mPFC-S1-NE_2023_01_20,104,2,Engaged,1.61812e-05,0.036594,0.96339,0.213887,0,3.02924,0.05
corrected,240-R-mPFC-S1-NE_2023_01_20,105,2,Engaged,2.14264e-05,0.0301819,0.969797,0.215107,0,0.941539,0.05
corrected,240-R-mPFC-S1-NE_2023_01_20,106,2,Engaged,4.30147e-05,0.00287803,0.997079,0.967355,1,0.0929192,0.25
corrected,240-R-mPFC-S1-NE_2023_01_20,107,2,Engaged,5.24518e-05,0.00132491,0.998623,0.998772,1,-0.197765,0.5
corrected,240-R-mPFC-S1-NE_2023_01_20,108,2,Engaged,5.87494e-05,0.00393527,0.996006,0.0796381,0,-0.169104,0
corrected,240-R-mPFC-S1-NE_2023_01_20,109,2,Engaged,8.39113e-05,0.000919284,0.998997,0.135487,1,-0.930111,0.025
corrected,240-R-mPFC-S1-NE_2023_01_20,110,2,Engaged,8.46739e-05,0.0567538,0.943162,0.129507,0,4.0562,0.025
corrected,240-R-mPFC-S1-NE_2023_01_20,111,2,Engaged,9.56813e-05,0.0205893,0.979315,0.989327,1,0.21754,1
corrected,240-R-mPFC-S1-NE_2023_01_20,112,2,Engaged,9.71468e-05,0.00219276,0.99771,0.479854,1,0.138578,0.1
corrected,240-R-mPFC-S1-NE_2023_01_20,113,2,Engaged,8.23753e-05,0.00359664,0.996321,0.0796705,0,0.789209,0
corrected,240-R-mPFC-S1-NE_2023_01_20,114,2,Engaged,8.76359e-05,0.000498667,0.999414,0.969515,1,0.455726,0.25
corrected,240-R-mPFC-S1-NE_2023_01_20,115,2,Engaged,8.75243e-05,0.000484324,0.999428,0.999497,1,0.0311682,0.5
corrected,240-R-mPFC-S1-NE_2023_01_20,116,2,Engaged,8.2798e-05,0.00105387,0.998863,0.999454,1,-0.270803,1
corrected,240-R-mPFC-S1-NE_2023_01_20,117,2,Engaged,7.61298e-05,0.00103854,0.998885,0.999019,1,-0.110123,0.5
corrected,240-R-mPFC-S1-NE_2023_01_20,118,2,Engaged,6.41125e-05,0.00339592,0.99654,0.13521,0,-0.4929,0.025
corrected,240-R-mPFC-S1-NE_2023_01_20,119,2,Engaged,6.95043e-05,0.000951652,0.998979,0.999507,1,-1.03186,1
corrected,240-R-mPFC-S1-NE_2023_01_20,120,2,Engaged,9.3554e-05,0.0119666,0.98794,0.993797,1,2.63567,1
corrected,240-R-mPFC-S1-NE_2023_01_20,121,2,Engaged,9.18515e-05,0.000245471,0.999663,0.480717,1,-0.843995,0.1
corrected,240-R-mPFC-S1-NE_2023_01_20,122,2,Engaged,9.01496e-05,0.00249716,0.997413,0.997759,1,2.09811,0.5
corrected,240-R-mPFC-S1-NE_2023_01_20,123,2,Engaged,7.23622e-05,0.00382482,0.996103,0.220137,0,0.210294,0.05
corrected,240-R-mPFC-S1-NE_2023_01_20,124,2,Engaged,7.81754e-05,0.00181293,0.998109,0.99835,1,0.359597,0.5
corrected,240-R-mPFC-S1-NE_2023_01_20,125,2,Engaged,7.53338e-05,0.00181359,0.998111,0.0797621,0,-0.553094,0
corrected,240-R-mPFC-S1-NE_2023_01_20,126,2,Engaged,0.000102819,0.00144933,0.998448,0.999249,1,0.434596,1
corrected,240-R-mPFC-S1-NE_2023_01_20,127,2,Engaged,0.000127108,0.000470727,0.999402,0.480628,1,0.46272,0.1
corrected,240-R-mPFC-S1-NE_2023_01_20,128,2,Engaged,0.000124894,0.000303717,0.999571,0.96969,1,-0.467199,0.25
corrected,240-R-mPFC-S1-NE_2023_01_20,129,2,Engaged,0.000129567,0.00970494,0.990165,0.476529,0,0.799814,0.1
corrected,240-R-mPFC-S1-NE_2023_01_20,130,2,Engaged,0.000165619,0.0101272,0.989707,0.0793699,0,0.745475,0
corrected,240-R-mPFC-S1-NE_2023_01_20,131,2,Engaged,0.000262548,0.000503232,0.999234,0.969501,1,-0.221273,0.25
corrected,240-R-mPFC-S1-NE_2023_01_20,132,2,Engaged,0.00038429,0.00211815,0.997498,0.135533,0,1.15377,0.025
corrected,240-R-mPFC-S1-NE_2023_01_20,133,2,Engaged,0.000782059,0.000814489,0.998403,0.96919,1,1.39213,0.25
corrected,240-R-mPFC-S1-NE_2023_01_20,134,2,Engaged,0.00109412,0.00205507,0.996851,0.968045,1,0.542266,0.25
corrected,240-R-mPFC-S1-NE_2023_01_23,1,2,Engaged,0.0262022,0.000387514,0.97341,0.999105,1,0.973564,0.5
corrected,240-R-mPFC-S1-NE_2023_01_23,2,2,Engaged,0.0249158,0.00197256,0.973112,0.998959,1,2.01358,1
corrected,240-R-mPFC-S1-NE_2023_01_23,3,2,Engaged,0.0234182,0.00204651,0.974535,0.997723,1,1.69604,0.5
corrected,240-R-mPFC-S1-NE_2023_01_23,4,2,Engaged,0.0215229,0.00479383,0.973683,0.997499,1,0.99046,1
corrected,240-R-mPFC-S1-NE_2023_01_23,5,2,Engaged,0.0198647,0.0167061,0.963429,0.991325,1,1.8949,1
corrected,240-R-mPFC-S1-NE_2023_01_23,6,2,Engaged,0.0177985,0.0289687,0.953233,0.942662,1,1.27625,0.25
corrected,240-R-mPFC-S1-NE_2023_01_23,7,2,Engaged,0.0128601,0.307098,0.680042,0.690136,0,1.60456,0.25
corrected,240-R-mPFC-S1-NE_2023_01_23,8,2,Engaged,0.0082079,0.237847,0.753945,0.377841,0,0.748065,0.1
corrected,240-R-mPFC-S1-NE_2023_01_23,9,2,Engaged,0.00640404,0.0875887,0.906007,0.95459,1,0.595103,1
corrected,240-R-mPFC-S1-NE_2023_01_23,10,2,Engaged,0.00450333,0.0109861,0.984511,0.95974,1,0.494318,0.25
corrected,240-R-mPFC-S1-NE_2023_01_23,11,2,Engaged,0.00320496,0.021297,0.975498,0.218472,0,2.22569,0.05
corrected,240-R-mPFC-S1-NE_2023_01_23,12,2,Engaged,0.00262054,0.0124138,0.984966,0.993563,1,0.872961,1
corrected,240-R-mPFC-S1-NE_2023_01_23,13,2,Engaged,0.00189,0.00285995,0.99525,0.96727,1,0.134894,0.25
corrected,240-R-mPFC-S1-NE_2023_01_23,14,2,Engaged,0.00107713,0.00498006,0.993943,0.220447,0,-0.339909,0.05
corrected,240-R-mPFC-S1-NE_2023_01_23,15,2,Engaged,0.000837554,0.00442799,0.994734,0.0800811,0,-0.0773814,0
corrected,240-R-mPFC-S1-NE_2023_01_23,16,2,Engaged,0.000763626,0.000472451,0.998764,0.480833,1,-0.182969,0.1
corrected,240-R-mPFC-S1-NE_2023_01_23,17,2,Engaged,0.000639993,0.00140709,0.997953,0.99927,1,0.346161,1
corrected,240-R-mPFC-S1-NE_2023_01_23,18,2,Engaged,0.00050535,0.00120725,0.998287,0.998865,1,0.176613,0.5
corrected,240-R-mPFC-S1-NE_2023_01_23,19,2,Engaged,0.000303799,0.00105804,0.998638,0.0799404,0,-1.17824,0
corrected,240-R-mPFC-S1-NE_2023_01_23,20,2,Engaged,0.000259461,0.000378231,0.999362,0.480712,1,-0.0343967,0.1
corrected,240-R-mPFC-S1-NE_2023_01_23,21,2,Engaged,0.000164115,0.0012854,0.99855,0.998804,1,-0.343041,0.5
corrected,240-R-mPFC-S1-NE_2023_01_23,22,2,Engaged,7.25848e-05,0.0121862,0.987741,0.21855,0,0.0906273,0.05
corrected,240-R-mPFC-S1-NE_2023_01_23,23,2,Engaged,3.35969e-05,0.0100956,0.989871,0.218926,0,-1.1139,0.05
corrected,240-R-mPFC-S1-NE_2023_01_23,24,2,Engaged,2.21021e-05,0.00407127,0.995907,0.135113,0,-1.24175,0.025
corrected,240-R-mPFC-S1-NE_2023_01_23,25,2,Engaged,2.65486e-05,0.00166359,0.99831,0.99848,1,0.0706418,0.5
corrected,240-R-mPFC-S1-NE_2023_01_23,26,2,Engaged,2.37922e-05,0.000716524,0.99926,0.480485,1,-1.11606,0.1
corrected,240-R-mPFC-S1-NE_2023_01_23,27,2,Engaged,1.03684e-05,0.00514903,0.994841,0.0795437,0,-1.12077,0
corrected,240-R-mPFC-S1-NE_2023_01_23,28,2,Engaged,4.94661e-06,0.00502808,0.994967,0.079547,0,-1.74364,0
corrected,240-R-mPFC-S1-NE_2023_01_23,29,2,Engaged,3.54697e-06,0.00334723,0.996649,0.0796364,0,-1.74352,0
corrected,240-R-mPFC-S1-NE_2023_01_23,30,2,Engaged,4.57154e-06,0.000385898,0.99961,0.969622,1,-1.60079,0.25
corrected,240-R-mPFC-S1-NE_2023_01_23,31,2,Engaged,3.22472e-06,0.00196184,0.998035,0.135328,0,-1.30635,0.025
corrected,240-R-mPFC-S1-NE_2023_01_23,32,2,Engaged,3.86847e-06,0.000354272,0.999642,0.969651,1,-1.53199,0.25
corrected,240-R-mPFC-S1-NE_2023_01_23,33,2,Engaged,1.89047e-06,0.00228561,0.997712,0.135293,0,-1.46094,0.025
corrected,240-R-mPFC-S1-NE_2023_01_23,34,2,Engaged,2.61261e-06,0.00701156,0.992986,0.079439,0,0.0365707,0
corrected,240-R-mPFC-S1-NE_2023_01_23,35,2,Engaged,3.41376e-06,0.00232537,0.997671,0.997909,1,-1.31402,0.5
corrected,240-R-mPFC-S1-NE_2023_01_23,36,2,Engaged,2.94535e-06,0.0176265,0.982371,0.217481,0,0.429494,0.05
corrected,240-R-mPFC-S1-NE_2023_01_23,37,2,Engaged,2.86282e-06,0.014255,0.985742,0.134011,0,-1.10176,0.025
corrected,240-R-mPFC-S1-NE_2023_01_23,38,2,Engaged,4.97575e-06,0.00981272,0.990182,0.994913,1,-0.939033,1
corrected,240-R-mPFC-S1-NE_2023_01_23,39,2,Engaged,3.15567e-06,0.00766279,0.992334,0.0794043,0,-1.36576,0
corrected,240-R-mPFC-S1-NE_2023_01_23,40,2,Engaged,4.79068e-06,0.00973359,0.990262,0.134497,0,-0.166891,0.025
corrected,240-R-mPFC-S1-NE_2023_01_23,41,2,Engaged,8.61613e-06,0.000998854,0.998993,0.480355,1,-1.43905,0.1
corrected,240-R-mPFC-S1-NE_2023_01_23,42,2,Engaged,5.65909e-06,0.00217489,0.997819,0.0797007,0,-1.06658,0
corrected,240-R-mPFC-S1-NE_2023_01_23,43,2,Engaged,7.14613e-06,0.00192313,0.99807,0.998256,1,-0.614661,0.5
corrected,240-R-mPFC-S1-NE_2023_01_23,44,2,Engaged,3.54578e-06,0.00367691,0.99632,0.135145,0,-1.81665,0.025
corrected,240-R-mPFC-S1-NE_2023_01_23,45,2,Engaged,2.85668e-06,0.00338207,0.996615,0.220185,0,-1.83476,0.05
corrected,240-R-mPFC-S1-NE_2023_01_23,46,2,Engaged,4.05997e-06,0.000287613,0.999708,0.999851,1,-1.95622,1
corrected,240-R-mPFC-S1-NE_2023_01_23,47,2,Engaged,7.2941e-06,0.0020839,0.997909,0.968079,1,1.59159,0.25
corrected,240-R-mPFC-S1-NE_2023_01_23,48,2,Engaged,4.20939e-06,0.0068102,0.993186,0.219534,0,-0.381827,0.05
corrected,240-R-mPFC-S1-NE_2023_01_23,49,2,Engaged,3.20469e-06,0.00356532,0.996431,0.135156,0,-1.29362,0.025
corrected,240-R-mPFC-S1-NE_2023_01_23,50,2,Engaged,5.55076e-06,0.0010061,0.998988,0.969058,1,-0.464288,0.25
corrected,240-R-mPFC-S1-NE_2023_01_23,51,2,Engaged,3.57035e-06,0.0022726,0.997724,0.220395,0,-1.41732,0.05
corrected,240-R-mPFC-S1-NE_2023_01_23,52,2,Engaged,4.19386e-06,0.000460416,0.999535,0.999519,1,-1.46859,0.5
corrected,240-R-mPFC-S1-NE_2023_01_23,53,2,Engaged,3.27915e-06,0.00253303,0.997464,0.479672,0,-0.450813,0.1
corrected,240-R-mPFC-S1-NE_2023_01_23,54,2,Engaged,6.42345e-06,0.00531958,0.994674,0.995323,1,1.31457,0.5
corrected,240-R-mPFC-S1-NE_2023_01_23,55,2,Engaged,4.28801e-06,0.0128021,0.987194,0.0791289,0,0.0423417,0
corrected,240-R-mPFC-S1-NE_2023_01_23,56,2,Engaged,4.337e-06,0.014077,0.985919,0.0790605,0,-0.413858,0
corrected,240-R-mPFC-S1-NE_2023_01_23,57,2,Engaged,6.70785e-06,0.00999852,0.989995,0.218931,0,-0.843246,0.05
corrected,240-R-mPFC-S1-NE_2023_01_23,58,2,Engaged,1.53337e-05,0.000352982,0.999632,0.999612,1,-1.11901,0.5
corrected,240-R-mPFC-S1-NE_2023_01_23,59,2,Engaged,2.68663e-05,0.000536565,0.999437,0.480566,1,0.977357,0.1
corrected,240-R-mPFC-S1-NE_2023_01_23,60,2,Engaged,2.69568e-05,0.0037681,0.996205,0.135148,0,0.724761,0.025
corrected,240-R-mPFC-S1-NE_2023_01_23,61,2,Engaged,3.81556e-05,0.00148034,0.998482,0.220564,1,0.195298,0.05
corrected,240-R-mPFC-S1-NE_2023_01_23,62,2,Engaged,3.14276e-05,0.0108674,0.989101,0.994366,1,1.5599,1
corrected,240-R-mPFC-S1-NE_2023_01_23,63,2,Engaged,1.0922e-05,0.00896516,0.991024,0.134582,0,-0.584835,0.025
corrected,240-R-mPFC-S1-NE_2023_01_23,64,2,Engaged,9.71081e-06,0.0282612,0.971729,0.132515,0,2.35384,0.025
corrected,240-R-mPFC-S1-NE_2023_01_23,65,2,Engaged,1.06942e-05,0.0166962,0.983293,0.0789236,0,0.202477,0
corrected,240-R-mPFC-S1-NE_2023_01_23,66,2,Engaged,1.88329e-05,0.000637563,0.999344,0.969393,1,0.0864218,0.25
corrected,240-R-mPFC-S1-NE_2023_01_23,67,2,Engaged,2.57241e-05,0.00113983,0.998834,0.998932,1,1.3443,0.5
corrected,240-R-mPFC-S1-NE_2023_01_23,68,2,Engaged,2.79655e-05,0.00399326,0.995979,0.479032,0,0.932405,0.1
corrected,240-R-mPFC-S1-NE_2023_01_23,69,2,Engaged,4.25004e-05,0.000426376,0.999531,0.999548,1,0.874182,0.5
corrected,240-R-mPFC-S1-NE_2023_01_23,70,2,Engaged,5.87075e-05,0.000816778,0.999125,0.99921,1,2.03064,0.5
corrected,240-R-mPFC-S1-NE_2023_01_23,71,2,Engaged,6.47496e-05,0.000547056,0.999388,0.480574,1,0.852137,0.1
corrected,240-R-mPFC-S1-NE_2023_01_23,72,2,Engaged,5.06545e-05,0.000754892,0.999194,0.999609,1,-0.303345,1
corrected,240-R-mPFC-S1-NE_2023_01_23,73,2,Engaged,3.57716e-05,0.000337107,0.999627,0.969665,1,0.0506984,0.25
corrected,240-R-mPFC-S1-NE_2023_01_23,74,2,Engaged,2.44706e-05,0.00951386,0.990462,0.134532,0,1.3531,0.025
corrected,240-R-mPFC-S1-NE_2023_01_23,75,2,Engaged,2.32995e-05,0.0096784,0.990298,0.994983,1,0.660644,1
corrected,240-R-mPFC-S1-NE_2023_01_23,76,2,Engaged,1.49204e-05,0.00584926,0.994136,0.994865,1,-0.523738,0.5
corrected,240-R-mPFC-S1-NE_2023_01_23,77,2,Engaged,5.83807e-06,0.0304271,0.969567,0.132281,0,0.642582,0.025
corrected,240-R-mPFC-S1-NE_2023_01_23,78,2,Engaged,2.63146e-06,0.0435682,0.956429,0.212556,0,0.273873,0.05
corrected,240-R-mPFC-S1-NE_2023_01_23,79,2,Engaged,2.1016e-06,0.0589566,0.941041,0.0766482,0,0.810071,0
corrected,240-R-mPFC-S1-NE_2023_01_23,80,2,Engaged,1.92347e-06,0.0601215,0.939877,0.0765855,0,0.120636,0
corrected,240-R-mPFC-S1-NE_2023_01_23,81,2,Engaged,1.96088e-06,0.0504835,0.949515,0.130131,0,-0.458897,0.025
corrected,240-R-mPFC-S1-NE_2023_01_23,82,2,Engaged,2.61145e-06,0.0331664,0.966831,0.214531,0,-0.774665,0.05
corrected,240-R-mPFC-S1-NE_2023_01_23,83,2,Engaged,5.75648e-06,0.0205848,0.979409,0.133335,0,-0.160169,0.025
corrected,240-R-mPFC-S1-NE_2023_01_23,84,2,Engaged,1.53085e-05,0.00241591,0.997569,0.99783,1,-0.306614,0.5
corrected,240-R-mPFC-S1-NE_2023_01_23,85,2,Engaged,1.97224e-05,0.000620563,0.99936,0.969408,1,-0.0698738,0.25
corrected,240-R-mPFC-S1-NE_2023_01_23,86,2,Engaged,1.85668e-05,0.000926836,0.999055,0.0797755,0,-1.06229,0
corrected,240-R-mPFC-S1-NE_2023_01_23,87,2,Engaged,3.07366e-05,0.000138884,0.99983,0.480744,1,-0.102327,0.1
corrected,240-R-mPFC-S1-NE_2023_01_23,88,2,Engaged,3.53826e-05,0.00098192,0.998983,0.999068,1,0.80566,0.5
corrected,240-R-mPFC-S1-NE_2023_01_23,89,2,Engaged,2.93625e-05,0.000134629,0.999836,0.9998,1,-1.19718,0.5
corrected,240-R-mPFC-S1-NE_2023_01_23,90,2,Engaged,2.55689e-05,0.000366332,0.999608,0.969639,1,0.0894064,0.25
corrected,240-R-mPFC-S1-NE_2023_01_23,91,2,Engaged,2.28299e-05,0.013482,0.986495,0.134106,0,1.32225,0.025
corrected,240-R-mPFC-S1-NE_2023_01_23,92,2,Engaged,2.98427e-05,0.0181106,0.98186,0.217403,0,0.931377,0.05
corrected,240-R-mPFC-S1-NE_2023_01_23,93,2,Engaged,5.1642e-05,0.00504013,0.994908,0.219895,1,-0.457362,0.05
corrected,240-R-mPFC-S1-NE_2023_01_23,94,2,Engaged,4.51551e-05,0.00873757,0.991217,0.476931,0,0.152117,0.1
corrected,240-R-mPFC-S1-NE_2023_01_23,95,2,Engaged,5.03642e-05,0.000972345,0.998977,0.999076,1,-0.53929,0.5
corrected,240-R-mPFC-S1-NE_2023_01_23,96,2,Engaged,5.43621e-05,0.000825084,0.999121,0.999572,1,0.105006,1
corrected,240-R-mPFC-S1-NE_2023_01_23,97,2,Engaged,6.49361e-05,0.00511528,0.99482,0.0795784,0,2.20199,0
corrected,240-R-mPFC-S1-NE_2023_01_23,98,2,Engaged,9.40762e-05,0.000219656,0.999686,0.969768,1,1.00746,0.25
corrected,240-R-mPFC-S1-NE_2023_01_23,99,2,Engaged,0.000135789,0.00224109,0.997623,0.997979,1,3.02298,0.5
corrected,240-R-mPFC-S1-NE_2023_01_23,100,2,Engaged,0.00014655,0.000495336,0.999358,0.480623,1,0.319131,0.1
corrected,240-R-mPFC-S1-NE_2023_01_23,101,2,Engaged,0.000133294,0.000472134,0.999395,0.480629,1,-0.280752,0.1
corrected,240-R-mPFC-S1-NE_2023_01_23,102,2,Engaged,9.61899e-05,0.00387423,0.99603,0.479107,0,-0.365811,0.1
corrected,240-R-mPFC-S1-NE_2023_01_23,103,2,Engaged,9.09873e-05,0.00314854,0.99676,0.220275,1,0.0566376,0.05
corrected,240-R-mPFC-S1-NE_2023_01_23,104,2,Engaged,3.28889e-05,0.00951319,0.990454,0.134537,0,-0.207124,0.025
corrected,240-R-mPFC-S1-NE_2023_01_23,105,2,Engaged,1.77855e-05,0.0184597,0.981522,0.21733,0,0.532934,0.05
corrected,240-R-mPFC-S1-NE_2023_01_23,106,2,Engaged,1.01069e-05,0.0066472,0.993343,0.0794631,0,-1.33888,0
corrected,240-R-mPFC-S1-NE_2023_01_23,107,2,Engaged,1.35345e-05,0.00670394,0.993283,0.996525,1,0.814452,1
corrected,240-R-mPFC-S1-NE_2023_01_23,108,2,Engaged,1.04872e-05,0.00158302,0.998406,0.968534,1,-0.607165,0.25
corrected,240-R-mPFC-S1-NE_2023_01_23,109,2,Engaged,4.66059e-06,0.00643868,0.993557,0.219605,0,-0.519759,0.05
corrected,240-R-mPFC-S1-NE_2023_01_23,110,2,Engaged,3.6546e-06,0.00913868,0.990858,0.219092,0,-0.213266,0.05
corrected,240-R-mPFC-S1-NE_2023_01_23,111,2,Engaged,5.16646e-06,0.0070812,0.992914,0.134781,0,-0.34983,0.025
corrected,240-R-mPFC-S1-NE_2023_01_23,112,2,Engaged,1.10039e-05,0.000558289,0.999431,0.480552,1,-0.580705,0.1
corrected,240-R-mPFC-S1-NE_2023_01_23,113,2,Engaged,9.7117e-06,0.000728875,0.999261,0.96931,1,-0.163702,0.25
corrected,240-R-mPFC-S1-NE_2023_01_23,114,2,Engaged,5.50476e-06,0.00872501,0.991269,0.134605,0,-0.213795,0.025
corrected,240-R-mPFC-S1-NE_2023_01_23,115,2,Engaged,7.66483e-06,0.0320005,0.967992,0.0780996,0,1.33698,0
corrected,240-R-mPFC-S1-NE_2023_01_23,116,2,Engaged,1.22867e-05,0.0291706,0.970817,0.0782544,0,-0.342779,0
corrected,240-R-mPFC-S1-NE_2023_01_23,117,2,Engaged,3.25055e-05,0.0357556,0.964212,0.131726,0,0.793881,0.025
corrected,240-R-mPFC-S1-NE_2023_01_23,118,2,Engaged,8.90391e-05,0.0307885,0.969123,0.215027,0,0.155198,0.05
corrected,240-R-mPFC-S1-NE_2023_01_23,119,2,Engaged,0.000260649,0.00265852,0.997081,0.997616,1,-0.977882,0.5
corrected,240-R-mPFC-S1-NE_2023_01_23,120,2,Engaged,0.000390363,0.000437164,0.999172,0.969554,1,-0.478314,0.25
corrected,240-R-mPFC-S1-NE_2023_01_23,121,2,Engaged,0.000504122,0.000908349,0.998588,0.0800692,0,-0.886511,0
corrected,240-R-mPFC-S1-NE_2023_01_23,122,2,Engaged,0.000979657,0.00064768,0.998373,0.480825,1,0.302908,0.1
corrected,240-R-mPFC-S1-NE_2023_01_23,123,2,Engaged,0.0012209,0.0033595,0.99542,0.479698,0,-0.116931,0.1
corrected,240-R-mPFC-S1-NE_2023_01_23,124,2,Engaged,0.0019348,0.00113169,0.996934,0.22163,1,0.0814124,0.05
corrected,240-R-mPFC-S1-NE_2023_01_23,125,2,Engaged,0.00212062,0.00227461,0.995605,0.136525,0,0.0932446,0.025
corrected,240-R-mPFC-S1-NE_2023_01_23,126,2,Engaged,0.00274854,0.0003001,0.996951,0.969549,1,0.170119,0.25
corrected,240-R-mPFC-S1-NE_2023_01_23,127,2,Engaged,0.00335343,0.000426391,0.99622,0.222512,1,0.0212241,0.05
corrected,240-R-mPFC-S1-NE_2023_01_23,128,2,Engaged,0.00351618,0.00202199,0.994462,0.137362,0,0.249606,0.025
corrected,240-R-mPFC-S1-NE_2023_01_23,129,2,Engaged,0.00409132,0.000264186,0.995644,0.482,1,0.250819,0.1
corrected,240-R-mPFC-S1-NE_2023_01_23,130,2,Engaged,0.00441109,0.000200263,0.995389,0.969548,1,0.310374,0.25
corrected,240-R-mPFC-S1-NE_2023_01_23,131,2,Engaged,0.00467662,0.000164276,0.995159,0.969566,1,-0.413801,0.25
corrected,240-R-mPFC-S1-NE_2023_01_23,132,2,Engaged,0.00517648,0.0107903,0.984033,0.221505,0,1.64775,0.05
corrected,240-R-mPFC-S1-NE_2023_01_23,133,2,Engaged,0.00622239,0.0014041,0.992374,0.968354,1,-0.420635,0.25
corrected,240-R-mPFC-S1-NE_2023_01_23,134,2,Engaged,0.00722835,0.00365996,0.989112,0.139343,0,-0.133449,0.025
corrected,240-R-mPFC-S1-NE_2023_01_23,135,2,Engaged,0.00997446,0.000365465,0.98966,0.226014,1,-0.738936,0.05
corrected,240-R-mPFC-S1-NE_2023_01_23,136,2,Engaged,0.0108888,8.28809e-05,0.989028,0.969298,1,-0.0181257,0.25
corrected,240-R-mPFC-S1-NE_2023_01_23,137,2,Engaged,0.0122255,0.00147434,0.9863,0.998421,1,1.25196,0.5
corrected,240-R-mPFC-S1-NE_2023_01_23,138,2,Engaged,0.013122,0.0028229,0.984055,0.227206,1,-0.178819,0.05
corrected,241-R-mPFC-S1-NE_2022_12_22,1,0,Liberal,0.5625,0.000934006,0.436566,0.938135,1,-0.0645486,0.25
corrected,241-R-mPFC-S1-NE_2022_12_22,2,0,Liberal,0.561434,0.00138281,0.437183,0.516519,0,-1.28072,0.05
corrected,241-R-mPFC-S1-NE_2022_12_22,3,0,Liberal,0.561779,5.15855e-05,0.438169,0.938976,1,-1.56297,0.25
corrected,241-R-mPFC-S1-NE_2022_12_22,4,0,Liberal,0.562575,9.46729e-05,0.43733,0.662408,1,-0.417926,0.1
corrected,241-R-mPFC-S1-NE_2022_12_22,5,0,Liberal,0.562477,0.000112137,0.437411,0.989584,1,-1.12218,0.5
corrected,241-R-mPFC-S1-NE_2022_12_22,6,0,Liberal,0.562359,0.000143332,0.437498,0.517242,1,-1.25136,0.05
corrected,241-R-mPFC-S1-NE_2022_12_22,7,0,Liberal,0.560184,0.000375741,0.43944,0.999388,1,-1.42095,1
corrected,241-R-mPFC-S1-NE_2022_12_22,8,0,Liberal,0.558234,0.000513098,0.441253,0.459769,0,-1.09628,0.025
corrected,241-R-mPFC-S1-NE_2022_12_22,9,0,Liberal,0.558382,0.000152749,0.441465,0.989623,1,-0.117338,0.5
corrected,241-R-mPFC-S1-NE_2022_12_22,10,0,Liberal,0.558604,0.000195501,0.4412,0.989582,1,0.110426,0.5
corrected,241-R-mPFC-S1-NE_2022_12_22,11,0,Liberal,0.558607,8.99606e-05,0.441303,0.661129,1,-0.594947,0.1
corrected,241-R-mPFC-S1-NE_2022_12_22,12,0,Liberal,0.557879,0.000237515,0.441884,0.416123,1,-0.821261,0
corrected,241-R-mPFC-S1-NE_2022_12_22,13,0,Liberal,0.550428,0.000773383,0.448798,0.999189,1,-0.10185,1
corrected,241-R-mPFC-S1-NE_2022_12_22,14,0,Liberal,0.540905,4.82587e-05,0.459047,0.655431,1,-0.989686,0.1
corrected,241-R-mPFC-S1-NE_2022_12_22,15,0,Liberal,0.529267,9.48586e-05,0.470639,0.651653,1,0.165606,0.1
corrected,241-R-mPFC-S1-NE_2022_12_22,16,0,Liberal,0.51175,0.00110569,0.487144,0.999045,1,0.657697,1
corrected,241-R-mPFC-S1-NE_2022_12_22,17,2,Engaged,0.49368,0.00194314,0.504377,0.998625,1,0.62831,1
corrected,241-R-mPFC-S1-NE_2022_12_22,18,2,Engaged,0.475908,0.0036351,0.520457,0.366523,0,0.806227,0
corrected,241-R-mPFC-S1-NE_2022_12_22,19,2,Engaged,0.469046,0.00189463,0.52906,0.989745,1,0.374119,0.5
corrected,241-R-mPFC-S1-NE_2022_12_22,20,2,Engaged,0.462737,0.00674492,0.530518,0.627218,0,0.879908,0.1
corrected,241-R-mPFC-S1-NE_2022_12_22,21,2,Engaged,0.459504,0.000886191,0.53961,0.990789,1,-0.501537,0.5
corrected,241-R-mPFC-S1-NE_2022_12_22,22,2,Engaged,0.456997,0.00135334,0.541649,0.355246,0,0.370902,0
corrected,241-R-mPFC-S1-NE_2022_12_22,23,2,Engaged,0.45661,0.000678204,0.542712,0.991021,1,0.769784,0.5
corrected,241-R-mPFC-S1-NE_2022_12_22,24,2,Engaged,0.456663,0.00933443,0.534003,0.45978,0,2.65415,0.05
corrected,241-R-mPFC-S1-NE_2022_12_22,25,2,Engaged,0.45759,0.000754195,0.541656,0.628216,1,0.123265,0.1
corrected,241-R-mPFC-S1-NE_2022_12_22,26,2,Engaged,0.457555,0.000117396,0.542327,0.462,1,0.065671,0.05
corrected,241-R-mPFC-S1-NE_2022_12_22,27,2,Engaged,0.456059,7.87894e-05,0.543862,0.991549,1,0.897993,0.5
corrected,241-R-mPFC-S1-NE_2022_12_22,28,2,Engaged,0.45508,0.000586199,0.544334,0.944369,1,2.24886,0.25
corrected,241-R-mPFC-S1-NE_2022_12_22,29,2,Engaged,0.452971,0.000931128,0.546097,0.990869,1,0.0262242,0.5
corrected,241-R-mPFC-S1-NE_2022_12_22,30,2,Engaged,0.451059,0.00791963,0.541022,0.995558,1,0.564417,1
corrected,241-R-mPFC-S1-NE_2022_12_23,1,2,Engaged,0.00292151,0.00996059,0.987118,0.0810402,0,-0.487358,0
corrected,241-R-mPFC-S1-NE_2022_12_23,2,2,Engaged,0.00206406,0.0014067,0.996529,0.968581,1,-0.424665,0.25
corrected,241-R-mPFC-S1-NE_2022_12_23,3,2,Engaged,0.00123921,0.00309193,0.995669,0.135925,0,-0.412635,0.025
corrected,241-R-mPFC-S1-NE_2022_12_23,4,2,Engaged,0.000943364,0.000388339,0.998668,0.969568,1,-0.815204,0.25
corrected,241-R-mPFC-S1-NE_2022_12_23,5,2,Engaged,0.000727049,0.00408216,0.995191,0.997883,1,0.209364,1
corrected,241-R-mPFC-S1-NE_2022_12_23,6,2,Engaged,0.000443206,0.00540498,0.994152,0.997198,1,-0.700961,1
corrected,241-R-mPFC-S1-NE_2022_12_23,7,2,Engaged,0.000173242,0.0111814,0.988645,0.134439,0,-0.391382,0.025
corrected,241-R-mPFC-S1-NE_2022_12_23,8,2,Engaged,6.55693e-05,0.00903467,0.9909,0.0793683,0,-1.20347,0
corrected,241-R-mPFC-S1-NE_2022_12_23,9,2,Engaged,3.58842e-05,0.00871315,0.991251,0.21919,0,-0.508306,0.05
corrected,241-R-mPFC-S1-NE_2022_12_23,10,2,Engaged,2.70451e-05,0.0016284,0.998345,0.968492,1,-1.01792,0.25
corrected,241-R-mPFC-S1-NE_2022_12_23,11,2,Engaged,1.5932e-05,0.00565644,0.994328,0.13494,0,-0.874241,0.025
corrected,241-R-mPFC-S1-NE_2022_12_23,12,2,Engaged,1.49907e-05,0.00693403,0.993051,0.477722,0,-0.873033,0.1
corrected,241-R-mPFC-S1-NE_2022_12_23,13,2,Engaged,2.09151e-05,0.000843206,0.999136,0.999188,1,-1.10766,0.5
corrected,241-R-mPFC-S1-NE_2022_12_23,14,2,Engaged,2.37224e-05,0.000195186,0.999781,0.969794,1,-0.942106,0.25
corrected,241-R-mPFC-S1-NE_2022_12_23,15,2,Engaged,2.41752e-05,0.000959817,0.999016,0.999502,1,-0.956905,1
corrected,241-R-mPFC-S1-NE_2022_12_23,16,2,Engaged,2.31164e-05,0.00182571,0.998151,0.999054,1,-0.548774,1
corrected,241-R-mPFC-S1-NE_2022_12_23,17,2,Engaged,1.81853e-05,0.00181396,0.998168,0.99835,1,-0.853953,0.5
corrected,241-R-mPFC-S1-NE_2022_12_23,18,2,Engaged,9.77939e-06,0.00861456,0.991376,0.476974,0,-0.950163,0.1
corrected,241-R-mPFC-S1-NE_2022_12_23,19,2,Engaged,8.9802e-06,0.0123308,0.98766,0.134221,0,-0.324607,0.025
corrected,241-R-mPFC-S1-NE_2022_12_23,20,2,Engaged,1.16786e-05,0.00536753,0.994621,0.965094,1,-1.54893,0.25
corrected,241-R-mPFC-S1-NE_2022_12_23,21,2,Engaged,1.22458e-05,0.036067,0.963921,0.981303,1,-0.706693,1
corrected,241-R-mPFC-S1-NE_2022_12_23,22,2,Engaged,7.66151e-06,0.093648,0.906344,0.0747879,0,-1.02325,0
corrected,241-R-mPFC-S1-NE_2022_12_23,23,2,Engaged,7.85226e-06,0.145656,0.854336,0.416126,0,-1.30199,0.1
corrected,241-R-mPFC-S1-NE_2022_12_23,24,2,Engaged,1.32281e-05,0.174598,0.825389,0.849126,1,-1.37117,0.5
corrected,241-R-mPFC-S1-NE_2022_12_23,25,1,Conservative,4.52822e-06,0.683416,0.316579,0.177357,0,-0.688827,0.1
corrected,241-R-mPFC-S1-NE_2022_12_23,26,1,Conservative,2.54041e-06,0.93693,0.063067,0.118372,0,-1.0112,0.25
corrected,241-R-mPFC-S1-NE_2022_12_23,27,1,Conservative,2.3574e-06,0.937942,0.0620558,0.0294285,0,-1.07476,0
corrected,241-R-mPFC-S1-NE_2022_12_23,28,1,Conservative,3.03477e-06,0.960434,0.0395633,0.0970095,0,-0.0893933,0.25
corrected,241-R-mPFC-S1-NE_2022_12_23,29,1,Conservative,8.29813e-06,0.903166,0.0968261,0.219902,1,0.032854,0.5
corrected,241-R-mPFC-S1-NE_2022_12_23,30,1,Conservative,2.66392e-06,0.922639,0.0773585,0.0302507,0,0.385746,0
corrected,241-R-mPFC-S1-NE_2022_12_23,31,1,Conservative,1.15843e-06,0.930031,0.069968,0.0359371,0,-0.392918,0.025
corrected,241-R-mPFC-S1-NE_2022_12_23,32,1,Conservative,8.30419e-07,0.933631,0.0663678,0.0296591,0,-0.821205,0
corrected,241-R-mPFC-S1-NE_2022_12_23,33,1,Conservative,4.60237e-07,0.959471,0.0405287,0.038692,0,0.14331,0.05
corrected,241-R-mPFC-S1-NE_2022_12_23,34,1,Conservative,4.01759e-08,0.999989,1.06913e-05,0.136281,0,0.784565,0.5
corrected,241-R-mPFC-S1-NE_2022_12_23,35,1,Conservative,3.72618e-07,0.990724,0.0092757,0.0327593,0,-0.546117,0.05
corrected,241-R-mPFC-S1-NE_2022_12_23,36,1,Conservative,3.74523e-07,0.99213,0.00786937,0.0292863,0,0.771991,0.025
corrected,241-R-mPFC-S1-NE_2022_12_23,37,1,Conservative,5.00119e-07,0.996848,0.00315146,0.0639117,0,0.946329,0.25
corrected,241-R-mPFC-S1-NE_2022_12_23,38,1,Conservative,3.66795e-06,0.952408,0.0475888,0.506285,1,-0.0491653,1
corrected,241-R-mPFC-S1-NE_2022_12_23,39,1,Conservative,2.06146e-06,0.924151,0.0758473,0.0453975,0,-0.706314,0.05
corrected,241-R-mPFC-S1-NE_2022_12_23,40,1,Conservative,2.03677e-06,0.90401,0.0959876,0.0312511,0,-0.360546,0
corrected,241-R-mPFC-S1-NE_2022_12_23,41,1,Conservative,2.21289e-06,0.921885,0.0781126,0.0302909,0,1.45375,0
corrected,241-R-mPFC-S1-NE_2022_12_23,42,1,Conservative,5.88567e-06,0.911394,0.0886004,0.212796,1,-0.228395,0.5
corrected,241-R-mPFC-S1-NE_2022_12_23,43,1,Conservative,1.64618e-06,0.964292,0.0357068,0.0526457,0,-0.389158,0.1
corrected,241-R-mPFC-S1-NE_2022_12_23,44,1,Conservative,9.5741e-07,0.990123,0.00987591,0.0700241,0,-0.713945,0.25
corrected,241-R-mPFC-S1-NE_2022_12_23,45,1,Conservative,3.32891e-07,0.999566,0.000434105,0.0614417,0,2.27944,0.25
corrected,241-R-mPFC-S1-NE_2022_12_23,46,1,Conservative,3.57011e-06,0.985971,0.0140255,0.073798,0,-0.376132,0.25
corrected,241-R-mPFC-S1-NE_2022_12_23,47,1,Conservative,1.92177e-05,0.742834,0.257147,0.614925,1,0.236934,1
corrected,241-R-mPFC-S1-NE_2022_12_23,48,1,Conservative,1.30598e-05,0.549466,0.450521,0.0766998,0,-0.538237,0.025
corrected,241-R-mPFC-S1-NE_2022_12_23,49,2,Engaged,1.54476e-05,0.229391,0.770594,0.37895,0,-1.28573,0.1
corrected,241-R-mPFC-S1-NE_2022_12_23,50,2,Engaged,2.71585e-05,0.0478593,0.952114,0.926471,1,0.0802002,0.25
corrected,241-R-mPFC-S1-NE_2022_12_23,51,2,Engaged,1.70968e-05,0.036231,0.963752,0.131666,0,-0.366543,0.025
corrected,241-R-mPFC-S1-NE_2022_12_23,52,2,Engaged,1.76595e-05,0.0217101,0.978272,0.950239,1,-0.352118,0.25
corrected,241-R-mPFC-S1-NE_2022_12_23,53,2,Engaged,1.3497e-05,0.0647385,0.935248,0.0763444,0,0.0916602,0
corrected,241-R-mPFC-S1-NE_2022_12_23,54,2,Engaged,1.48673e-05,0.0791303,0.920855,0.931576,1,-0.996796,0.5
corrected,241-R-mPFC-S1-NE_2022_12_23,55,2,Engaged,6.18772e-06,0.323193,0.676801,0.159478,0,-0.44856,0.05
corrected,241-R-mPFC-S1-NE_2022_12_23,56,1,Conservative,3.49637e-06,0.655051,0.344946,0.0964806,0,0.116412,0.05
corrected,241-R-mPFC-S1-NE_2022_12_23,57,1,Conservative,2.92014e-06,0.997135,0.00286196,0.138746,0,0.360968,0.5
corrected,241-R-mPFC-S1-NE_2022_12_23,58,1,Conservative,4.47988e-06,0.868391,0.131604,0.0425402,0,0.344266,0.025
corrected,241-R-mPFC-S1-NE_2022_12_23,59,1,Conservative,9.57542e-06,0.541669,0.458322,0.118007,0,-0.851704,0.05
corrected,241-R-mPFC-S1-NE_2022_12_23,60,2,Engaged,1.96418e-05,0.269476,0.730505,0.767185,1,-0.515206,0.5
corrected,241-R-mPFC-S1-NE_2022_12_23,61,2,Engaged,7.93029e-06,0.252326,0.747666,0.108519,0,-0.262259,0.025
corrected,241-R-mPFC-S1-NE_2022_12_23,62,2,Engaged,3.71818e-06,0.217141,0.782855,0.179608,0,-0.772447,0.05
corrected,241-R-mPFC-S1-NE_2022_12_23,63,2,Engaged,3.66761e-06,0.21496,0.785036,0.385354,0,0.572256,0.1
corrected,241-R-mPFC-S1-NE_2022_12_23,64,2,Engaged,5.73293e-06,0.137266,0.862729,0.120839,0,-0.677327,0.025
corrected,241-R-mPFC-S1-NE_2022_12_23,65,2,Engaged,1.23246e-05,0.0289133,0.971074,0.974946,1,-1.14759,0.5
corrected,241-R-mPFC-S1-NE_2022_12_23,66,2,Engaged,1.04607e-05,0.0330665,0.966923,0.132001,0,0.29418,0.025
corrected,241-R-mPFC-S1-NE_2022_12_23,67,2,Engaged,1.35137e-05,0.0233361,0.97665,0.948762,1,-0.639797,0.25
corrected,241-R-mPFC-S1-NE_2022_12_23,68,2,Engaged,1.1813e-05,0.085357,0.914631,0.204628,0,-0.204808,0.05
corrected,241-R-mPFC-S1-NE_2022_12_23,69,2,Engaged,1.72749e-05,0.11866,0.881323,0.897436,1,-0.735455,0.5
corrected,241-R-mPFC-S1-NE_2022_12_23,70,1,Conservative,8.36977e-06,0.6153,0.384692,0.104029,0,-0.0781381,0.05
corrected,241-R-mPFC-S1-NE_2022_12_23,71,1,Conservative,9.26741e-06,0.863619,0.136372,0.185006,0,-0.854047,0.25
corrected,241-R-mPFC-S1-NE_2022_12_23,72,1,Conservative,1.09344e-05,0.881065,0.118924,0.0896018,0,0.435346,0.1
corrected,241-R-mPFC-S1-NE_2022_12_23,73,1,Conservative,2.67603e-05,0.866299,0.133675,0.18257,1,-0.499894,0.25
corrected,241-R-mPFC-S1-NE_2022_12_23,74,1,Conservative,1.98366e-05,0.998014,0.00196597,0.137986,0,-0.662774,0.5
corrected,241-R-mPFC-S1-NE_2022_12_23,75,1,Conservative,3.60172e-05,0.69862,0.301344,0.334977,1,-1.21211,0.25
corrected,241-R-mPFC-S1-NE_2022_12_23,76,1,Conservative,7.7076e-06,0.836934,0.163059,0.109195,0,1.35316,0.1
corrected,241-R-mPFC-S1-NE_2022_12_23,77,1,Conservative,3.73369e-06,0.849213,0.150783,0.103742,0,-0.323082,0.1
corrected,241-R-mPFC-S1-NE_2022_12_23,78,1,Conservative,4.23033e-07,0.994622,0.00537729,0.0659348,0,2.91088,0.25
corrected,241-R-mPFC-S1-NE_2022_12_23,79,1,Conservative,2.70945e-07,0.992038,0.00796162,0.0325097,0,1.54706,0.05
corrected,241-R-mPFC-S1-NE_2022_12_23,80,1,Conservative,6.84966e-07,0.969576,0.0304238,0.0317019,0,-0.523023,0.025
corrected,241-R-mPFC-S1-NE_2022_12_23,81,1,Conservative,1.03535e-06,0.954136,0.0458633,0.0285577,0,-0.285838,0
corrected,241-R-mPFC-S1-NE_2022_12_23,82,1,Conservative,8.57779e-07,0.970527,0.0294718,0.0365934,0,1.77223,0.05
corrected,241-R-mPFC-S1-NE_2022_12_23,83,1,Conservative,2.01417e-06,0.975702,0.0242959,0.0831318,0,1.0298,0.25
corrected,241-R-mPFC-S1-NE_2022_12_23,84,1,Conservative,1.11614e-05,0.82128,0.178709,0.290622,1,0.597587,0.5
corrected,241-R-mPFC-S1-NE_2022_12_23,85,1,Conservative,4.10167e-06,0.811358,0.188638,0.0668097,0,0.532633,0.05
corrected,241-R-mPFC-S1-NE_2022_12_23,86,1,Conservative,2.06677e-06,0.781663,0.218335,0.0724454,0,-0.010175,0.05
corrected,241-R-mPFC-S1-NE_2022_12_23,87,1,Conservative,1.6018e-06,0.749697,0.250301,0.0552499,0,0.0643593,0.025
corrected,241-R-mPFC-S1-NE_2022_12_23,88,1,Conservative,1.67565e-06,0.717375,0.282624,0.0846489,0,0.0763997,0.05
corrected,241-R-mPFC-S1-NE_2022_12_23,89,1,Conservative,2.21981e-06,0.734229,0.265768,0.0814498,0,1.92811,0.05
corrected,241-R-mPFC-S1-NE_2022_12_23,90,1,Conservative,7.44925e-06,0.650191,0.349801,0.66295,1,-0.521761,1
corrected,241-R-mPFC-S1-NE_2022_12_23,91,1,Conservative,4.45815e-06,0.627907,0.372088,0.0682943,0,-0.365421,0.025
corrected,241-R-mPFC-S1-NE_2022_12_23,92,1,Conservative,4.87902e-06,0.632445,0.367551,0.0678087,0,0.53408,0.025
corrected,241-R-mPFC-S1-NE_2022_12_23,93,1,Conservative,1.06304e-05,0.589602,0.410387,0.490709,1,-0.871403,0.5
corrected,241-R-mPFC-S1-NE_2022_12_23,94,1,Conservative,5.34093e-06,0.665235,0.33476,0.0945484,0,-0.577223,0.05
corrected,241-R-mPFC-S1-NE_2022_12_23,95,1,Conservative,4.52139e-06,0.809397,0.190598,0.0363353,0,0.360317,0
corrected,241-R-mPFC-S1-NE_2022_12_23,96,1,Conservative,6.57513e-06,0.99868,0.00131325,0.137411,0,0.716284,0.5
corrected,241-R-mPFC-S1-NE_2022_12_23,97,1,Conservative,4.72509e-05,0.683991,0.315962,0.40919,1,-0.736209,0.5
corrected,241-R-mPFC-S1-NE_2022_12_23,98,1,Conservative,4.0398e-05,0.684446,0.315514,0.408798,1,0.229422,0.5
corrected,241-R-mPFC-S1-NE_2022_12_23,99,1,Conservative,1.42909e-05,0.725924,0.274062,0.158486,0,-1.36301,0.1
corrected,241-R-mPFC-S1-NE_2022_12_23,100,1,Conservative,3.87544e-06,0.852151,0.147845,0.0340381,0,0.53061,0
corrected,241-R-mPFC-S1-NE_2022_12_23,101,1,Conservative,1.20022e-06,0.919849,0.0801496,0.0723782,0,-0.271738,0.1
corrected,241-R-mPFC-S1-NE_2022_12_23,102,1,Conservative,5.42632e-07,0.959069,0.0409307,0.032827,0,-0.312271,0.025
corrected,241-R-mPFC-S1-NE_2022_12_23,103,1,Conservative,7.66443e-08,0.999975,2.45108e-05,0.136293,0,-0.327905,0.5
corrected,241-R-mPFC-S1-NE_2022_12_23,104,1,Conservative,6.06207e-07,0.981763,0.0182361,0.0303966,0,-1.59577,0.025
corrected,241-R-mPFC-S1-NE_2022_12_23,105,1,Conservative,8.75048e-07,0.976334,0.0236651,0.0273651,0,-0.901936,0
corrected,241-R-mPFC-S1-NE_2022_12_23,106,1,Conservative,1.30003e-06,0.98007,0.0199284,0.0456397,0,-0.337681,0.1
corrected,241-R-mPFC-S1-NE_2022_12_23,107,1,Conservative,4.921e-06,0.973396,0.026599,0.0312952,0,-1.25199,0.025
corrected,241-R-mPFC-S1-NE_2022_12_23,108,1,Conservative,9.75951e-06,0.999009,0.000980895,0.137127,0,1.08214,0.5
corrected,241-R-mPFC-S1-NE_2022_12_23,109,2,Engaged,0.000165802,0.119706,0.880128,0.86116,1,0.540752,0.25
corrected,241-R-mPFC-S1-NE_2022_12_23,110,2,Engaged,0.000147356,0.0117093,0.988143,0.989802,1,-0.41107,0.5
corrected,241-R-mPFC-S1-NE_2022_12_23,111,2,Engaged,0.000119296,0.00351243,0.996368,0.996881,1,0.171196,0.5
corrected,241-R-mPFC-S1-NE_2022_12_23,112,2,Engaged,8.7073e-05,0.00477805,0.995135,0.997523,1,0.170584,1
corrected,241-R-mPFC-S1-NE_2022_12_23,113,2,Engaged,4.91936e-05,0.00673148,0.993219,0.0794821,0,-0.0108528,0
corrected,241-R-mPFC-S1-NE_2022_12_23,114,2,Engaged,3.63953e-05,0.00348599,0.996478,0.220182,0,-0.483641,0.05
corrected,241-R-mPFC-S1-NE_2022_12_23,115,2,Engaged,4.39487e-05,0.0013537,0.998602,0.998747,1,0.702146,0.5
corrected,241-R-mPFC-S1-NE_2022_12_23,116,2,Engaged,4.40292e-05,0.000567974,0.999388,0.480558,1,-0.230576,0.1
corrected,241-R-mPFC-S1-NE_2022_12_23,117,2,Engaged,3.27148e-05,0.00423188,0.995735,0.996261,1,-0.0594916,0.5
corrected,241-R-mPFC-S1-NE_2022_12_23,118,2,Engaged,1.03932e-05,0.0151035,0.984886,0.217963,0,-1.29049,0.05
corrected,241-R-mPFC-S1-NE_2022_12_23,119,2,Engaged,5.92155e-06,0.0467979,0.953196,0.0773036,0,0.237945,0
corrected,241-R-mPFC-S1-NE_2022_12_23,120,2,Engaged,4.03279e-06,0.495221,0.504775,0.126821,0,3.93957,0.05
corrected,241-R-mPFC-S1-NE_2022_12_23,121,2,Engaged,5.5536e-06,0.494311,0.505684,0.743756,1,0.310816,1
corrected,241-R-mPFC-S1-NE_2022_12_23,122,1,Conservative,2.50393e-06,0.540588,0.45941,0.0507748,0,0.633735,0
corrected,241-R-mPFC-S1-NE_2022_12_23,123,1,Conservative,1.36755e-06,0.596155,0.403844,0.10766,0,0.860129,0.05
corrected,241-R-mPFC-S1-NE_2022_12_23,124,1,Conservative,1.13327e-06,0.627132,0.372867,0.0683755,0,0.556779,0.025
corrected,241-R-mPFC-S1-NE_2022_12_23,125,1,Conservative,1.05111e-06,0.696274,0.303725,0.0424103,0,1.46426,0
corrected,241-R-mPFC-S1-NE_2022_12_23,126,1,Conservative,8.39504e-07,0.771336,0.228664,0.138319,0,1.65241,0.1
corrected,241-R-mPFC-S1-NE_2022_12_23,127,1,Conservative,8.28306e-07,0.815168,0.184831,0.118857,0,1.87667,0.1
corrected,241-R-mPFC-S1-NE_2022_12_23,128,1,Conservative,1.38746e-06,0.823103,0.176895,0.0645787,0,1.51025,0.05
corrected,241-R-mPFC-S1-NE_2022_12_23,129,1,Conservative,3.37076e-06,0.825737,0.174259,0.571949,1,1.52266,1
corrected,241-R-mPFC-S1-NE_2022_12_23,130,1,Conservative,2.02673e-06,0.847382,0.152616,0.0599703,0,1.28679,0.05
corrected,241-R-mPFC-S1-NE_2022_12_23,131,1,Conservative,5.16587e-08,1,3.04336e-10,0.481614,0,4.00133,1
corrected,241-R-mPFC-S1-NE_2022_12_23,132,1,Conservative,1.26354e-05,0.976587,0.0234002,0.0273586,0,1.29344,0
corrected,241-R-mPFC-S1-NE_2022_12_23,133,1,Conservative,4.44664e-05,0.960576,0.0393795,0.0968779,0,1.64606,0.25
corrected,241-R-mPFC-S1-NE_2022_12_23,134,2,Engaged,0.000408264,0.226768,0.772824,0.804063,1,1.33305,0.5
corrected,241-R-mPFC-S1-NE_2022_12_23,135,2,Engaged,0.000455054,0.0592884,0.940257,0.948704,1,0.672247,0.5
corrected,241-R-mPFC-S1-NE_2022_12_23,136,2,Engaged,0.00043263,0.0199252,0.979642,0.133654,0,-0.101669,0.025
corrected,241-R-mPFC-S1-NE_2022_12_23,137,2,Engaged,0.000496352,0.0107836,0.98872,0.990595,1,1.77351,0.5
corrected,241-R-mPFC-S1-NE_2022_12_23,138,2,Engaged,0.000518868,0.00592145,0.99356,0.964562,1,0.0997476,0.25
corrected,241-R-mPFC-S1-NE_2022_12_23,139,2,Engaged,0.000523771,0.015388,0.984088,0.474133,0,-0.663518,0.1
corrected,241-R-mPFC-S1-NE_2022_12_23,140,2,Engaged,0.000614277,0.0226536,0.976732,0.988256,1,0.0883256,1
corrected,241-R-mPFC-S1-NE_2022_12_23,141,2,Engaged,0.000711842,0.0500955,0.949193,0.130585,0,0.573709,0.025
corrected,241-R-mPFC-S1-NE_2022_12_28,1,2,Engaged,0.0675871,0.000931636,0.931481,0.965403,1,-0.826378,0.25
corrected,241-R-mPFC-S1-NE_2022_12_28,2,2,Engaged,0.0652113,0.00114867,0.93364,0.999356,1,-0.705729,1
corrected,241-R-mPFC-S1-NE_2022_12_28,3,2,Engaged,0.0633666,0.00311707,0.933516,0.998337,1,0.237343,1
corrected,241-R-mPFC-S1-NE_2022_12_28,4,2,Engaged,0.0604706,0.000695684,0.938834,0.25257,1,-1.3631,0.05
corrected,241-R-mPFC-S1-NE_2022_12_28,5,2,Engaged,0.0517751,0.00210947,0.946115,0.165387,0,-0.867789,0.025
corrected,241-R-mPFC-S1-NE_2022_12_28,6,2,Engaged,0.0488509,0.000200686,0.950948,0.998855,1,-1.02199,0.5
corrected,241-R-mPFC-S1-NE_2022_12_28,7,2,Engaged,0.0468445,0.000467691,0.952688,0.24543,1,0.273666,0.05
corrected,241-R-mPFC-S1-NE_2022_12_28,8,2,Engaged,0.0379386,0.000215833,0.961846,0.99904,1,-0.615116,0.5
corrected,241-R-mPFC-S1-NE_2022_12_28,9,2,Engaged,0.0309869,0.00121077,0.967802,0.998307,1,0.265156,0.5
corrected,241-R-mPFC-S1-NE_2022_12_28,10,2,Engaged,0.0216455,0.00323991,0.975115,0.0926892,0,-0.799561,0
corrected,241-R-mPFC-S1-NE_2022_12_28,11,2,Engaged,0.0187294,0.00358182,0.977689,0.146033,0,-0.462036,0.025
corrected,241-R-mPFC-S1-NE_2022_12_28,12,2,Engaged,0.0177901,0.000647849,0.981562,0.23008,1,-0.512538,0.05
corrected,241-R-mPFC-S1-NE_2022_12_28,13,2,Engaged,0.0145747,0.000387155,0.985038,0.48533,1,-0.429168,0.1
corrected,241-R-mPFC-S1-NE_2022_12_28,14,2,Engaged,0.00908669,0.00295662,0.987957,0.140498,0,-0.421406,0.025
corrected,241-R-mPFC-S1-NE_2022_12_28,15,2,Engaged,0.00696975,0.00037958,0.992651,0.999462,1,-1.06243,0.5
corrected,241-R-mPFC-S1-NE_2022_12_28,16,2,Engaged,0.00524307,0.000500533,0.994256,0.482267,1,-0.381684,0.1
corrected,241-R-mPFC-S1-NE_2022_12_28,17,2,Engaged,0.00262041,0.00810815,0.989271,0.220667,0,0.173842,0.05
corrected,241-R-mPFC-S1-NE_2022_12_28,18,2,Engaged,0.00155857,0.00606212,0.992379,0.080428,0,-0.766427,0
corrected,241-R-mPFC-S1-NE_2022_12_28,19,2,Engaged,0.00119902,0.00157577,0.997225,0.998534,1,-0.768498,0.5
corrected,241-R-mPFC-S1-NE_2022_12_28,20,2,Engaged,0.000796066,0.00149827,0.997706,0.999223,1,-1.18468,1
corrected,241-R-mPFC-S1-NE_2022_12_28,21,2,Engaged,0.000419719,0.00193377,0.997647,0.0799632,0,-0.916162,0
corrected,241-R-mPFC-S1-NE_2022_12_28,22,2,Engaged,0.000314159,0.00121621,0.99847,0.998861,1,-0.289983,0.5
corrected,241-R-mPFC-S1-NE_2022_12_28,23,2,Engaged,0.000197681,0.00368151,0.996121,0.135257,0,-0.523781,0.025
corrected,241-R-mPFC-S1-NE_2022_12_28,24,2,Engaged,0.000161528,0.00226614,0.997572,0.998825,1,-0.765914,1
corrected,241-R-mPFC-S1-NE_2022_12_28,25,2,Engaged,0.000121865,0.00121054,0.998668,0.999372,1,-0.804983,1
corrected,241-R-mPFC-S1-NE_2022_12_28,26,2,Engaged,8.50727e-05,0.000677558,0.999237,0.99933,1,-0.349254,0.5
corrected,241-R-mPFC-S1-NE_2022_12_28,27,2,Engaged,4.61438e-05,0.00240256,0.997551,0.220393,0,-0.291168,0.05
corrected,241-R-mPFC-S1-NE_2022_12_28,28,2,Engaged,3.6324e-05,0.000616152,0.999348,0.969411,1,-0.27326,0.25
corrected,241-R-mPFC-S1-NE_2022_12_28,29,2,Engaged,2.38552e-05,0.00333069,0.996645,0.998273,1,-0.326682,1
corrected,241-R-mPFC-S1-NE_2022_12_28,30,2,Engaged,7.84945e-06,0.00738679,0.992605,0.079422,0,-0.397551,0
corrected,241-R-mPFC-S1-NE_2022_12_28,31,2,Engaged,4.48228e-06,0.0199806,0.980015,0.0787434,0,1.03332,0
corrected,241-R-mPFC-S1-NE_2022_12_28,32,2,Engaged,3.40921e-06,0.0223701,0.977626,0.0786144,0,0.393028,0
corrected,241-R-mPFC-S1-NE_2022_12_28,33,2,Engaged,3.5155e-06,0.0146517,0.985345,0.0790291,0,-0.386514,0
corrected,241-R-mPFC-S1-NE_2022_12_28,34,2,Engaged,6.14933e-06,0.00647227,0.993522,0.994327,1,-0.171618,0.5
corrected,241-R-mPFC-S1-NE_2022_12_28,35,2,Engaged,4.25309e-06,0.00812457,0.991871,0.219285,0,-0.707685,0.05
corrected,241-R-mPFC-S1-NE_2022_12_28,36,2,Engaged,4.64192e-06,0.0030841,0.996911,0.135209,0,-1.3367,0.025
corrected,241-R-mPFC-S1-NE_2022_12_28,37,2,Engaged,1.10575e-05,0.000323177,0.999666,0.999638,1,-0.175905,0.5
corrected,241-R-mPFC-S1-NE_2022_12_28,38,2,Engaged,1.70249e-05,0.000501615,0.999481,0.969516,1,0.868755,0.25
corrected,241-R-mPFC-S1-NE_2022_12_28,39,2,Engaged,1.5773e-05,0.000547553,0.999437,0.999716,1,-0.83488,1
corrected,241-R-mPFC-S1-NE_2022_12_28,40,2,Engaged,1.36876e-05,0.00037294,0.999613,0.999595,1,-0.0697444,0.5
corrected,241-R-mPFC-S1-NE_2022_12_28,41,2,Engaged,9.33746e-06,0.0013026,0.998688,0.135402,0,0.156146,0.025
corrected,241-R-mPFC-S1-NE_2022_12_28,42,2,Engaged,1.49431e-05,0.00391495,0.99607,0.996535,1,2.08096,0.5
corrected,241-R-mPFC-S1-NE_2022_12_28,43,2,Engaged,1.06235e-05,0.0030287,0.996961,0.135218,0,-0.609212,0.025
corrected,241-R-mPFC-S1-NE_2022_12_28,44,2,Engaged,1.39809e-05,0.000749826,0.999236,0.999269,1,-0.120205,0.5
corrected,241-R-mPFC-S1-NE_2022_12_28,45,2,Engaged,1.41032e-05,0.000813336,0.999173,0.999578,1,-0.183928,1
corrected,241-R-mPFC-S1-NE_2022_12_28,46,2,Engaged,1.27647e-05,0.000824272,0.999163,0.969223,1,0.42477,0.25
corrected,241-R-mPFC-S1-NE_2022_12_28,47,2,Engaged,6.79991e-06,0.00466892,0.995324,0.0795674,0,-0.342974,0
corrected,241-R-mPFC-S1-NE_2022_12_28,48,2,Engaged,5.1252e-06,0.00401863,0.995976,0.135109,0,-0.764294,0.025
corrected,241-R-mPFC-S1-NE_2022_12_28,49,2,Engaged,7.08963e-06,0.000486069,0.999507,0.969531,1,-0.759864,0.25
corrected,241-R-mPFC-S1-NE_2022_12_28,50,2,Engaged,7.17872e-06,0.00276201,0.997231,0.998568,1,-0.188145,1
corrected,241-R-mPFC-S1-NE_2022_12_28,51,2,Engaged,4.39029e-06,0.00631622,0.993679,0.0794774,0,-0.131326,0
corrected,241-R-mPFC-S1-NE_2022_12_28,52,2,Engaged,3.72492e-06,0.00418929,0.995807,0.13509,0,-0.745312,0.025
corrected,241-R-mPFC-S1-NE_2022_12_28,53,2,Engaged,6.18638e-06,0.000408719,0.999585,0.969601,1,-0.446202,0.25
corrected,241-R-mPFC-S1-NE_2022_12_28,54,2,Engaged,7.74437e-06,0.00389183,0.9961,0.997983,1,0.779922,1
corrected,241-R-mPFC-S1-NE_2022_12_28,55,2,Engaged,4.33875e-06,0.00390428,0.996091,0.079607,0,-0.323581,0
corrected,241-R-mPFC-S1-NE_2022_12_28,56,2,Engaged,4.03315e-06,0.00120691,0.998789,0.968876,1,-0.283104,0.25
corrected,241-R-mPFC-S1-NE_2022_12_28,57,2,Engaged,3.14816e-06,0.0531789,0.946818,0.129843,0,2.42891,0.025
corrected,241-R-mPFC-S1-NE_2022_12_28,58,2,Engaged,1.6086e-06,0.0409674,0.959031,0.13115,0,-0.428862,0.025
corrected,241-R-mPFC-S1-NE_2022_12_28,59,2,Engaged,2.54701e-06,0.0636439,0.936354,0.0763966,0,2.26262,0
corrected,241-R-mPFC-S1-NE_2022_12_28,60,2,Engaged,2.65648e-06,0.0371081,0.962889,0.0778222,0,-0.267079,0
corrected,241-R-mPFC-S1-NE_2022_12_28,61,2,Engaged,5.568e-06,0.0366483,0.963346,0.0778487,0,1.61602,0
corrected,241-R-mPFC-S1-NE_2022_12_28,62,2,Engaged,1.21239e-05,0.0115918,0.988396,0.959436,1,0.261429,0.25
corrected,241-R-mPFC-S1-NE_2022_12_28,63,2,Engaged,1.19394e-05,0.0165079,0.98348,0.217698,0,-0.079485,0.05
corrected,241-R-mPFC-S1-NE_2022_12_28,64,2,Engaged,1.66372e-05,0.00717206,0.992811,0.993722,1,-1.39823,0.5
corrected,241-R-mPFC-S1-NE_2022_12_28,65,1,Conservative,9.35771e-06,0.93763,0.0623602,0.117736,0,6.1211,0.25
corrected,241-R-mPFC-S1-NE_2022_12_28,66,1,Conservative,2.73024e-05,0.680439,0.319534,0.412259,1,0.68496,0.5
corrected,241-R-mPFC-S1-NE_2022_12_28,67,1,Conservative,1.30174e-05,0.585278,0.414709,0.10973,0,-0.763758,0.05
corrected,241-R-mPFC-S1-NE_2022_12_28,68,2,Engaged,9.52877e-06,0.426121,0.57387,0.139941,0,-1.40962,0.05
corrected,241-R-mPFC-S1-NE_2022_12_28,69,2,Engaged,1.25069e-05,0.281105,0.718882,0.854279,1,-1.31995,1
corrected,241-R-mPFC-S1-NE_2022_12_28,70,2,Engaged,4.40857e-06,0.240188,0.759808,0.109816,0,-1.0462,0.025
corrected,241-R-mPFC-S1-NE_2022_12_28,71,2,Engaged,3.26676e-06,0.274152,0.725845,0.0650884,0,1.49825,0
corrected,241-R-mPFC-S1-NE_2022_12_28,72,2,Engaged,2.78502e-06,0.239857,0.76014,0.374299,0,-0.660654,0.1
corrected,241-R-mPFC-S1-NE_2022_12_28,73,2,Engaged,3.48594e-06,0.173691,0.826305,0.116937,0,-0.698624,0.025
corrected,241-R-mPFC-S1-NE_2022_12_28,74,2,Engaged,5.78495e-06,0.10397,0.896025,0.0742322,0,-0.76688,0
corrected,241-R-mPFC-S1-NE_2022_12_28,75,2,Engaged,1.19112e-05,0.0470655,0.952923,0.975602,1,-0.57945,1
corrected,241-R-mPFC-S1-NE_2022_12_28,76,2,Engaged,1.01172e-05,0.0197991,0.980191,0.217072,0,-0.74819,0.05
corrected,241-R-mPFC-S1-NE_2022_12_28,77,2,Engaged,1.77766e-05,0.00878094,0.991201,0.992333,1,0.585876,0.5
corrected,241-R-mPFC-S1-NE_2022_12_28,78,2,Engaged,1.63519e-05,0.00397631,0.996007,0.997939,1,-1.0077,1
corrected,241-R-mPFC-S1-NE_2022_12_28,79,2,Engaged,1.34452e-05,0.00407272,0.995914,0.478992,0,-0.330367,0.1
corrected,241-R-mPFC-S1-NE_2022_12_28,80,2,Engaged,1.84933e-05,0.000574783,0.999407,0.96945,1,0.241814,0.25
corrected,241-R-mPFC-S1-NE_2022_12_28,81,2,Engaged,1.84064e-05,0.000114399,0.999867,0.969868,1,-0.526417,0.25
corrected,241-R-mPFC-S1-NE_2022_12_28,82,2,Engaged,1.7678e-05,0.000878043,0.999104,0.999158,1,0.0946852,0.5
corrected,241-R-mPFC-S1-NE_2022_12_28,83,2,Engaged,1.17749e-05,0.00263184,0.997356,0.220332,0,-0.709598,0.05
corrected,241-R-mPFC-S1-NE_2022_12_28,84,2,Engaged,1.33996e-05,0.0011584,0.998828,0.998916,1,-0.650658,0.5
corrected,241-R-mPFC-S1-NE_2022_12_28,85,2,Engaged,1.13951e-05,0.00266313,0.997325,0.998619,1,-0.921538,1
corrected,241-R-mPFC-S1-NE_2022_12_28,86,2,Engaged,7.1187e-06,0.00657282,0.99342,0.0794653,0,-0.617336,0
corrected,241-R-mPFC-S1-NE_2022_12_28,87,2,Engaged,8.90676e-06,0.0129278,0.987063,0.079125,0,0.20663,0
corrected,241-R-mPFC-S1-NE_2022_12_28,88,2,Engaged,1.61927e-05,0.0131,0.986884,0.218347,0,-0.241415,0.05
corrected,241-R-mPFC-S1-NE_2022_12_28,89,2,Engaged,3.97076e-05,0.0068203,0.99314,0.996464,1,-0.569232,1
corrected,241-R-mPFC-S1-NE_2022_12_28,90,2,Engaged,6.1675e-05,0.00671671,0.993222,0.134853,0,-0.0464282,0.025
corrected,241-R-mPFC-S1-NE_2022_12_28,91,2,Engaged,0.000128666,0.00112956,0.998742,0.220678,1,-0.460056,0.05
corrected,241-R-mPFC-S1-NE_2022_12_28,92,2,Engaged,0.000139663,0.00186226,0.997998,0.999035,1,0.111106,1
corrected,241-R-mPFC-S1-NE_2022_12_28,93,2,Engaged,0.000141979,0.000377573,0.99948,0.480674,1,-0.629949,0.1
corrected,241-R-mPFC-S1-NE_2022_12_28,94,2,Engaged,0.00012192,0.000610391,0.999268,0.999683,1,-1.03307,1
corrected,241-R-mPFC-S1-NE_2022_12_28,95,2,Engaged,0.000107943,0.00142264,0.998469,0.999262,1,0.011388,1
corrected,241-R-mPFC-S1-NE_2022_12_28,96,2,Engaged,9.1416e-05,0.00179376,0.998115,0.99907,1,0.082035,1
corrected,241-R-mPFC-S1-NE_2022_12_28,97,2,Engaged,7.25855e-05,0.00212384,0.997804,0.135351,0,0.198854,0.025
corrected,241-R-mPFC-S1-NE_2022_12_28,98,2,Engaged,7.84262e-05,0.000201276,0.99972,0.969786,1,0.582885,0.25
corrected,241-R-mPFC-S1-NE_2022_12_28,99,2,Engaged,8.37323e-05,0.000375932,0.99954,0.999591,1,0.947391,0.5
corrected,241-R-mPFC-S1-NE_2022_12_28,100,2,Engaged,8.4596e-05,0.000648759,0.999267,0.999355,1,0.714819,0.5
corrected,241-R-mPFC-S1-NE_2022_12_28,101,2,Engaged,7.54111e-05,0.00023051,0.999694,0.480718,1,-0.467547,0.1
corrected,241-R-mPFC-S1-NE_2022_12_28,102,2,Engaged,5.36884e-05,0.00235223,0.997594,0.998781,1,0.117399,1
corrected,241-R-mPFC-S1-NE_2022_12_28,103,2,Engaged,2.5047e-05,0.00327909,0.996696,0.1352,0,-0.338361,0.025
corrected,241-R-mPFC-S1-NE_2022_12_28,104,2,Engaged,1.75512e-05,0.00154212,0.99844,0.998585,1,-0.188864,0.5
corrected,241-R-mPFC-S1-NE_2022_12_28,105,2,Engaged,7.74153e-06,0.00545935,0.994533,0.219793,0,0.0498691,0.05
corrected,241-R-mPFC-S1-NE_2022_12_28,106,2,Engaged,5.47783e-06,0.00591555,0.994079,0.478171,0,0.169213,0.1
corrected,241-R-mPFC-S1-NE_2022_12_28,107,2,Engaged,8.66369e-06,0.00736054,0.992631,0.0794239,0,1.77619,0
corrected,241-R-mPFC-S1-NE_2022_12_28,108,2,Engaged,1.93979e-05,0.00591057,0.99407,0.134915,0,1.95167,0.025
corrected,241-R-mPFC-S1-NE_2022_12_28,109,2,Engaged,5.82292e-05,0.00580547,0.994136,0.219754,1,3.2072,0.05
corrected,241-R-mPFC-S1-NE_2022_12_28,110,2,Engaged,4.71523e-05,0.00232744,0.997625,0.997906,1,0.732812,0.5
corrected,241-R-mPFC-S1-NE_2022_12_28,111,2,Engaged,3.04131e-05,0.00340896,0.996561,0.0796493,0,0.366591,0
corrected,241-R-mPFC-S1-NE_2022_12_28,112,2,Engaged,2.86973e-05,0.00176856,0.998203,0.998389,1,0.490469,0.5
corrected,241-R-mPFC-S1-NE_2022_12_28,113,2,Engaged,2.5467e-05,0.00823111,0.991743,0.995733,1,1.07312,1
corrected,241-R-mPFC-S1-NE_2022_12_28,114,2,Engaged,1.18961e-05,0.00670882,0.993279,0.134825,0,-0.791591,0.025
corrected,241-R-mPFC-S1-NE_2022_12_28,115,2,Engaged,1.10011e-05,0.00786296,0.992126,0.0793983,0,0.348427,0
corrected,241-R-mPFC-S1-NE_2022_12_28,116,2,Engaged,1.4514e-05,0.000818208,0.999167,0.969229,1,-0.55382,0.25
corrected,241-R-mPFC-S1-NE_2022_12_28,117,2,Engaged,1.55918e-05,0.00226637,0.997718,0.998825,1,-0.203634,1
corrected,241-R-mPFC-S1-NE_2022_12_28,118,2,Engaged,1.33275e-05,0.00346453,0.996522,0.135173,0,-0.363228,0.025
corrected,241-R-mPFC-S1-NE_2022_12_28,119,2,Engaged,1.82555e-05,0.000803465,0.999178,0.999223,1,-0.576693,0.5
corrected,241-R-mPFC-S1-NE_2022_12_28,120,2,Engaged,2.2278e-05,0.00299143,0.996986,0.220269,0,0.186886,0.05
corrected,241-R-mPFC-S1-NE_2022_12_28,121,2,Engaged,4.09489e-05,0.000852433,0.999107,0.220685,1,0.0199412,0.05
corrected,241-R-mPFC-S1-NE_2022_12_28,122,2,Engaged,3.81979e-05,0.00386403,0.996098,0.0796295,0,0.887482,0
corrected,241-R-mPFC-S1-NE_2022_12_28,123,2,Engaged,4.75197e-05,0.00170999,0.998242,0.220525,1,0.394795,0.05
corrected,241-R-mPFC-S1-NE_2022_12_28,124,2,Engaged,2.84064e-05,0.00273256,0.997239,0.0796844,0,-0.0190993,0
corrected,241-R-mPFC-S1-NE_2022_12_28,125,2,Engaged,2.49477e-05,0.000990674,0.998984,0.0797759,0,0.0664719,0
corrected,241-R-mPFC-S1-NE_2022_12_28,126,2,Engaged,4.31493e-05,0.00199817,0.997959,0.968155,1,2.73779,0.25
corrected,241-R-mPFC-S1-NE_2022_12_28,127,2,Engaged,4.67967e-05,0.00350075,0.996452,0.220185,0,0.463177,0.05
corrected,241-R-mPFC-S1-NE_2022_12_28,128,2,Engaged,7.47439e-05,0.00198528,0.99794,0.220488,1,0.72425,0.05
corrected,241-R-mPFC-S1-NE_2022_12_28,129,2,Engaged,7.24547e-05,0.0109752,0.988952,0.134403,0,1.54614,0.025
corrected,241-R-mPFC-S1-NE_2022_12_28,130,2,Engaged,8.14165e-05,0.00104254,0.998876,0.969021,1,-0.550208,0.25
corrected,241-R-mPFC-S1-NE_2022_12_28,131,2,Engaged,9.07977e-05,0.00371589,0.996193,0.135191,0,0.2704,0.025
corrected,241-R-mPFC-S1-NE_2022_12_28,132,2,Engaged,0.000133615,0.00204437,0.997822,0.135395,0,0.0109323,0.025
corrected,241-R-mPFC-S1-NE_2022_12_28,133,2,Engaged,0.00032927,0.00143493,0.998236,0.998672,1,1.49835,0.5
corrected,241-R-mPFC-S1-NE_2022_12_28,134,2,Engaged,0.000454056,0.00043076,0.999115,0.220983,1,0.0252797,0.05
corrected,241-R-mPFC-S1-NE_2022_12_28,135,2,Engaged,0.00047152,0.000305646,0.999223,0.969669,1,0.001898,0.25
corrected,241-R-mPFC-S1-NE_2022_12_28,136,2,Engaged,0.000480369,0.00142072,0.998099,0.135663,0,-0.546182,0.025
corrected,241-R-mPFC-S1-NE_2022_12_28,137,2,Engaged,0.00057557,0.000202453,0.999222,0.969757,1,-0.195913,0.25
corrected,241-R-mPFC-S1-NE_2022_12_28,138,2,Engaged,0.000688847,0.00140638,0.997905,0.99927,1,0.360763,1
corrected,241-R-mPFC-S1-NE_2022_12_28,139,2,Engaged,0.00079497,0.00162273,0.997582,0.999158,1,0.240584,1
corrected,241-R-mPFC-S1-NE_2022_12_28,140,2,Engaged,0.000890851,0.000780351,0.998329,0.999227,1,0.0341688,0.5
corrected,241-R-mPFC-S1-NE_2022_12_28,141,2,Engaged,0.00099686,0.00367912,0.995324,0.135721,0,0.478012,0.025
corrected,241-R-mPFC-S1-NE_2022_12_28,142,2,Engaged,0.0013288,0.00197942,0.996692,0.998973,1,0.175129,1
corrected,241-R-mPFC-S1-NE_2022_12_28,143,2,Engaged,0.00189731,0.0110026,0.9871,0.959868,1,2.67126,0.25
corrected,241-R-mPFC-S1-NE_2022_12_29,1,2,Engaged,0.0506596,0.000790257,0.94855,0.998312,1,-0.756806,0.5
corrected,241-R-mPFC-S1-NE_2022_12_29,2,2,Engaged,0.0486754,0.00023291,0.951092,0.49641,1,0.146706,0.1
corrected,241-R-mPFC-S1-NE_2022_12_29,3,2,Engaged,0.04485,0.000114251,0.955036,0.495227,1,-0.28371,0.1
corrected,241-R-mPFC-S1-NE_2022_12_29,4,2,Engaged,0.0395587,0.00107265,0.959369,0.998271,1,0.479989,0.5
corrected,241-R-mPFC-S1-NE_2022_12_29,5,2,Engaged,0.0328019,0.00330609,0.963892,0.0994113,0,-0.38349,0
corrected,241-R-mPFC-S1-NE_2022_12_29,6,2,Engaged,0.0300154,0.000380098,0.969604,0.999042,1,-1.09304,0.5
corrected,241-R-mPFC-S1-NE_2022_12_29,7,2,Engaged,0.0276839,0.000192892,0.972123,0.999246,1,-0.517538,0.5
corrected,241-R-mPFC-S1-NE_2022_12_29,8,2,Engaged,0.0255771,0.000119671,0.974303,0.489002,1,-0.199253,0.1
corrected,241-R-mPFC-S1-NE_2022_12_29,9,2,Engaged,0.0223498,0.000531686,0.977118,0.999051,1,0.185219,0.5
corrected,241-R-mPFC-S1-NE_2022_12_29,10,2,Engaged,0.0182522,0.00064126,0.981107,0.146071,0,-0.701256,0.025
corrected,241-R-mPFC-S1-NE_2022_12_29,11,2,Engaged,0.0174572,0.000635944,0.981907,0.99905,1,1.14861,0.5
corrected,241-R-mPFC-S1-NE_2022_12_29,12,2,Engaged,0.0164194,0.000356188,0.983224,0.48594,1,0.258423,0.1
corrected,241-R-mPFC-S1-NE_2022_12_29,13,2,Engaged,0.0141967,0.000600255,0.985203,0.999678,1,-0.526145,1
corrected,241-R-mPFC-S1-NE_2022_12_29,14,2,Engaged,0.0122539,0.000230413,0.987516,0.969089,1,-0.0274444,0.25
corrected,241-R-mPFC-S1-NE_2022_12_29,15,2,Engaged,0.010001,0.000238842,0.98976,0.999529,1,-0.733415,0.5
corrected,241-R-mPFC-S1-NE_2022_12_29,16,2,Engaged,0.00799438,0.000873368,0.991132,0.999541,1,-0.353362,1
corrected,241-R-mPFC-S1-NE_2022_12_29,17,2,Engaged,0.00602619,0.000555765,0.993418,0.482495,1,-0.268804,0.1
corrected,241-R-mPFC-S1-NE_2022_12_29,18,2,Engaged,0.0023029,0.00310908,0.994588,0.136541,0,-0.62822,0.025
corrected,241-R-mPFC-S1-NE_2022_12_29,19,2,Engaged,0.00112808,0.00292871,0.995943,0.47986,0,-0.515375,0.1
corrected,241-R-mPFC-S1-NE_2022_12_29,20,2,Engaged,0.000906794,0.00772827,0.991365,0.993226,1,2.2795,0.5
corrected,241-R-mPFC-S1-NE_2022_12_29,21,2,Engaged,0.000480902,0.0112693,0.98825,0.0794986,0,0.0377233,0
corrected,241-R-mPFC-S1-NE_2022_12_29,22,2,Engaged,0.000332067,0.0110782,0.98859,0.134543,0,-0.08724,0.025
corrected,241-R-mPFC-S1-NE_2022_12_29,23,2,Engaged,0.000276777,0.0017976,0.997926,0.998359,1,-0.925617,0.5
corrected,241-R-mPFC-S1-NE_2022_12_29,24,2,Engaged,0.000221068,0.00154061,0.998238,0.0798646,0,-0.776603,0
corrected,241-R-mPFC-S1-NE_2022_12_29,25,2,Engaged,0.000221388,0.000413411,0.999365,0.480684,1,0.0532723,0.1
corrected,241-R-mPFC-S1-NE_2022_12_29,26,2,Engaged,0.000190084,0.000359773,0.99945,0.480698,1,-0.663968,0.1
corrected,241-R-mPFC-S1-NE_2022_12_29,27,2,Engaged,0.000122316,0.00264396,0.997234,0.135324,0,-0.816727,0.025
corrected,241-R-mPFC-S1-NE_2022_12_29,28,2,Engaged,0.000104013,0.00156693,0.998329,0.999188,1,-0.972377,1
corrected,241-R-mPFC-S1-NE_2022_12_29,29,2,Engaged,8.1446e-05,0.000137314,0.999781,0.969844,1,-1.13318,0.25
corrected,241-R-mPFC-S1-NE_2022_12_29,30,2,Engaged,7.68597e-05,0.0119413,0.987982,0.218599,0,1.97388,0.05
corrected,241-R-mPFC-S1-NE_2022_12_29,31,2,Engaged,9.07087e-05,0.0116232,0.988286,0.993975,1,1.18357,1
corrected,241-R-mPFC-S1-NE_2022_12_29,32,2,Engaged,9.1481e-05,0.0039671,0.995941,0.997943,1,-0.397418,1
corrected,241-R-mPFC-S1-NE_2022_12_29,33,2,Engaged,8.94546e-05,0.000499182,0.999411,0.969515,1,-0.179355,0.25
corrected,241-R-mPFC-S1-NE_2022_12_29,34,2,Engaged,8.11438e-05,0.000178605,0.99974,0.969806,1,-0.787265,0.25
corrected,241-R-mPFC-S1-NE_2022_12_29,35,2,Engaged,6.80652e-05,0.000331729,0.9996,0.999629,1,-1.26789,0.5
corrected,241-R-mPFC-S1-NE_2022_12_29,36,2,Engaged,5.32325e-05,0.00161274,0.998334,0.999164,1,-1.1542,1
corrected,241-R-mPFC-S1-NE_2022_12_29,37,2,Engaged,3.91208e-05,0.00528197,0.994679,0.219843,0,-0.540198,0.05
corrected,241-R-mPFC-S1-NE_2022_12_29,38,2,Engaged,3.99111e-05,0.00369836,0.996262,0.998083,1,-0.941369,1
corrected,241-R-mPFC-S1-NE_2022_12_29,39,2,Engaged,4.08611e-05,0.00700758,0.992952,0.0794623,0,-0.0977328,0
corrected,241-R-mPFC-S1-NE_2022_12_29,40,2,Engaged,5.37337e-05,0.00289028,0.997056,0.998502,1,-1.05381,1
corrected,241-R-mPFC-S1-NE_2022_12_29,41,2,Engaged,6.23021e-05,0.000250966,0.999687,0.999699,1,-1.17157,0.5
corrected,241-R-mPFC-S1-NE_2022_12_29,42,2,Engaged,7.42438e-05,0.000293822,0.999632,0.999662,1,-0.0501614,0.5
corrected,241-R-mPFC-S1-NE_2022_12_29,43,2,Engaged,8.19439e-05,0.000165328,0.999753,0.480749,1,-0.307695,0.1
corrected,241-R-mPFC-S1-NE_2022_12_29,44,2,Engaged,7.44237e-05,0.000292648,0.999633,0.999663,1,-0.462451,0.5
corrected,241-R-mPFC-S1-NE_2022_12_29,45,2,Engaged,6.70957e-05,0.00173971,0.998193,0.999098,1,0.0214555,1
corrected,241-R-mPFC-S1-NE_2022_12_29,46,2,Engaged,5.98814e-05,0.00529208,0.994648,0.997257,1,0.627484,1
corrected,241-R-mPFC-S1-NE_2022_12_29,47,2,Engaged,4.15184e-05,0.00445045,0.995508,0.997693,1,-0.711021,1
corrected,241-R-mPFC-S1-NE_2022_12_29,48,2,Engaged,2.13126e-05,0.00615206,0.993827,0.13489,0,-0.501837,0.025
corrected,241-R-mPFC-S1-NE_2022_12_29,49,2,Engaged,1.8233e-05,0.00743346,0.992548,0.963216,1,0.0651425,0.25
corrected,241-R-mPFC-S1-NE_2022_12_29,50,2,Engaged,9.86343e-06,0.0706633,0.929327,0.207416,0,0.27564,0.05
corrected,241-R-mPFC-S1-NE_2022_12_29,51,1,Conservative,4.07398e-07,0.99991,8.9554e-05,0.136349,0,4.39678,0.5
corrected,241-R-mPFC-S1-NE_2022_12_29,52,1,Conservative,1.83764e-06,0.911966,0.0880325,0.0378722,0,-0.716727,0.025
corrected,241-R-mPFC-S1-NE_2022_12_29,53,1,Conservative,2.35073e-06,0.897273,0.102725,0.0824025,0,1.13813,0.1
corrected,241-R-mPFC-S1-NE_2022_12_29,54,1,Conservative,7.14323e-06,0.844699,0.155294,0.56212,1,0.624877,1
corrected,241-R-mPFC-S1-NE_2022_12_29,55,1,Conservative,5.42956e-06,0.785055,0.21494,0.0514655,0,-0.605461,0.025
corrected,241-R-mPFC-S1-NE_2022_12_29,56,1,Conservative,7.30503e-06,0.747775,0.252218,0.612364,1,-0.132792,1
corrected,241-R-mPFC-S1-NE_2022_12_29,57,1,Conservative,3.37231e-06,0.724251,0.275746,0.057976,0,-0.906852,0.025
corrected,241-R-mPFC-S1-NE_2022_12_29,58,1,Conservative,2.2435e-06,0.698341,0.301657,0.0607502,0,-1.11909,0.025
corrected,241-R-mPFC-S1-NE_2022_12_29,59,1,Conservative,2.39073e-06,0.693357,0.306641,0.0425678,0,-0.520755,0
corrected,241-R-mPFC-S1-NE_2022_12_29,60,1,Conservative,3.88694e-06,0.699065,0.300931,0.0881258,0,-0.250584,0.05
corrected,241-R-mPFC-S1-NE_2022_12_29,61,1,Conservative,9.80144e-06,0.706328,0.293662,0.633849,1,-0.0699436,1
corrected,241-R-mPFC-S1-NE_2022_12_29,62,1,Conservative,1.08724e-05,0.714963,0.285026,0.0851116,0,-1.22695,0.05
corrected,241-R-mPFC-S1-NE_2022_12_29,63,1,Conservative,2.01376e-05,0.998119,0.00186069,0.137896,0,2.19563,0.5
corrected,241-R-mPFC-S1-NE_2022_12_29,64,1,Conservative,9.74712e-05,0.808946,0.190957,0.0673168,1,1.51346,0.05
corrected,241-R-mPFC-S1-NE_2022_12_29,65,1,Conservative,6.52848e-05,0.76831,0.231624,0.0750135,0,0.807537,0.05
corrected,241-R-mPFC-S1-NE_2022_12_29,66,1,Conservative,6.5921e-05,0.637912,0.362022,0.197581,0,-0.355364,0.1
corrected,241-R-mPFC-S1-NE_2022_12_29,67,2,Engaged,0.000111736,0.475608,0.524281,0.0543314,0,0.0495801,0
corrected,241-R-mPFC-S1-NE_2022_12_29,68,2,Engaged,0.000311977,0.168767,0.830921,0.0709358,0,-0.841109,0
corrected,241-R-mPFC-S1-NE_2022_12_29,69,2,Engaged,0.00071697,0.0296671,0.969616,0.467855,1,0.119818,0.1
corrected,241-R-mPFC-S1-NE_2022_12_29,70,2,Engaged,0.000761064,0.00903698,0.990202,0.992098,1,-0.921448,0.5
corrected,241-R-mPFC-S1-NE_2022_12_29,71,2,Engaged,0.000813698,0.0225702,0.976616,0.988299,1,0.583736,1
corrected,241-R-mPFC-S1-NE_2022_12_29,72,2,Engaged,0.000858488,0.0487409,0.950401,0.974733,1,0.494509,1
corrected,241-R-mPFC-S1-NE_2022_12_29,73,2,Engaged,0.000911954,0.18067,0.818418,0.805708,0,1.57914,0.25
corrected,241-R-mPFC-S1-NE_2022_12_29,74,2,Engaged,0.000945957,0.0247686,0.974285,0.470104,1,0.225234,0.1
corrected,241-R-mPFC-S1-NE_2022_12_29,75,2,Engaged,0.000827033,0.00468694,0.994486,0.995854,1,-0.57529,0.5
corrected,241-R-mPFC-S1-NE_2022_12_29,76,2,Engaged,0.000739323,0.00860404,0.990657,0.135044,0,0.601273,0.025
corrected,241-R-mPFC-S1-NE_2022_12_29,77,2,Engaged,0.000715691,0.000535759,0.998749,0.480789,1,-0.825371,0.1
corrected,241-R-mPFC-S1-NE_2022_12_29,78,2,Engaged,0.000668027,0.0014713,0.997861,0.999237,1,0.215052,1
corrected,241-R-mPFC-S1-NE_2022_12_29,79,2,Engaged,0.000603606,0.000360032,0.999036,0.969613,1,-0.38333,0.25
corrected,241-R-mPFC-S1-NE_2022_12_29,80,2,Engaged,0.000528069,0.00103292,0.998439,0.999464,1,-0.875631,1
corrected,241-R-mPFC-S1-NE_2022_12_29,81,2,Engaged,0.000453222,0.00124455,0.998302,0.999355,1,-0.741113,1
corrected,241-R-mPFC-S1-NE_2022_12_29,82,2,Engaged,0.000374749,0.000807077,0.998818,0.999213,1,-0.775761,0.5
corrected,241-R-mPFC-S1-NE_2022_12_29,83,2,Engaged,0.000291991,0.0030709,0.996637,0.479527,0,-0.840308,0.1
corrected,241-R-mPFC-S1-NE_2022_12_29,84,2,Engaged,0.000270813,0.000256514,0.999473,0.99969,1,-0.829749,0.5
corrected,241-R-mPFC-S1-NE_2022_12_29,85,2,Engaged,0.000260801,0.000346291,0.999393,0.969644,1,0.385101,0.25
corrected,241-R-mPFC-S1-NE_2022_12_29,86,2,Engaged,0.000232166,0.000223326,0.999545,0.480772,1,-1.10542,0.1
corrected,241-R-mPFC-S1-NE_2022_12_29,87,2,Engaged,0.000188979,0.00529544,0.994516,0.997255,1,0.0380948,1
corrected,241-R-mPFC-S1-NE_2022_12_29,88,2,Engaged,0.000139319,0.0133665,0.986494,0.957816,1,-0.0890059,0.25
corrected,241-R-mPFC-S1-NE_2022_12_29,89,2,Engaged,4.46688e-05,0.110195,0.88976,0.123761,0,-0.700938,0.025
corrected,241-R-mPFC-S1-NE_2022_12_29,90,2,Engaged,1.51735e-05,0.192154,0.80783,0.184357,0,-0.935635,0.05
corrected,241-R-mPFC-S1-NE_2022_12_29,91,2,Engaged,6.5551e-06,0.299533,0.70046,0.103462,0,-0.47744,0.025
corrected,241-R-mPFC-S1-NE_2022_12_29,92,1,Conservative,3.65494e-06,0.536479,0.463518,0.0509962,0,0.576863,0
corrected,241-R-mPFC-S1-NE_2022_12_29,93,1,Conservative,8.40058e-07,0.983036,0.0169634,0.0764661,0,1.44233,0.25
corrected,241-R-mPFC-S1-NE_2022_12_29,94,1,Conservative,3.27533e-07,0.991229,0.00877051,0.0293827,0,0.924949,0.025
corrected,241-R-mPFC-S1-NE_2022_12_29,95,1,Conservative,1.09478e-07,0.999304,0.000696373,0.0616799,0,0.685885,0.25
corrected,241-R-mPFC-S1-NE_2022_12_29,96,1,Conservative,8.45323e-08,0.998891,0.00110872,0.0372828,0,1.1391,0.1
corrected,241-R-mPFC-S1-NE_2022_12_29,97,1,Conservative,2.4446e-07,0.995471,0.0045292,0.0263367,0,-0.462751,0
corrected,241-R-mPFC-S1-NE_2022_12_29,98,1,Conservative,1.92503e-07,0.996359,0.00364098,0.0262889,0,-0.234458,0
corrected,241-R-mPFC-S1-NE_2022_12_29,99,1,Conservative,1.8288e-08,0.999999,8.13907e-07,0.136272,0,-0.374291,0.5
corrected,241-R-mPFC-S1-NE_2022_12_29,100,1,Conservative,1.29518e-08,1,2.24497e-07,0.136272,0,0.147035,0.5
corrected,241-R-mPFC-S1-NE_2022_12_29,101,1,Conservative,1.14668e-07,0.999723,0.000276859,0.0612986,0,0.389741,0.25
corrected,241-R-mPFC-S1-NE_2022_12_29,102,1,Conservative,7.53147e-09,1,4.30309e-11,0.481614,0,2.63571,1
corrected,241-R-mPFC-S1-NE_2022_12_29,103,1,Conservative,2.5271e-06,0.966097,0.0339006,0.0320755,0,2.65288,0.025
corrected,241-R-mPFC-S1-NE_2022_12_29,104,1,Conservative,2.51554e-05,0.651133,0.348842,0.662462,1,-0.0153194,1
corrected,241-R-mPFC-S1-NE_2022_12_29,105,1,Conservative,2.15067e-05,0.60453,0.395448,0.212388,0,1.27066,0.1
corrected,241-R-mPFC-S1-NE_2022_12_29,106,2,Engaged,4.6704e-05,0.227647,0.772307,0.881991,1,-0.513207,1
corrected,241-R-mPFC-S1-NE_2022_12_29,107,2,Engaged,4.07497e-05,0.155209,0.84475,0.86587,1,0.524546,0.5
corrected,241-R-mPFC-S1-NE_2022_12_29,108,2,Engaged,1.94934e-05,0.147791,0.85219,0.0718864,0,-0.249065,0
corrected,241-R-mPFC-S1-NE_2022_12_29,109,2,Engaged,1.43774e-05,0.146802,0.853183,0.119823,0,0.112425,0.025
corrected,241-R-mPFC-S1-NE_2022_12_29,110,2,Engaged,1.62774e-05,0.112296,0.887688,0.867903,1,-1.14033,0.25
corrected,241-R-mPFC-S1-NE_2022_12_29,111,2,Engaged,8.52793e-06,0.198472,0.801519,0.183154,0,-0.914296,0.05
corrected,241-R-mPFC-S1-NE_2022_12_29,112,2,Engaged,8.45137e-06,0.378282,0.62171,0.312839,0,0.164801,0.1
corrected,241-R-mPFC-S1-NE_2022_12_29,113,2,Engaged,1.48461e-05,0.457564,0.542421,0.604744,1,-0.121344,0.5
corrected,241-R-mPFC-S1-NE_2022_12_29,114,1,Conservative,2.3058e-06,0.999716,0.000281801,0.136517,0,-0.407077,0.5
corrected,241-R-mPFC-S1-NE_2022_12_29,115,1,Conservative,3.35793e-06,0.989713,0.0102836,0.486947,1,-1.03119,1
corrected,241-R-mPFC-S1-NE_2022_12_29,116,1,Conservative,1.72302e-07,1,1.31812e-09,0.481614,0,0.304813,1
corrected,241-R-mPFC-S1-NE_2022_12_29,117,1,Conservative,8.13343e-06,0.724075,0.275917,0.159305,0,-0.604613,0.1
corrected,241-R-mPFC-S1-NE_2022_12_29,118,2,Engaged,2.49939e-05,0.352082,0.647893,0.0978453,0,-0.34559,0.025
corrected,241-R-mPFC-S1-NE_2022_12_29,119,2,Engaged,5.42197e-05,0.212878,0.787068,0.889647,1,0.976377,1
corrected,241-R-mPFC-S1-NE_2022_12_29,120,2,Engaged,6.27005e-05,0.0714799,0.928457,0.938182,1,-0.00649307,0.5
corrected,241-R-mPFC-S1-NE_2022_12_29,121,2,Engaged,4.52526e-05,0.0384672,0.961488,0.980059,1,-0.91445,1
corrected,241-R-mPFC-S1-NE_2022_12_29,122,2,Engaged,2.1385e-05,0.0245493,0.975429,0.469903,0,-1.05567,0.1
corrected,241-R-mPFC-S1-NE_2022_12_29,123,2,Engaged,1.50436e-05,0.00462484,0.99536,0.995922,1,-0.647962,0.5
corrected,241-R-mPFC-S1-NE_2022_12_29,124,2,Engaged,5.44061e-06,0.00420636,0.995788,0.135089,0,-0.40251,0.025
corrected,241-R-mPFC-S1-NE_2022_12_29,125,2,Engaged,4.26635e-06,0.00639213,0.993604,0.0794733,0,1.01992,0
corrected,241-R-mPFC-S1-NE_2022_12_29,126,2,Engaged,6.4152e-06,0.00787649,0.992117,0.134696,0,1.56948,0.025
corrected,241-R-mPFC-S1-NE_2022_12_29,127,2,Engaged,1.32283e-05,0.00221884,0.997768,0.479815,1,1.03619,0.1
corrected,241-R-mPFC-S1-NE_2022_12_29,128,2,Engaged,1.03004e-05,0.00428147,0.995708,0.996219,1,0.649263,0.5
corrected,241-R-mPFC-S1-NE_2022_12_29,129,2,Engaged,4.88483e-06,0.0582485,0.941747,0.0766879,0,1.91236,0
corrected,241-R-mPFC-S1-NE_2022_12_29,130,2,Engaged,2.92061e-06,0.0854681,0.914529,0.204602,0,1.33661,0.05
corrected,241-R-mPFC-S1-NE_2022_12_29,131,2,Engaged,3.35388e-06,0.114368,0.885629,0.12329,0,1.80964,0.025
corrected,241-R-mPFC-S1-NE_2022_12_29,132,2,Engaged,5.23825e-06,0.111715,0.88828,0.199621,0,0.695007,0.05
corrected,241-R-mPFC-S1-NE_2022_12_29,133,2,Engaged,1.24132e-05,0.0955253,0.904462,0.950481,1,0.403024,1
corrected,241-R-mPFC-S1-NE_2022_12_29,134,2,Engaged,1.54828e-05,0.111291,0.888694,0.942308,1,1.19916,1
corrected,241-R-mPFC-S1-NE_2022_12_29,135,2,Engaged,1.1147e-05,0.110303,0.889686,0.0738952,0,-0.50642,0
corrected,241-R-mPFC-S1-NE_2022_12_29,136,2,Engaged,1.28332e-05,0.10242,0.897567,0.946907,1,-0.853101,1
corrected,241-R-mPFC-S1-NE_2022_12_29,137,1,Conservative,8.65963e-07,0.962865,0.0371346,0.0324207,0,4.57781,0.025
corrected,241-R-mPFC-S1-NE_2022_12_29,138,1,Conservative,5.87889e-07,0.973534,0.0264654,0.0360225,0,-0.501994,0.05
corrected,241-R-mPFC-S1-NE_2022_12_29,139,1,Conservative,7.76972e-07,0.984329,0.0156707,0.0437489,0,-0.604783,0.1
corrected,241-R-mPFC-S1-NE_2022_12_29,140,1,Conservative,2.17757e-06,0.990184,0.00981417,0.0328628,0,-0.798233,0.05
corrected,241-R-mPFC-S1-NE_2022_12_29,141,1,Conservative,6.69898e-06,0.999401,0.000592403,0.136789,0,-0.667954,0.5
corrected,241-R-mPFC-S1-NE_2022_12_29,142,2,Engaged,0.0001511,0.0283417,0.971507,0.975437,1,-1.01236,0.5
corrected,241-R-mPFC-S1-NE_2022_12_29,143,2,Engaged,0.000150155,0.00517922,0.994671,0.965257,1,1.09912,0.25
corrected,241-R-mPFC-S1-NE_2022_12_29,144,2,Engaged,0.000129937,0.00102737,0.998843,0.480382,1,-0.27918,0.1
corrected,241-R-mPFC-S1-NE_2022_12_29,145,2,Engaged,8.29771e-05,0.00285743,0.99706,0.0797106,0,-0.299548,0
corrected,241-R-mPFC-S1-NE_2022_12_29,146,2,Engaged,6.86452e-05,0.000638373,0.999293,0.969389,1,-0.676303,0.25
corrected,241-R-mPFC-S1-NE_2022_12_29,147,2,Engaged,5.25897e-05,0.00360249,0.996345,0.996805,1,-0.613422,0.5
corrected,241-R-mPFC-S1-NE_2022_12_29,148,2,Engaged,3.30453e-05,0.0404975,0.959469,0.131218,0,-0.0987458,0.025
corrected,241-R-mPFC-S1-NE_2022_12_29,149,2,Engaged,2.90177e-05,0.0555796,0.944391,0.971188,1,-0.949694,1
corrected,241-R-mPFC-S1-NE_2022_12_29,150,2,Engaged,2.10119e-05,0.119636,0.880343,0.427683,0,-0.39011,0.1
corrected,241-R-mPFC-S1-NE_2022_12_29,151,2,Engaged,2.38538e-05,0.149826,0.85015,0.922332,1,-0.514841,1
corrected,241-R-mPFC-S1-NE_2022_12_29,152,1,Conservative,1.75409e-05,0.678013,0.321969,0.062936,0,1.99116,0.025
corrected,241-R-mPFC-S1-NE_2022_12_29,153,1,Conservative,2.59805e-05,0.823434,0.17654,0.115195,0,0.533708,0.1
corrected,241-R-mPFC-S1-NE_2022_12_29,154,1,Conservative,5.74121e-05,0.903109,0.0968333,0.531841,1,0.518345,1
corrected,241-R-mPFC-S1-NE_2022_12_29,155,1,Conservative,7.82627e-05,0.988104,0.0118173,0.0718547,0,-0.475535,0.25
corrected,241-R-mPFC-S1-NE_2022_12_29,156,1,Conservative,0.000150963,0.986618,0.0132314,0.0732021,0,-0.511014,0.25
corrected,241-R-mPFC-S1-NE_2022_12_30,1,2,Engaged,0.00186405,0.0162005,0.981935,0.134884,0,1.26249,0.025
corrected,241-R-mPFC-S1-NE_2022_12_30,2,2,Engaged,0.00122617,0.0157792,0.982995,0.986267,1,0.562038,0.5
corrected,241-R-mPFC-S1-NE_2022_12_30,3,2,Engaged,0.000518372,0.058051,0.941431,0.455188,0,1.04803,0.1
corrected,241-R-mPFC-S1-NE_2022_12_30,4,2,Engaged,0.000180917,0.0500408,0.949778,0.130282,0,-0.666061,0.025
corrected,241-R-mPFC-S1-NE_2022_12_30,5,2,Engaged,9.08513e-05,0.0496891,0.95022,0.0771995,0,0.110391,0
corrected,241-R-mPFC-S1-NE_2022_12_30,6,2,Engaged,5.56246e-05,0.0375558,0.962389,0.980532,1,-0.571864,1
corrected,241-R-mPFC-S1-NE_2022_12_30,7,2,Engaged,2.06996e-05,0.0429029,0.957076,0.130954,0,-0.0309046,0.025
corrected,241-R-mPFC-S1-NE_2022_12_30,8,2,Engaged,7.74877e-06,0.038348,0.961644,0.0777587,0,-0.578796,0
corrected,241-R-mPFC-S1-NE_2022_12_30,9,2,Engaged,4.43484e-06,0.0398474,0.960148,0.463105,0,0.11807,0.1
corrected,241-R-mPFC-S1-NE_2022_12_30,10,2,Engaged,3.81586e-06,0.0283207,0.971676,0.215451,0,0.0325957,0.05
corrected,241-R-mPFC-S1-NE_2022_12_30,11,2,Engaged,5.91697e-06,0.00809869,0.991895,0.134672,0,-0.147314,0.025
corrected,241-R-mPFC-S1-NE_2022_12_30,12,2,Engaged,2.05455e-05,0.0116983,0.988281,0.475608,1,3.33172,0.1
corrected,241-R-mPFC-S1-NE_2022_12_30,13,2,Engaged,1.18056e-05,0.00757182,0.992416,0.477438,0,-0.629035,0.1
corrected,241-R-mPFC-S1-NE_2022_12_30,14,2,Engaged,1.25472e-05,0.0031753,0.996812,0.997174,1,0.504132,0.5
corrected,241-R-mPFC-S1-NE_2022_12_30,15,2,Engaged,6.77929e-06,0.00150207,0.998491,0.135379,0,-0.809757,0.025
corrected,241-R-mPFC-S1-NE_2022_12_30,16,2,Engaged,9.15037e-06,0.00107277,0.998918,0.968998,1,0.878482,0.25
corrected,241-R-mPFC-S1-NE_2022_12_30,17,2,Engaged,8.14736e-06,0.00792049,0.992071,0.134693,0,0.647428,0.025
corrected,241-R-mPFC-S1-NE_2022_12_30,18,2,Engaged,1.24501e-05,0.0105235,0.989464,0.994545,1,0.583825,1
corrected,241-R-mPFC-S1-NE_2022_12_30,19,2,Engaged,1.15782e-05,0.0109141,0.989074,0.134374,0,-0.30417,0.025
corrected,241-R-mPFC-S1-NE_2022_12_30,20,2,Engaged,1.61933e-05,0.00294661,0.997037,0.998473,1,-1.12091,1
corrected,241-R-mPFC-S1-NE_2022_12_30,21,2,Engaged,2.17906e-05,0.00424605,0.995732,0.997799,1,0.589176,1
corrected,241-R-mPFC-S1-NE_2022_12_30,22,2,Engaged,2.62003e-05,0.0108514,0.989122,0.994375,1,1.28913,1
corrected,241-R-mPFC-S1-NE_2022_12_30,23,2,Engaged,2.05055e-05,0.00697845,0.993001,0.219511,0,-0.862812,0.05
corrected,241-R-mPFC-S1-NE_2022_12_30,24,2,Engaged,2.61332e-05,0.000665314,0.999309,0.969367,1,-0.676253,0.25
corrected,241-R-mPFC-S1-NE_2022_12_30,25,2,Engaged,2.68799e-05,0.000246723,0.999726,0.480695,1,-1.13715,0.1
corrected,241-R-mPFC-S1-NE_2022_12_30,26,2,Engaged,2.0178e-05,0.00300508,0.996975,0.220265,0,-0.512577,0.05
corrected,241-R-mPFC-S1-NE_2022_12_30,27,2,Engaged,2.29559e-05,0.00137684,0.9986,0.999286,1,-0.796722,1
corrected,241-R-mPFC-S1-NE_2022_12_30,28,2,Engaged,2.41046e-05,0.000602366,0.999374,0.999396,1,-0.34723,0.5
corrected,241-R-mPFC-S1-NE_2022_12_30,29,2,Engaged,2.08268e-05,0.000600035,0.999379,0.999689,1,-0.839341,1
corrected,241-R-mPFC-S1-NE_2022_12_30,30,2,Engaged,1.73219e-05,0.00065906,0.999324,0.969373,1,0.00606202,0.25
corrected,241-R-mPFC-S1-NE_2022_12_30,31,2,Engaged,1.00844e-05,0.00569742,0.994292,0.134932,0,-0.348582,0.025
corrected,241-R-mPFC-S1-NE_2022_12_30,32,2,Engaged,8.13465e-06,0.00386941,0.996122,0.135127,0,-1.2132,0.025
corrected,241-R-mPFC-S1-NE_2022_12_30,33,2,Engaged,1.21347e-05,0.000448083,0.99954,0.99953,1,-0.961315,0.5
corrected,241-R-mPFC-S1-NE_2022_12_30,34,2,Engaged,1.41565e-05,0.000145626,0.99984,0.96984,1,-0.482668,0.25
corrected,241-R-mPFC-S1-NE_2022_12_30,35,2,Engaged,1.44456e-05,0.00101868,0.998967,0.999472,1,-0.201181,1
corrected,241-R-mPFC-S1-NE_2022_12_30,36,2,Engaged,1.29433e-05,0.00201828,0.997969,0.998174,1,0.255807,0.5
corrected,241-R-mPFC-S1-NE_2022_12_30,37,2,Engaged,5.47675e-06,0.0050957,0.994899,0.219861,0,-0.867814,0.05
corrected,241-R-mPFC-S1-NE_2022_12_30,38,2,Engaged,3.68154e-06,0.00528551,0.994711,0.0795324,0,-0.74345,0
corrected,241-R-mPFC-S1-NE_2022_12_30,39,2,Engaged,4.02674e-06,0.00225332,0.997743,0.0796955,0,-0.913064,0
corrected,241-R-mPFC-S1-NE_2022_12_30,40,2,Engaged,9.20621e-06,0.000241005,0.99975,0.969754,1,0.193002,0.25
corrected,241-R-mPFC-S1-NE_2022_12_30,41,2,Engaged,1.34157e-05,0.00173956,0.998247,0.998414,1,1.00461,0.5
corrected,241-R-mPFC-S1-NE_2022_12_30,42,2,Engaged,1.05519e-05,0.00270346,0.997286,0.135253,0,-0.724992,0.025
corrected,241-R-mPFC-S1-NE_2022_12_30,43,2,Engaged,1.38783e-05,0.000334667,0.999651,0.969668,1,-0.850628,0.25
corrected,241-R-mPFC-S1-NE_2022_12_30,44,2,Engaged,1.49963e-05,0.00132874,0.998656,0.968765,1,-0.663792,0.25
corrected,241-R-mPFC-S1-NE_2022_12_30,45,1,Conservative,2.43209e-06,0.999981,1.68139e-05,0.136288,0,5.05649,0.5
corrected,241-R-mPFC-S1-NE_2022_12_30,46,1,Conservative,2.68541e-05,0.983416,0.0165571,0.0761189,0,-0.162921,0.25
corrected,241-R-mPFC-S1-NE_2022_12_30,47,2,Engaged,0.000359687,0.0843589,0.915281,0.927054,1,-1.0755,0.5
corrected,241-R-mPFC-S1-NE_2022_12_30,48,2,Engaged,0.000380519,0.0301755,0.969444,0.984357,1,-0.209958,1
corrected,241-R-mPFC-S1-NE_2022_12_30,49,2,Engaged,0.000383211,0.00515031,0.994466,0.995462,1,-0.239498,0.5
corrected,241-R-mPFC-S1-NE_2022_12_30,50,2,Engaged,0.000369213,0.00100308,0.998628,0.969041,1,-0.633358,0.25
corrected,241-R-mPFC-S1-NE_2022_12_30,51,2,Engaged,0.000349264,0.00296608,0.996685,0.220446,0,-0.918992,0.05
corrected,241-R-mPFC-S1-NE_2022_12_30,52,2,Engaged,0.000376561,0.000552869,0.999071,0.220919,1,-1.29894,0.05
corrected,241-R-mPFC-S1-NE_2022_12_30,53,2,Engaged,0.000345662,0.00116464,0.99849,0.0799599,0,-0.845946,0
corrected,241-R-mPFC-S1-NE_2022_12_30,54,2,Engaged,0.000370749,9.27888e-05,0.999536,0.969868,1,-0.257958,0.25
corrected,241-R-mPFC-S1-NE_2022_12_30,55,2,Engaged,0.000408715,0.000335841,0.999255,0.999619,1,0.668909,0.5
corrected,241-R-mPFC-S1-NE_2022_12_30,56,2,Engaged,0.000435994,0.000111991,0.999452,0.480887,1,0.165004,0.1
corrected,241-R-mPFC-S1-NE_2022_12_30,57,2,Engaged,0.000440632,0.000474201,0.999085,0.999499,1,0.750616,0.5
corrected,241-R-mPFC-S1-NE_2022_12_30,58,2,Engaged,0.000431691,0.000385185,0.999183,0.220979,1,-0.0384057,0.05
corrected,241-R-mPFC-S1-NE_2022_12_30,59,2,Engaged,0.000320098,0.00031297,0.999367,0.969671,1,-0.402417,0.25
corrected,241-R-mPFC-S1-NE_2022_12_30,60,2,Engaged,0.000186543,0.00140949,0.998404,0.135494,0,-1.10319,0.025
corrected,241-R-mPFC-S1-NE_2022_12_30,61,2,Engaged,0.000150094,0.00014578,0.999704,0.969832,1,-0.854173,0.25
corrected,241-R-mPFC-S1-NE_2022_12_30,62,2,Engaged,0.000114939,5.28349e-05,0.999832,0.969919,1,-0.724234,0.25
corrected,241-R-mPFC-S1-NE_2022_12_30,63,2,Engaged,8.94866e-05,0.000246424,0.999664,0.999702,1,0.242,0.5
corrected,241-R-mPFC-S1-NE_2022_12_30,64,2,Engaged,7.20879e-05,0.00417049,0.995757,0.996314,1,1.69372,0.5
corrected,241-R-mPFC-S1-NE_2022_12_30,65,2,Engaged,4.5912e-05,0.0259574,0.973997,0.0784473,0,1.46071,0
corrected,241-R-mPFC-S1-NE_2022_12_30,66,2,Engaged,3.01176e-05,0.0154482,0.984522,0.133899,0,-1.05254,0.025
corrected,241-R-mPFC-S1-NE_2022_12_30,67,2,Engaged,3.14122e-05,0.00723625,0.992732,0.996249,1,-0.588216,1
corrected,241-R-mPFC-S1-NE_2022_12_30,68,2,Engaged,2.72672e-05,0.00124215,0.998731,0.480253,1,-1.04801,0.1
corrected,241-R-mPFC-S1-NE_2022_12_30,69,2,Engaged,1.2979e-05,0.0044841,0.995503,0.135064,0,-0.647492,0.025
corrected,241-R-mPFC-S1-NE_2022_12_30,70,2,Engaged,9.74467e-06,0.00511942,0.994871,0.0795449,0,-0.555428,0
corrected,241-R-mPFC-S1-NE_2022_12_30,71,2,Engaged,1.07711e-05,0.000279097,0.99971,0.969719,1,-1.24152,0.25
corrected,241-R-mPFC-S1-NE_2022_12_30,72,2,Engaged,1.48205e-05,0.00840056,0.991585,0.995645,1,1.48225,1
corrected,241-R-mPFC-S1-NE_2022_12_30,73,2,Engaged,1.16378e-05,0.00867231,0.991316,0.134614,0,-0.216736,0.025
corrected,241-R-mPFC-S1-NE_2022_12_30,74,2,Engaged,1.38897e-05,0.00155036,0.998436,0.998578,1,-0.93788,0.5
corrected,241-R-mPFC-S1-NE_2022_12_30,75,2,Engaged,1.17556e-05,0.000561817,0.999426,0.999431,1,-1.29854,0.5
corrected,241-R-mPFC-S1-NE_2022_12_30,76,2,Engaged,1.4511e-05,0.089004,0.910982,0.126013,0,3.50653,0.025
corrected,241-R-mPFC-S1-NE_2022_12_30,77,2,Engaged,2.22917e-05,0.0924733,0.907504,0.952063,1,1.41791,1
corrected,241-R-mPFC-S1-NE_2022_12_30,78,2,Engaged,2.10093e-05,0.0741388,0.92584,0.0758439,0,-0.589184,0
corrected,241-R-mPFC-S1-NE_2022_12_30,79,2,Engaged,2.99712e-05,0.0405898,0.95938,0.462783,0,-1.25996,0.1
corrected,241-R-mPFC-S1-NE_2022_12_30,80,2,Engaged,6.56765e-05,0.00839062,0.991544,0.992669,1,-0.51392,0.5
corrected,241-R-mPFC-S1-NE_2022_12_30,81,2,Engaged,8.17804e-05,0.00342303,0.996495,0.998225,1,-0.987315,1
corrected,241-R-mPFC-S1-NE_2022_12_30,82,2,Engaged,9.29163e-05,0.00035478,0.999552,0.480668,1,-1.12643,0.1
corrected,241-R-mPFC-S1-NE_2022_12_30,83,2,Engaged,9.74852e-05,0.00427191,0.995631,0.997785,1,0.401981,1
corrected,241-R-mPFC-S1-NE_2022_12_30,84,2,Engaged,9.42148e-05,0.00638691,0.993519,0.134907,0,-0.353985,0.025
corrected,241-R-mPFC-S1-NE_2022_12_30,85,2,Engaged,0.000115861,0.00396136,0.995923,0.135179,0,-0.6644,0.025
corrected,241-R-mPFC-S1-NE_2022_12_30,86,2,Engaged,0.000204134,0.00031661,0.999479,0.220873,1,-0.243641,0.05
corrected,241-R-mPFC-S1-NE_2022_12_30,87,2,Engaged,0.000229819,0.000545032,0.999225,0.220843,1,1.12167,0.05
corrected,241-R-mPFC-S1-NE_2022_12_30,88,2,Engaged,0.000194352,0.000334779,0.999471,0.999624,1,0.309711,0.5
corrected,241-R-mPFC-S1-NE_2022_12_30,89,2,Engaged,0.000156952,0.000622249,0.999221,0.48057,1,0.379981,0.1
corrected,241-R-mPFC-S1-NE_2022_12_30,90,2,Engaged,5.93604e-05,0.00237661,0.997564,0.135316,0,-0.601907,0.025
corrected,241-R-mPFC-S1-NE_2022_12_30,91,2,Engaged,3.27296e-05,0.00263829,0.997329,0.0796921,0,-0.0641382,0
corrected,241-R-mPFC-S1-NE_2022_12_30,92,2,Engaged,2.66267e-05,0.000574137,0.999399,0.999421,1,0.158789,0.5
corrected,241-R-mPFC-S1-NE_2022_12_30,93,2,Engaged,1.9976e-05,0.00176043,0.99822,0.968372,1,0.847227,0.25
corrected,241-R-mPFC-S1-NE_2022_12_30,94,2,Engaged,7.41287e-06,0.0145806,0.985412,0.133979,0,0.190892,0.025
corrected,241-R-mPFC-S1-NE_2022_12_30,95,2,Engaged,4.24642e-06,0.0307753,0.96922,0.214985,0,0.764784,0.05
corrected,241-R-mPFC-S1-NE_2022_12_30,96,2,Engaged,2.80308e-06,0.0255779,0.974419,0.0784417,0,-0.601842,0
corrected,241-R-mPFC-S1-NE_2022_12_30,97,2,Engaged,4.72587e-06,0.0353336,0.964662,0.981684,1,1.08141,1
corrected,241-R-mPFC-S1-NE_2022_12_30,98,2,Engaged,2.33898e-06,0.0460894,0.953908,0.130602,0,0.406731,0.025
corrected,241-R-mPFC-S1-NE_2022_12_30,99,2,Engaged,2.54329e-06,0.0797157,0.920282,0.445402,0,1.7732,0.1
corrected,241-R-mPFC-S1-NE_2022_12_30,100,2,Engaged,2.16148e-06,0.0528318,0.947166,0.457339,0,-0.292024,0.1
corrected,241-R-mPFC-S1-NE_2022_12_30,101,2,Engaged,3.4019e-06,0.0395423,0.960454,0.131303,0,1.22903,0.025
corrected,241-R-mPFC-S1-NE_2022_12_30,102,2,Engaged,7.47167e-06,0.0205369,0.979456,0.951306,1,1.23001,0.25
corrected,241-R-mPFC-S1-NE_2022_12_30,103,2,Engaged,5.25303e-06,0.0293507,0.970644,0.0782405,0,0.482745,0
corrected,241-R-mPFC-S1-NE_2022_12_30,104,2,Engaged,5.62591e-06,0.0289996,0.970995,0.984967,1,-0.085166,1
corrected,241-R-mPFC-S1-NE_2022_12_30,105,2,Engaged,4.42289e-06,0.0997187,0.900277,0.436522,0,2.21297,0.1
corrected,241-R-mPFC-S1-NE_2022_12_30,106,2,Engaged,4.03362e-06,0.0890686,0.910927,0.20392,0,0.237235,0.05
corrected,241-R-mPFC-S1-NE_2022_12_30,107,2,Engaged,6.10364e-06,0.0482818,0.951712,0.974971,1,-0.667708,1
corrected,241-R-mPFC-S1-NE_2022_12_30,108,2,Engaged,3.85133e-06,0.0438366,0.95616,0.130844,0,0.155101,0.025
corrected,241-R-mPFC-S1-NE_2022_12_30,109,2,Engaged,3.77795e-06,0.0281055,0.971891,0.0783065,0,-0.37191,0
corrected,241-R-mPFC-S1-NE_2022_12_30,110,2,Engaged,5.65196e-06,0.0048815,0.995113,0.965536,1,-0.717779,0.25
corrected,241-R-mPFC-S1-NE_2022_12_30,111,2,Engaged,3.30306e-06,0.00804307,0.991954,0.2193,0,-0.614659,0.05
corrected,241-R-mPFC-S1-NE_2022_12_30,112,2,Engaged,5.41302e-06,0.0185856,0.981409,0.133549,0,0.957871,0.025
corrected,241-R-mPFC-S1-NE_2022_12_30,113,2,Engaged,1.11777e-05,0.0179782,0.982011,0.472817,0,0.19483,0.1
corrected,241-R-mPFC-S1-NE_2022_12_30,114,2,Engaged,2.84071e-05,0.00745924,0.992512,0.996133,1,0.171359,1
corrected,241-R-mPFC-S1-NE_2022_12_30,115,2,Engaged,4.02227e-05,0.00166185,0.998298,0.998481,1,0.112118,0.5
corrected,241-R-mPFC-S1-NE_2022_12_30,116,2,Engaged,4.47789e-05,0.00013681,0.999818,0.48075,1,-0.554675,0.1
corrected,241-R-mPFC-S1-NE_2022_12_30,117,2,Engaged,4.29436e-05,0.000904992,0.999052,0.999135,1,0.635918,0.5
corrected,241-R-mPFC-S1-NE_2022_12_30,118,2,Engaged,3.18211e-05,0.00108036,0.998888,0.135439,0,-0.75716,0.025
corrected,241-R-mPFC-S1-NE_2022_12_30,119,2,Engaged,3.8977e-05,0.000457348,0.999504,0.999521,1,0.381265,0.5
corrected,241-R-mPFC-S1-NE_2022_12_30,120,2,Engaged,5.46634e-05,0.0187035,0.981242,0.990304,1,3.39193,1
corrected,241-R-mPFC-S1-NE_2022_12_30,121,2,Engaged,4.8152e-05,0.000930357,0.999021,0.969125,1,-0.633248,0.25
corrected,241-R-mPFC-S1-NE_2022_12_30,122,2,Engaged,3.91213e-05,0.000158837,0.999802,0.969827,1,-0.354638,0.25
corrected,241-R-mPFC-S1-NE_2022_12_30,123,2,Engaged,2.80157e-05,0.000242305,0.99973,0.969751,1,-0.3698,0.25
corrected,241-R-mPFC-S1-NE_2022_12_30,124,2,Engaged,1.40352e-05,0.0020988,0.997887,0.0797098,0,-0.527043,0
corrected,241-R-mPFC-S1-NE_2022_12_30,125,2,Engaged,1.09542e-05,0.00161546,0.998374,0.0797339,0,-0.331206,0
corrected,241-R-mPFC-S1-NE_2022_12_30,126,2,Engaged,1.67251e-05,0.000897362,0.999086,0.480403,1,0.770298,0.1
corrected,241-R-mPFC-S1-NE_2022_12_30,127,2,Engaged,1.19831e-05,0.00279768,0.99719,0.2203,0,0.0211572,0.05
corrected,241-R-mPFC-S1-NE_2022_12_30,128,2,Engaged,1.67334e-05,0.00411983,0.995863,0.997864,1,0.961466,1
corrected,241-R-mPFC-S1-NE_2022_12_30,129,2,Engaged,1.46603e-05,0.000622857,0.999362,0.969406,1,-0.478732,0.25
corrected,241-R-mPFC-S1-NE_2022_12_30,130,2,Engaged,1.08008e-05,0.0031944,0.996795,0.079649,0,-0.102462,0
corrected,241-R-mPFC-S1-NE_2022_12_30,131,2,Engaged,1.15299e-05,0.00055927,0.999429,0.969464,1,-0.795742,0.25
corrected,241-R-mPFC-S1-NE_2022_12_30,132,2,Engaged,1.19608e-05,0.0074373,0.992551,0.996145,1,0.362534,1
corrected,241-R-mPFC-S1-NE_2022_12_30,133,2,Engaged,6.23762e-06,0.00964326,0.990351,0.476516,0,-0.990653,0.1
corrected,241-R-mPFC-S1-NE_2022_12_30,134,2,Engaged,5.52588e-06,0.00806396,0.991931,0.0793842,0,-0.499491,0
corrected,241-R-mPFC-S1-NE_2022_12_30,135,2,Engaged,8.42001e-06,0.00384767,0.996144,0.998005,1,-0.510265,1
corrected,241-R-mPFC-S1-NE_2022_12_30,136,2,Engaged,8.27757e-06,0.00201627,0.997975,0.998175,1,-0.38237,0.5
corrected,241-R-mPFC-S1-NE_2022_12_30,137,2,Engaged,5.46203e-06,0.00744982,0.992545,0.0794172,0,-0.135677,0
corrected,241-R-mPFC-S1-NE_2022_12_30,138,2,Engaged,4.48178e-06,0.00436792,0.995628,0.135071,0,-1.29115,0.025
corrected,241-R-mPFC-S1-NE_2022_12_30,139,2,Engaged,9.72446e-06,0.00553414,0.994456,0.964943,1,0.381891,0.25
corrected,241-R-mPFC-S1-NE_2022_12_30,140,2,Engaged,1.09616e-05,0.044136,0.955853,0.212453,0,0.218284,0.05
corrected,241-R-mPFC-S1-NE_2022_12_30,141,2,Engaged,2.25157e-05,0.0887721,0.911205,0.203986,0,0.700286,0.05
corrected,241-R-mPFC-S1-NE_2022_12_30,142,2,Engaged,5.22268e-05,0.0947792,0.905169,0.91806,1,-0.514297,0.5
corrected,241-R-mPFC-S1-NE_2022_12_30,143,1,Conservative,8.33097e-05,0.574137,0.42578,0.0740986,0,1.37659,0.025
corrected,241-R-mPFC-S1-NE_2022_12_30,144,1,Conservative,0.000167386,0.732447,0.267386,0.304223,0,0.104756,0.25
corrected,241-R-mPFC-S1-NE_2022_12_30,145,1,Conservative,0.000283784,0.707712,0.292004,0.0419662,0,0.750882,0
corrected,241-R-mPFC-S1-NE_2023_01_05,1,0,Liberal,0.992876,1.72477e-05,0.00710698,0.678376,1,0.119431,0
corrected,241-R-mPFC-S1-NE_2023_01_05,2,0,Liberal,0.992834,7.16504e-06,0.00715911,0.74419,1,0.323265,0.05
corrected,241-R-mPFC-S1-NE_2023_01_05,3,0,Liberal,0.992314,3.73611e-06,0.0076824,0.743916,1,-0.537697,0.05
corrected,241-R-mPFC-S1-NE_2023_01_05,4,0,Liberal,0.99054,1.36246e-05,0.00944687,0.800633,1,-0.425586,0.1
corrected,241-R-mPFC-S1-NE_2023_01_05,5,0,Liberal,0.987317,0.000219495,0.0124633,0.675014,0,-0.567382,0
corrected,241-R-mPFC-S1-NE_2023_01_05,6,0,Liberal,0.986249,0.000283337,0.0134678,0.740666,0,-0.510218,0.05
corrected,241-R-mPFC-S1-NE_2023_01_05,7,0,Liberal,0.985944,0.000216133,0.0138394,0.708266,0,-0.733815,0.025
corrected,241-R-mPFC-S1-NE_2023_01_05,8,0,Liberal,0.98604,0.000106788,0.0138536,0.99921,1,-0.474663,1
corrected,241-R-mPFC-S1-NE_2023_01_05,9,0,Liberal,0.986119,5.18005e-05,0.0138292,0.999238,1,-0.550472,1
corrected,241-R-mPFC-S1-NE_2023_01_05,10,0,Liberal,0.986178,5.52435e-06,0.0138167,0.799228,1,-0.787479,0.1
corrected,241-R-mPFC-S1-NE_2023_01_05,11,0,Liberal,0.986118,1.89088e-05,0.0138628,0.799203,1,-0.351706,0.1
corrected,241-R-mPFC-S1-NE_2023_01_05,12,0,Liberal,0.985845,0.00020027,0.0139548,0.999161,1,-0.669199,1
corrected,241-R-mPFC-S1-NE_2023_01_05,13,0,Liberal,0.985131,0.0148679,1.52462e-06,0.969148,0,4.48798,0.5
corrected,241-R-mPFC-S1-NE_2023_01_05,14,0,Liberal,0.988853,0.00985734,0.00128926,0.675422,0,-0.565463,0
corrected,241-R-mPFC-S1-NE_2023_01_05,15,0,Liberal,0.997316,0.00154078,0.00114286,0.980436,1,-0.0261534,0.5
corrected,241-R-mPFC-S1-NE_2023_01_05,16,0,Liberal,0.999528,5.66065e-05,0.000414999,0.716174,1,-0.860192,0.025
corrected,241-R-mPFC-S1-NE_2023_01_05,17,0,Liberal,0.999732,2.5879e-06,0.000265841,0.747827,1,-0.895392,0.05
corrected,241-R-mPFC-S1-NE_2023_01_05,18,0,Liberal,0.999772,1.30508e-07,0.000227931,0.914893,1,-1.0227,0.25
corrected,241-R-mPFC-S1-NE_2023_01_05,19,0,Liberal,0.999845,3.47658e-07,0.000154792,0.716364,1,0.537149,0.025
corrected,241-R-mPFC-S1-NE_2023_01_05,20,0,Liberal,0.999836,1.84905e-07,0.000163524,0.981721,1,-0.571066,0.5
corrected,241-R-mPFC-S1-NE_2023_01_05,21,0,Liberal,0.999831,1.2042e-07,0.000168601,0.716356,1,-0.532837,0.025
corrected,241-R-mPFC-S1-NE_2023_01_05,22,0,Liberal,0.999747,1.70636e-07,0.000252813,0.803612,1,-0.369428,0.1
corrected,241-R-mPFC-S1-NE_2023_01_05,23,0,Liberal,0.999614,2.04052e-06,0.000384362,0.999254,1,-0.108169,1
corrected,241-R-mPFC-S1-NE_2023_01_05,24,0,Liberal,0.999462,1.38099e-06,0.000536287,0.999254,1,-0.614048,1
corrected,241-R-mPFC-S1-NE_2023_01_05,25,0,Liberal,0.999345,1.05668e-06,0.000654182,0.981729,1,0.176354,0.5
corrected,241-R-mPFC-S1-NE_2023_01_05,26,0,Liberal,0.99919,2.85405e-07,0.000809885,0.981733,1,-0.839001,0.5
corrected,241-R-mPFC-S1-NE_2023_01_05,27,0,Liberal,0.999089,1.0173e-06,0.000910415,0.747488,1,0.41145,0.05
corrected,241-R-mPFC-S1-NE_2023_01_05,28,0,Liberal,0.99856,8.28638e-07,0.00143917,0.914959,1,-0.797774,0.25
corrected,241-R-mPFC-S1-NE_2023_01_05,29,0,Liberal,0.998123,1.15892e-05,0.00186571,0.803082,1,-0.294463,0.1
corrected,241-R-mPFC-S1-NE_2023_01_05,30,0,Liberal,0.997307,0.000395449,0.00229716,0.802648,0,0.529444,0.1
corrected,241-R-mPFC-S1-NE_2023_01_05,31,0,Liberal,0.997049,0.000468908,0.00248241,0.914617,0,0.0847204,0.25
corrected,241-R-mPFC-S1-NE_2023_01_05,32,0,Liberal,0.99664,0.00022367,0.00313683,0.914862,1,1.78544,0.25
corrected,241-R-mPFC-S1-NE_2023_01_05,33,0,Liberal,0.996012,0.00022054,0.00376735,0.745825,0,0.384784,0.05
corrected,241-R-mPFC-S1-NE_2023_01_05,34,0,Liberal,0.995824,0.000126275,0.00404932,0.680147,1,-0.00438475,0
corrected,241-R-mPFC-S1-NE_2023_01_05,35,0,Liberal,0.993563,0.000137067,0.0063004,0.678783,0,-0.563377,0
corrected,241-R-mPFC-S1-NE_2023_01_05,36,0,Liberal,0.993051,0.000191395,0.00675762,0.678472,0,1.00348,0
corrected,241-R-mPFC-S1-NE_2023_01_05,37,0,Liberal,0.992839,6.71224e-05,0.00709428,0.999225,1,-0.443968,1
corrected,241-R-mPFC-S1-NE_2023_01_05,38,0,Liberal,0.99262,3.99901e-06,0.00737617,0.915283,1,-0.476363,0.25
corrected,241-R-mPFC-S1-NE_2023_01_05,39,0,Liberal,0.992437,2.13285e-06,0.00756063,0.981854,1,-0.170366,0.5
corrected,241-R-mPFC-S1-NE_2023_01_05,40,0,Liberal,0.992288,2.92781e-06,0.00770878,0.915303,1,0.229843,0.25
corrected,241-R-mPFC-S1-NE_2023_01_05,41,0,Liberal,0.992095,1.07253e-05,0.00789396,0.999255,1,-0.555266,1
corrected,241-R-mPFC-S1-NE_2023_01_05,42,0,Liberal,0.991885,4.11806e-06,0.0081108,0.981862,1,-0.818352,0.5
corrected,241-R-mPFC-S1-NE_2023_01_05,43,0,Liberal,0.991754,3.24783e-05,0.00821327,0.743616,0,0.209595,0.05
corrected,241-R-mPFC-S1-NE_2023_01_05,44,0,Liberal,0.991897,1.14853e-05,0.0080911,0.981856,1,0.303468,0.5
corrected,241-R-mPFC-S1-NE_2023_01_05,45,0,Liberal,0.991999,9.11284e-06,0.00799181,0.711806,1,-0.28888,0.025
corrected,241-R-mPFC-S1-NE_2023_01_05,46,0,Liberal,0.991524,1.15936e-06,0.00847518,0.981871,1,-1.50928,0.5
corrected,241-R-mPFC-S1-NE_2023_01_05,47,0,Liberal,0.991246,2.71196e-06,0.00875162,0.800865,1,0.0596877,0.1
corrected,241-R-mPFC-S1-NE_2023_01_05,48,0,Liberal,0.990771,3.26427e-05,0.0091965,0.999244,1,0.351446,1
corrected,241-R-mPFC-S1-NE_2023_01_05,49,0,Liberal,0.990399,0.000152744,0.00944792,0.981761,1,1.39912,0.5
corrected,241-R-mPFC-S1-NE_2023_01_05,50,0,Liberal,0.989803,0.000542137,0.00965489,0.80016,1,0.238146,0.1
corrected,241-R-mPFC-S1-NE_2023_01_05,51,0,Liberal,0.985717,0.0114436,0.00283916,0.905266,0,0.956236,0.25
corrected,241-R-mPFC-S1-NE_2023_01_05,52,0,Liberal,0.984348,0.0138474,0.00180491,0.903156,0,3.21247,0.25
corrected,241-R-mPFC-S1-NE_2023_01_05,53,0,Liberal,0.983177,0.00294525,0.0138781,0.738541,1,0.0539296,0.05
corrected,241-R-mPFC-S1-NE_2023_01_05,54,0,Liberal,0.97939,0.00252352,0.0180864,0.979914,1,1.0777,0.5
corrected,241-R-mPFC-S1-NE_2023_01_06,1,0,Liberal,0.600193,0.000451318,0.399355,0.936497,1,1.13046,0.25
corrected,241-R-mPFC-S1-NE_2023_01_06,2,0,Liberal,0.599261,0.000161048,0.400578,0.988872,1,-1.3086,0.5
corrected,241-R-mPFC-S1-NE_2023_01_06,3,0,Liberal,0.598112,2.1676e-05,0.401867,0.673915,1,-1.87663,0.1
corrected,241-R-mPFC-S1-NE_2023_01_06,4,0,Liberal,0.596641,4.74918e-05,0.403311,0.937059,1,-0.70078,0.25
corrected,241-R-mPFC-S1-NE_2023_01_06,5,0,Liberal,0.5951,2.27155e-05,0.404877,0.937167,1,-1.03735,0.25
corrected,241-R-mPFC-S1-NE_2023_01_06,6,0,Liberal,0.594339,0.00060847,0.405053,0.999242,1,0.527816,1
corrected,241-R-mPFC-S1-NE_2023_01_06,7,0,Liberal,0.593308,0.000250898,0.406441,0.533536,1,-0.123426,0.05
corrected,241-R-mPFC-S1-NE_2023_01_06,8,0,Liberal,0.58841,0.000243223,0.411346,0.988998,1,-0.526455,0.5
corrected,241-R-mPFC-S1-NE_2023_01_06,9,0,Liberal,0.581724,5.80028e-05,0.418218,0.668607,1,-1.68357,0.1
corrected,241-R-mPFC-S1-NE_2023_01_06,10,0,Liberal,0.573857,0.00124052,0.424902,0.93723,1,-0.36595,0.25
corrected,241-R-mPFC-S1-NE_2023_01_06,11,0,Liberal,0.563708,0.0154773,0.420815,0.418818,0,-0.902329,0
corrected,241-R-mPFC-S1-NE_2023_01_06,12,0,Liberal,0.56074,0.0502426,0.389018,0.973537,1,0.328272,1
corrected,241-R-mPFC-S1-NE_2023_01_06,13,0,Liberal,0.55672,0.0739595,0.369321,0.872078,0,-1.25496,0.25
corrected,241-R-mPFC-S1-NE_2023_01_06,14,0,Liberal,0.54853,0.0238338,0.427636,0.409219,0,-1.45019,0
corrected,241-R-mPFC-S1-NE_2023_01_06,15,0,Liberal,0.546675,0.00226763,0.451057,0.98801,1,-0.469926,0.5
corrected,241-R-mPFC-S1-NE_2023_01_06,16,0,Liberal,0.544962,0.000372768,0.454666,0.508027,1,-0.0477787,0.05
corrected,241-R-mPFC-S1-NE_2023_01_06,17,0,Liberal,0.538686,0.000178756,0.461135,0.940133,1,0.0778663,0.25
corrected,241-R-mPFC-S1-NE_2023_01_06,18,0,Liberal,0.529936,5.75481e-05,0.470007,0.651885,1,-1.2884,0.1
corrected,241-R-mPFC-S1-NE_2023_01_06,19,0,Liberal,0.520413,0.00176805,0.477819,0.998696,1,0.350815,1
corrected,241-R-mPFC-S1-NE_2023_01_06,20,0,Liberal,0.5099,0.00351837,0.486582,0.431369,0,0.0534691,0.025
corrected,241-R-mPFC-S1-NE_2023_01_06,21,0,Liberal,0.506155,0.00223333,0.491612,0.384833,1,-0.371508,0
corrected,241-R-mPFC-S1-NE_2023_01_06,22,2,Engaged,0.46425,0.00144611,0.534303,0.630059,0,-1.24087,0.1
corrected,241-R-mPFC-S1-NE_2023_01_06,23,2,Engaged,0.455277,0.0011062,0.543617,0.627313,1,0.83739,0.1
corrected,241-R-mPFC-S1-NE_2023_01_06,24,2,Engaged,0.427924,0.00137702,0.570698,0.998967,1,-1.25822,1
corrected,241-R-mPFC-S1-NE_2023_01_06,25,2,Engaged,0.402763,0.00255352,0.594684,0.322485,1,-0.943724,0
corrected,241-R-mPFC-S1-NE_2023_01_06,26,2,Engaged,0.225754,0.0308337,0.743412,0.333977,0,0.0735726,0.05
corrected,241-R-mPFC-S1-NE_2023_01_06,27,2,Engaged,0.169301,0.0405681,0.790131,0.961799,1,0.022148,0.5
corrected,241-R-mPFC-S1-NE_2023_01_06,28,2,Engaged,0.0797282,0.24301,0.677262,0.216724,0,0.946857,0.05
corrected,241-R-mPFC-S1-NE_2023_01_06,29,2,Engaged,0.0543366,0.410451,0.535213,0.59391,0,1.21451,0.25
corrected,241-R-mPFC-S1-NE_2023_01_06,30,2,Engaged,0.0292144,0.341043,0.629743,0.115984,0,1.12656,0.025
corrected,241-R-mPFC-S1-NE_2023_01_06,31,2,Engaged,0.0177065,0.114401,0.867892,0.0843429,0,-0.182018,0
corrected,241-R-mPFC-S1-NE_2023_01_06,32,2,Engaged,0.0149106,0.0338025,0.951287,0.470602,1,1.1554,0.1
corrected,241-R-mPFC-S1-NE_2023_01_06,33,2,Engaged,0.00780777,0.0170792,0.975113,0.221699,0,-0.242644,0.05
corrected,241-R-mPFC-S1-NE_2023_01_06,34,2,Engaged,0.00582917,0.00241316,0.991758,0.967459,1,0.30032,0.25
corrected,241-R-mPFC-S1-NE_2023_01_06,35,2,Engaged,0.00357573,0.00174928,0.994675,0.968186,1,-0.312794,0.25
corrected,241-R-mPFC-S1-NE_2023_01_06,36,2,Engaged,0.00100697,0.0111932,0.9878,0.0798198,0,-0.771939,0
corrected,241-R-mPFC-S1-NE_2023_01_06,37,2,Engaged,0.000378039,0.0565108,0.943111,0.455827,0,1.25633,0.1
corrected,241-R-mPFC-S1-NE_2023_01_06,38,2,Engaged,0.000180273,0.0892493,0.91057,0.441227,0,1.79362,0.1
corrected,241-R-mPFC-S1-NE_2023_01_06,39,2,Engaged,0.000106395,0.0902664,0.909627,0.203746,0,1.30707,0.05
corrected,241-R-mPFC-S1-NE_2023_01_06,40,2,Engaged,8.33821e-05,0.0730406,0.926876,0.127763,0,0.765607,0.025
corrected,241-R-mPFC-S1-NE_2023_01_06,41,2,Engaged,8.99098e-05,0.0590557,0.940854,0.969386,1,1.19867,1
corrected,241-R-mPFC-S1-NE_2023_01_06,42,2,Engaged,9.52578e-05,0.0860826,0.913822,0.126373,0,2.88838,0.025
corrected,241-R-mPFC-S1-NE_2023_01_06,43,2,Engaged,0.000124643,0.0304818,0.969394,0.132344,1,-0.281579,0.025
corrected,241-R-mPFC-S1-NE_2023_01_06,44,2,Engaged,8.49721e-05,0.0339306,0.965984,0.465758,0,0.842816,0.1
corrected,241-R-mPFC-S1-NE_2023_01_06,45,2,Engaged,6.84243e-05,0.00518007,0.994752,0.965261,1,-0.418438,0.25
corrected,241-R-mPFC-S1-NE_2023_01_06,46,2,Engaged,4.76381e-05,0.00701626,0.992936,0.134813,0,-0.327586,0.025
corrected,241-R-mPFC-S1-NE_2023_01_06,47,2,Engaged,4.5452e-05,0.00416226,0.995792,0.135117,0,-0.650794,0.025
corrected,241-R-mPFC-S1-NE_2023_01_06,48,2,Engaged,6.88584e-05,0.00324979,0.996681,0.135228,0,0.558793,0.025
corrected,241-R-mPFC-S1-NE_2023_01_06,49,2,Engaged,0.000173462,0.00370833,0.996118,0.966593,1,1.94066,0.25
corrected,241-R-mPFC-S1-NE_2023_01_06,50,2,Engaged,0.000219645,0.00474474,0.995036,0.47876,0,-0.704884,0.1
corrected,241-R-mPFC-S1-NE_2023_01_06,51,2,Engaged,0.000377676,0.00212248,0.9975,0.479975,1,-0.184512,0.1
corrected,241-R-mPFC-S1-NE_2023_01_06,52,2,Engaged,0.000471739,0.01406,0.985468,0.992711,1,0.281201,1
corrected,241-R-mPFC-S1-NE_2023_01_06,53,2,Engaged,0.000553289,0.0323311,0.967116,0.214979,0,-0.050753,0.05
corrected,242-R-mPFC-S1-NE_2022_12_21,1,1,Conservative,0.00158663,0.998413,1.25007e-07,0.482435,0,-0.052199,1
corrected,242-R-mPFC-S1-NE_2022_12_21,2,2,Engaged,0.00128925,0.190836,0.807875,0.796447,1,-0.263288,0.25
corrected,242-R-mPFC-S1-NE_2022_12_21,3,2,Engaged,0.000964825,0.172676,0.826359,0.117604,0,0.496366,0.025
corrected,242-R-mPFC-S1-NE_2022_12_21,4,2,Engaged,0.000857991,0.130498,0.868644,0.423131,0,-0.0932954,0.1
corrected,242-R-mPFC-S1-NE_2022_12_21,5,2,Engaged,0.000874869,0.0142392,0.984886,0.218583,1,-0.606745,0.05
corrected,242-R-mPFC-S1-NE_2022_12_21,6,2,Engaged,0.00069968,0.00354131,0.995759,0.479449,1,-0.239401,0.1
corrected,242-R-mPFC-S1-NE_2022_12_21,7,2,Engaged,0.000345246,0.00529774,0.994357,0.0797376,0,-0.691386,0
corrected,242-R-mPFC-S1-NE_2022_12_21,8,2,Engaged,0.000210358,0.00275259,0.997037,0.997536,1,-1.12817,0.5
corrected,242-R-mPFC-S1-NE_2022_12_21,9,2,Engaged,8.78651e-05,0.0121926,0.98772,0.0792121,0,-0.573344,0
corrected,242-R-mPFC-S1-NE_2022_12_21,10,2,Engaged,5.07406e-05,0.023486,0.976463,0.078583,0,-0.166655,0
corrected,242-R-mPFC-S1-NE_2022_12_21,11,2,Engaged,4.02997e-05,0.030344,0.969616,0.467336,0,-0.343045,0.1
corrected,242-R-mPFC-S1-NE_2022_12_21,12,2,Engaged,4.29685e-05,0.0233243,0.976633,0.470454,0,-0.729758,0.1
corrected,242-R-mPFC-S1-NE_2022_12_21,13,2,Engaged,6.54111e-05,0.0032669,0.996668,0.220239,1,-0.863698,0.05
corrected,242-R-mPFC-S1-NE_2022_12_21,14,2,Engaged,5.07275e-05,0.000394629,0.999555,0.969612,1,-1.08312,0.25
corrected,242-R-mPFC-S1-NE_2022_12_21,15,2,Engaged,4.48648e-05,0.01179,0.988165,0.0792078,0,1.11993,0
corrected,242-R-mPFC-S1-NE_2022_12_21,16,2,Engaged,4.59659e-05,0.00500805,0.994946,0.997404,1,-0.941833,1
corrected,242-R-mPFC-S1-NE_2022_12_21,17,2,Engaged,4.45728e-05,0.00299677,0.996959,0.998446,1,-0.651608,1
corrected,242-R-mPFC-S1-NE_2022_12_21,18,2,Engaged,3.80558e-05,0.000625533,0.999336,0.48053,1,-1.10123,0.1
corrected,242-R-mPFC-S1-NE_2022_12_21,19,2,Engaged,2.3461e-05,0.00649911,0.993477,0.219604,0,-0.0989971,0.05
corrected,242-R-mPFC-S1-NE_2022_12_21,20,2,Engaged,2.06767e-05,0.00561571,0.994364,0.997089,1,-0.655133,1
corrected,242-R-mPFC-S1-NE_2022_12_21,21,2,Engaged,1.53163e-05,0.00788779,0.992097,0.995911,1,-0.459003,1
corrected,242-R-mPFC-S1-NE_2022_12_21,22,2,Engaged,6.34702e-06,0.0132,0.986794,0.218323,0,-0.579302,0.05
corrected,242-R-mPFC-S1-NE_2022_12_21,23,2,Engaged,3.59676e-06,0.013318,0.986678,0.134112,0,-0.780795,0.025
corrected,242-R-mPFC-S1-NE_2022_12_21,24,2,Engaged,3.09326e-06,0.00833491,0.991662,0.219244,0,-1.16352,0.05
corrected,242-R-mPFC-S1-NE_2022_12_21,25,2,Engaged,4.96304e-06,0.00080261,0.999192,0.969243,1,-1.07033,0.25
corrected,242-R-mPFC-S1-NE_2022_12_21,26,2,Engaged,4.55175e-06,0.00296069,0.997035,0.0796578,0,-0.449349,0
corrected,242-R-mPFC-S1-NE_2022_12_21,27,2,Engaged,6.4875e-06,0.0010033,0.99899,0.99905,1,-0.871662,0.5
corrected,242-R-mPFC-S1-NE_2022_12_21,28,2,Engaged,6.89794e-06,0.00581413,0.994179,0.219725,0,0.0320804,0.05
corrected,242-R-mPFC-S1-NE_2022_12_21,29,2,Engaged,9.78111e-06,0.000354592,0.999636,0.99961,1,-1.39024,0.5
corrected,242-R-mPFC-S1-NE_2022_12_21,30,2,Engaged,1.22875e-05,0.000362263,0.999625,0.969643,1,-0.0453439,0.25
corrected,242-R-mPFC-S1-NE_2022_12_21,31,2,Engaged,1.07598e-05,0.00188148,0.998108,0.999025,1,-0.70817,1
corrected,242-R-mPFC-S1-NE_2022_12_21,32,2,Engaged,7.43548e-06,0.00575887,0.994234,0.0795092,0,-0.181814,0
corrected,242-R-mPFC-S1-NE_2022_12_21,33,2,Engaged,6.6134e-06,0.00167742,0.998316,0.079728,0,-1.38644,0
corrected,242-R-mPFC-S1-NE_2022_12_21,34,2,Engaged,1.39703e-05,0.000385996,0.9996,0.969622,1,0.335842,0.25
corrected,242-R-mPFC-S1-NE_2022_12_21,35,2,Engaged,1.63193e-05,0.000244937,0.999739,0.999705,1,-0.521121,0.5
corrected,242-R-mPFC-S1-NE_2022_12_21,36,2,Engaged,1.62303e-05,0.000284653,0.999699,0.999671,1,-0.409116,0.5
corrected,242-R-mPFC-S1-NE_2022_12_21,37,2,Engaged,1.29253e-05,0.000290409,0.999697,0.969709,1,-0.591753,0.25
corrected,242-R-mPFC-S1-NE_2022_12_21,38,2,Engaged,7.56866e-06,0.00379769,0.996195,0.0796146,0,-0.417184,0
corrected,242-R-mPFC-S1-NE_2022_12_21,39,2,Engaged,7.6984e-06,0.00542744,0.994565,0.478389,0,-0.187556,0.1
corrected,242-R-mPFC-S1-NE_2022_12_21,40,2,Engaged,1.26599e-05,0.00133849,0.998649,0.480206,1,-0.0679246,0.1
corrected,242-R-mPFC-S1-NE_2022_12_21,41,2,Engaged,1.08098e-05,0.00730498,0.992684,0.477556,0,0.54871,0.1
corrected,242-R-mPFC-S1-NE_2022_12_21,42,2,Engaged,1.2975e-05,0.00247572,0.997511,0.998717,1,-0.129491,1
corrected,242-R-mPFC-S1-NE_2022_12_21,43,2,Engaged,1.29175e-05,0.000622434,0.999365,0.969407,1,0.37048,0.25
corrected,242-R-mPFC-S1-NE_2022_12_21,44,2,Engaged,8.01713e-06,0.00093639,0.999056,0.220651,0,-0.515416,0.05
corrected,242-R-mPFC-S1-NE_2022_12_21,45,2,Engaged,1.24872e-05,0.00156899,0.998419,0.998562,1,1.36669,0.5
corrected,242-R-mPFC-S1-NE_2022_12_21,46,2,Engaged,1.06379e-05,0.00203343,0.997956,0.998161,1,-0.0636443,0.5
corrected,242-R-mPFC-S1-NE_2022_12_21,47,2,Engaged,6.48728e-06,0.015182,0.984812,0.474057,0,0.415293,0.1
corrected,242-R-mPFC-S1-NE_2022_12_21,48,2,Engaged,5.24862e-06,0.0131143,0.98688,0.134135,0,-0.260848,0.025
corrected,242-R-mPFC-S1-NE_2022_12_21,49,2,Engaged,8.04024e-06,0.00904002,0.990952,0.995314,1,-0.0838917,1
corrected,242-R-mPFC-S1-NE_2022_12_21,50,2,Engaged,8.23994e-06,0.0111746,0.988817,0.134344,0,0.39399,0.025
corrected,242-R-mPFC-S1-NE_2022_12_21,51,2,Engaged,1.18404e-05,0.000788878,0.999199,0.969256,1,-0.890631,0.25
corrected,242-R-mPFC-S1-NE_2022_12_21,52,2,Engaged,1.19094e-05,0.000581317,0.999407,0.999415,1,-0.85273,0.5
corrected,242-R-mPFC-S1-NE_2022_12_21,53,2,Engaged,1.08386e-05,0.00514199,0.994847,0.134992,0,-0.072811,0.025
corrected,242-R-mPFC-S1-NE_2022_12_21,54,2,Engaged,1.57241e-05,0.00479896,0.995185,0.47867,0,-0.435949,0.1
corrected,242-R-mPFC-S1-NE_2022_12_21,55,2,Engaged,3.48622e-05,0.000788689,0.999176,0.999235,1,0.120204,0.5
corrected,242-R-mPFC-S1-NE_2022_12_21,56,2,Engaged,6.34006e-05,0.00724831,0.992688,0.134797,0,2.24091,0.025
corrected,242-R-mPFC-S1-NE_2022_12_21,57,2,Engaged,0.000126025,0.000715961,0.999158,0.969315,1,0.686023,0.25
corrected,242-R-mPFC-S1-NE_2022_12_21,58,2,Engaged,0.000179385,0.00071046,0.99911,0.9993,1,0.611407,0.5
corrected,242-R-mPFC-S1-NE_2022_12_21,59,2,Engaged,0.000214694,0.000436245,0.999349,0.480671,1,-0.413957,0.1
corrected,242-R-mPFC-S1-NE_2022_12_21,60,2,Engaged,0.000223378,0.00287927,0.996897,0.220396,1,-0.562851,0.05
corrected,242-R-mPFC-S1-NE_2022_12_21,61,2,Engaged,0.000154059,0.473501,0.526345,0.754543,1,3.75236,1
corrected,242-R-mPFC-S1-NE_2022_12_21,62,1,Conservative,0.00010548,0.505529,0.494365,0.737941,1,-0.211166,1
corrected,242-R-mPFC-S1-NE_2022_12_21,63,1,Conservative,2.7505e-05,0.628059,0.371914,0.201943,0,0.178669,0.1
corrected,242-R-mPFC-S1-NE_2022_12_21,64,1,Conservative,9.76623e-06,0.650509,0.349481,0.0658769,0,-0.904758,0.025
corrected,242-R-mPFC-S1-NE_2022_12_21,65,1,Conservative,4.28103e-06,0.680903,0.319093,0.0626188,0,-0.761474,0.025
corrected,242-R-mPFC-S1-NE_2022_12_21,66,1,Conservative,2.99489e-06,0.704044,0.295953,0.0601398,0,-1.08433,0.025
corrected,242-R-mPFC-S1-NE_2022_12_21,67,1,Conservative,3.8368e-06,0.724744,0.275252,0.311234,0,-1.344,0.25
corrected,242-R-mPFC-S1-NE_2022_12_21,68,1,Conservative,2.97963e-06,0.666431,0.333566,0.0641678,0,0.543857,0.025
corrected,242-R-mPFC-S1-NE_2022_12_21,69,1,Conservative,3.36189e-06,0.526154,0.473842,0.120949,0,-0.449355,0.05
corrected,242-R-mPFC-S1-NE_2022_12_21,70,1,Conservative,4.40107e-06,0.500153,0.499843,0.125885,0,1.51,0.05
corrected,242-R-mPFC-S1-NE_2022_12_21,71,2,Engaged,1.24171e-05,0.355915,0.644073,0.0607015,0,-0.00526206,0
corrected,242-R-mPFC-S1-NE_2022_12_21,72,2,Engaged,3.96695e-05,0.052637,0.947323,0.457438,1,-1.05609,0.1
corrected,242-R-mPFC-S1-NE_2022_12_21,73,2,Engaged,1.84859e-05,0.036086,0.963895,0.131682,0,-1.05418,0.025
corrected,242-R-mPFC-S1-NE_2022_12_21,74,2,Engaged,1.46074e-05,0.0258982,0.974087,0.132771,0,-0.488505,0.025
corrected,242-R-mPFC-S1-NE_2022_12_21,75,2,Engaged,1.8502e-05,0.00645924,0.993522,0.996652,1,-0.960854,1
corrected,242-R-mPFC-S1-NE_2022_12_21,76,2,Engaged,1.88987e-05,0.000414764,0.999566,0.969595,1,-0.469523,0.25
corrected,242-R-mPFC-S1-NE_2022_12_21,77,2,Engaged,1.80485e-05,0.000963791,0.999018,0.999084,1,0.158977,0.5
corrected,242-R-mPFC-S1-NE_2022_12_21,78,2,Engaged,1.38755e-05,0.00502265,0.994963,0.997396,1,0.0416466,1
corrected,242-R-mPFC-S1-NE_2022_12_21,79,2,Engaged,6.7434e-06,0.0131633,0.98683,0.079111,0,0.151629,0
corrected,242-R-mPFC-S1-NE_2022_12_21,80,2,Engaged,3.29954e-06,0.0109453,0.989051,0.475937,0,-0.915101,0.1
corrected,242-R-mPFC-S1-NE_2022_12_21,81,2,Engaged,3.23694e-06,0.00865676,0.99134,0.219183,0,0.192233,0.05
corrected,242-R-mPFC-S1-NE_2022_12_21,82,2,Engaged,6.41415e-06,0.00542538,0.994568,0.995231,1,0.766033,0.5
corrected,242-R-mPFC-S1-NE_2022_12_21,83,2,Engaged,5.52112e-06,0.0105018,0.989493,0.476135,0,0.390371,0.1
corrected,242-R-mPFC-S1-NE_2022_12_21,84,2,Engaged,7.11688e-06,0.00524837,0.994745,0.995384,1,-0.0137723,0.5
corrected,242-R-mPFC-S1-NE_2022_12_21,85,2,Engaged,4.12482e-06,0.00719121,0.992805,0.219462,0,-0.68009,0.05
corrected,242-R-mPFC-S1-NE_2022_12_21,86,2,Engaged,4.69084e-06,0.00680457,0.993191,0.477776,0,-0.415947,0.1
corrected,242-R-mPFC-S1-NE_2022_12_21,87,2,Engaged,8.82303e-06,0.00138895,0.998602,0.998717,1,-0.0959713,0.5
corrected,242-R-mPFC-S1-NE_2022_12_21,88,2,Engaged,1.56784e-05,0.0266987,0.973286,0.0783893,0,3.21443,0
corrected,242-R-mPFC-S1-NE_2022_12_21,89,2,Engaged,2.53049e-05,0.00250539,0.997469,0.967695,1,-0.144069,0.25
corrected,242-R-mPFC-S1-NE_2022_12_21,90,2,Engaged,2.65054e-05,0.000580127,0.999393,0.480547,1,-0.66353,0.1
corrected,242-R-mPFC-S1-NE_2022_12_21,91,2,Engaged,1.66215e-05,0.00173533,0.998248,0.0797309,0,-0.942632,0
corrected,242-R-mPFC-S1-NE_2022_12_21,92,2,Engaged,1.87546e-05,0.00276067,0.997221,0.0796771,0,0.0693966,0
corrected,242-R-mPFC-S1-NE_2022_12_21,93,2,Engaged,3.15932e-05,0.000379812,0.999589,0.969626,1,-0.0437227,0.25
corrected,242-R-mPFC-S1-NE_2022_12_21,94,2,Engaged,3.90621e-05,0.000101438,0.999859,0.969879,1,-0.623173,0.25
corrected,242-R-mPFC-S1-NE_2022_12_21,95,2,Engaged,4.55151e-05,0.000208573,0.999746,0.480718,1,-0.401784,0.1
corrected,242-R-mPFC-S1-NE_2022_12_21,96,2,Engaged,3.74041e-05,0.000244042,0.999719,0.969749,1,-1.10212,0.25
corrected,242-R-mPFC-S1-NE_2022_12_21,97,2,Engaged,2.88346e-05,0.00408645,0.995885,0.478991,0,-0.729483,0.1
corrected,242-R-mPFC-S1-NE_2022_12_21,98,2,Engaged,3.04171e-05,0.00151558,0.998454,0.999214,1,-0.983015,1
corrected,242-R-mPFC-S1-NE_2022_12_21,99,2,Engaged,3.22387e-05,0.00149735,0.99847,0.999224,1,-0.0343658,1
corrected,242-R-mPFC-S1-NE_2022_12_21,100,2,Engaged,3.15433e-05,0.00123559,0.998733,0.968848,1,0.099682,0.25
corrected,242-R-mPFC-S1-NE_2022_12_21,101,2,Engaged,3.0084e-05,0.0215848,0.978385,0.988811,1,0.82949,1
corrected,242-R-mPFC-S1-NE_2022_12_21,102,2,Engaged,2.20502e-05,0.042253,0.957725,0.978097,1,0.0244908,1
corrected,242-R-mPFC-S1-NE_2022_12_21,103,2,Engaged,8.14951e-06,0.0791126,0.920879,0.445672,0,-0.263949,0.1
corrected,242-R-mPFC-S1-NE_2022_12_21,104,2,Engaged,3.79228e-06,0.101856,0.89814,0.201492,0,0.0189698,0.05
corrected,242-R-mPFC-S1-NE_2022_12_21,105,2,Engaged,2.56334e-06,0.109851,0.890146,0.123773,0,-0.371161,0.025
corrected,242-R-mPFC-S1-NE_2022_12_21,106,2,Engaged,2.99487e-06,0.115836,0.884161,0.198838,0,-0.334433,0.05
corrected,242-R-mPFC-S1-NE_2022_12_21,107,1,Conservative,4.58173e-06,0.646298,0.353697,0.193837,0,5.23458,0.1
corrected,242-R-mPFC-S1-NE_2022_12_21,108,1,Conservative,9.91384e-06,0.63598,0.36401,0.670317,1,1.6227,1
corrected,242-R-mPFC-S1-NE_2022_12_21,109,1,Conservative,1.00399e-05,0.615961,0.384029,0.680694,1,0.364511,1
corrected,242-R-mPFC-S1-NE_2022_12_21,110,1,Conservative,4.72614e-06,0.614039,0.385956,0.208161,0,-0.0976223,0.1
corrected,242-R-mPFC-S1-NE_2022_12_21,111,1,Conservative,3.07957e-06,0.54693,0.453067,0.237957,0,-1.17147,0.1
corrected,242-R-mPFC-S1-NE_2022_12_21,112,2,Engaged,2.82913e-06,0.466488,0.533509,0.273673,0,-0.809724,0.1
corrected,242-R-mPFC-S1-NE_2022_12_21,113,2,Engaged,3.80818e-06,0.483319,0.516678,0.12908,0,2.35257,0.05
corrected,242-R-mPFC-S1-NE_2022_12_21,114,2,Engaged,1.14359e-05,0.327331,0.672658,0.0622365,0,-0.581348,0
corrected,242-R-mPFC-S1-NE_2022_12_21,115,2,Engaged,2.91339e-05,0.185087,0.814884,0.904054,1,-0.547743,1
corrected,242-R-mPFC-S1-NE_2022_12_21,116,2,Engaged,2.96658e-05,0.132022,0.867949,0.931562,1,-0.4223,1
corrected,242-R-mPFC-S1-NE_2022_12_21,117,2,Engaged,2.36467e-05,0.122813,0.877163,0.426274,0,0.0123475,0.1
corrected,242-R-mPFC-S1-NE_2022_12_21,118,2,Engaged,2.94772e-05,0.0816691,0.918301,0.205338,0,-0.372854,0.05
corrected,242-R-mPFC-S1-NE_2022_12_21,119,2,Engaged,6.19608e-05,0.00446566,0.995472,0.996059,1,-0.990185,0.5
corrected,242-R-mPFC-S1-NE_2022_12_21,120,2,Engaged,7.66925e-05,0.00101456,0.998909,0.220673,1,0.224515,0.05
corrected,242-R-mPFC-S1-NE_2022_12_21,121,2,Engaged,5.70686e-05,0.000261404,0.999682,0.969732,1,-0.13515,0.25
corrected,242-R-mPFC-S1-NE_2022_12_21,122,2,Engaged,4.6565e-05,0.0120896,0.987864,0.989475,1,1.92917,0.5
corrected,242-R-mPFC-S1-NE_2022_12_21,123,2,Engaged,2.18177e-05,0.0409659,0.959012,0.0776265,0,0.637902,0
corrected,242-R-mPFC-S1-NE_2022_12_21,124,2,Engaged,1.41926e-05,0.061763,0.938223,0.0765047,0,0.442715,0
corrected,242-R-mPFC-S1-NE_2022_12_21,125,2,Engaged,1.25167e-05,0.0606538,0.939334,0.968558,1,-0.747218,1
corrected,242-R-mPFC-S1-NE_2022_12_21,126,2,Engaged,6.9102e-06,0.0758529,0.92414,0.20643,0,-0.684417,0.05
corrected,242-R-mPFC-S1-NE_2022_12_21,127,2,Engaged,7.81692e-06,0.10208,0.897912,0.947083,1,0.0681418,1
corrected,242-R-mPFC-S1-NE_2022_12_21,128,2,Engaged,4.07614e-06,0.160035,0.839961,0.190448,0,-0.0297649,0.05
corrected,242-R-mPFC-S1-NE_2022_12_21,129,2,Engaged,3.10528e-06,0.489454,0.510543,0.0535221,0,2.43738,0
corrected,242-R-mPFC-S1-NE_2022_12_21,130,1,Conservative,5.94877e-07,0.94879,0.0512093,0.0595281,0,3.14519,0.1
corrected,242-R-mPFC-S1-NE_2022_12_21,131,1,Conservative,1.98293e-07,0.986257,0.013743,0.0428925,0,0.843671,0.1
corrected,242-R-mPFC-S1-NE_2022_12_21,132,1,Conservative,2.40697e-09,1,7.0017e-11,0.481614,0,0.247004,1
corrected,242-R-mPFC-S1-NE_2022_12_21,133,1,Conservative,1.62799e-07,0.997965,0.00203499,0.0286613,0,0.895663,0.025
corrected,242-R-mPFC-S1-NE_2022_12_21,134,1,Conservative,2.23502e-07,0.99843,0.0015698,0.0624739,0,0.820074,0.25
corrected,242-R-mPFC-S1-NE_2022_12_21,135,1,Conservative,7.15552e-07,0.976348,0.0236508,0.0273642,0,0.953821,0
corrected,242-R-mPFC-S1-NE_2022_12_21,136,1,Conservative,1.29855e-06,0.951112,0.0488867,0.0584974,0,0.715653,0.1
corrected,242-R-mPFC-S1-NE_2022_12_21,137,1,Conservative,1.56808e-06,0.954584,0.0454143,0.0333079,0,3.26057,0.025
corrected,242-R-mPFC-S1-NE_2022_12_21,138,1,Conservative,1.1223e-05,0.839824,0.160164,0.274606,1,-0.31007,0.5
corrected,242-R-mPFC-S1-NE_2022_12_21,139,1,Conservative,4.95382e-06,0.866,0.133995,0.0564376,0,0.722338,0.05
corrected,242-R-mPFC-S1-NE_2022_12_21,140,1,Conservative,4.58306e-06,0.86632,0.133676,0.0332774,0,-0.251895,0
corrected,242-R-mPFC-S1-NE_2022_12_21,141,1,Conservative,7.22767e-06,0.869645,0.130348,0.17953,0,-0.267492,0.25
corrected,242-R-mPFC-S1-NE_2022_12_21,142,2,Engaged,1.96334e-05,0.497206,0.502774,0.126452,0,-0.488045,0.05
corrected,242-R-mPFC-S1-NE_2022_12_21,143,2,Engaged,5.77854e-05,0.0483267,0.951616,0.958179,1,-0.610774,0.5
corrected,242-R-mPFC-S1-NE_2022_12_21,144,2,Engaged,4.84977e-05,0.0188826,0.981069,0.983608,1,0.174492,0.5
corrected,242-R-mPFC-S1-NE_2022_12_21,145,2,Engaged,3.40541e-05,0.0224531,0.977513,0.216581,0,0.419695,0.05
corrected,242-R-mPFC-S1-NE_2022_12_21,146,2,Engaged,3.4008e-05,0.0169563,0.98301,0.13374,0,-0.0317125,0.025
corrected,242-R-mPFC-S1-NE_2022_12_21,147,2,Engaged,4.90197e-05,0.00309783,0.996853,0.997241,1,-0.501204,0.5
corrected,242-R-mPFC-S1-NE_2022_12_21,148,2,Engaged,6.36351e-05,0.00672225,0.993214,0.0794913,0,0.660242,0
corrected,242-R-mPFC-S1-NE_2022_12_21,149,2,Engaged,0.000102624,0.00192072,0.997977,0.999004,1,-0.381957,1
corrected,242-R-mPFC-S1-NE_2022_12_21,150,2,Engaged,0.000144912,0.000420193,0.999435,0.969583,1,0.358609,0.25
corrected,242-R-mPFC-S1-NE_2022_12_21,151,2,Engaged,0.000199406,0.00597077,0.99383,0.135013,0,1.3735,0.025
corrected,242-R-mPFC-S1-NE_2022_12_21,152,2,Engaged,0.000326927,0.000839634,0.998833,0.220838,1,-0.00837242,0.05
corrected,242-R-mPFC-S1-NE_2022_12_21,153,2,Engaged,0.000350055,0.000311574,0.999338,0.999641,1,0.248622,0.5
corrected,242-R-mPFC-S1-NE_2022_12_21,154,2,Engaged,0.00038471,0.00232489,0.99729,0.967839,1,1.32929,0.25
corrected,242-R-mPFC-S1-NE_2022_12_21,155,2,Engaged,0.00040337,0.0175473,0.982049,0.133891,0,0.430568,0.025
corrected,242-R-mPFC-S1-NE_2022_12_21,156,2,Engaged,0.00048828,0.0216795,0.977832,0.988761,1,-0.238564,1
corrected,242-R-mPFC-S1-NE_2022_12_21,157,2,Engaged,0.000584973,0.046793,0.952622,0.130865,0,0.467756,0.025
corrected,242-R-mPFC-S1-NE_2022_12_22,1,0,Liberal,0.997166,9.07459e-05,0.00274282,0.99921,1,-2.0603,1
corrected,242-R-mPFC-S1-NE_2022_12_22,2,0,Liberal,0.997681,1.11272e-05,0.00230769,0.981751,1,-1.16878,0.5
corrected,242-R-mPFC-S1-NE_2022_12_22,3,0,Liberal,0.99816,1.26064e-06,0.00183902,0.803099,1,-1.12233,0.1
corrected,242-R-mPFC-S1-NE_2022_12_22,4,0,Liberal,0.998446,1.5438e-06,0.001552,0.981745,1,-1.02259,0.5
corrected,242-R-mPFC-S1-NE_2022_12_22,5,0,Liberal,0.998745,4.06506e-07,0.00125447,0.803288,1,-0.98519,0.1
corrected,242-R-mPFC-S1-NE_2022_12_22,6,0,Liberal,0.998969,8.34898e-07,0.00102968,0.80336,1,-0.130494,0.1
corrected,242-R-mPFC-S1-NE_2022_12_22,7,0,Liberal,0.99906,4.36379e-07,0.000939944,0.715908,1,-1.19648,0.025
corrected,242-R-mPFC-S1-NE_2022_12_22,8,0,Liberal,0.999017,3.37653e-07,0.000982435,0.747451,1,-1.02348,0.05
corrected,242-R-mPFC-S1-NE_2022_12_22,9,0,Liberal,0.998811,2.07493e-07,0.0011887,0.803309,1,-1.02885,0.1
corrected,242-R-mPFC-S1-NE_2022_12_22,10,0,Liberal,0.998553,2.63253e-06,0.00144468,0.681799,1,0.0448744,0
corrected,242-R-mPFC-S1-NE_2022_12_22,11,0,Liberal,0.995825,1.59318e-06,0.00417319,0.915109,1,-0.616506,0.25
corrected,242-R-mPFC-S1-NE_2022_12_22,12,0,Liberal,0.993621,5.86901e-06,0.00637354,0.981829,1,-0.0382863,0.5
corrected,242-R-mPFC-S1-NE_2022_12_22,13,0,Liberal,0.99124,3.25927e-06,0.00875705,0.91536,1,-0.357206,0.25
corrected,242-R-mPFC-S1-NE_2022_12_22,14,0,Liberal,0.988786,2.53195e-06,0.0112115,0.800071,1,-0.660404,0.1
corrected,242-R-mPFC-S1-NE_2022_12_22,15,0,Liberal,0.985131,8.07637e-06,0.0148612,0.798889,1,-0.223134,0.1
corrected,242-R-mPFC-S1-NE_2022_12_22,16,0,Liberal,0.977443,5.23461e-06,0.0225519,0.796407,1,-1.0293,0.1
corrected,242-R-mPFC-S1-NE_2022_12_22,17,0,Liberal,0.966638,8.19875e-06,0.033354,0.916711,1,-0.399294,0.25
corrected,242-R-mPFC-S1-NE_2022_12_22,18,0,Liberal,0.957736,4.41997e-05,0.0422197,0.790027,1,0.128128,0.1
corrected,242-R-mPFC-S1-NE_2022_12_22,19,0,Liberal,0.939374,0.000385534,0.0602408,0.646102,0,-0.557916,0
corrected,242-R-mPFC-S1-NE_2022_12_22,20,0,Liberal,0.933764,0.00032006,0.0659163,0.999138,1,-0.131184,1
corrected,242-R-mPFC-S1-NE_2022_12_22,21,0,Liberal,0.926677,4.13802e-05,0.0732816,0.983017,1,-0.981916,0.5
corrected,242-R-mPFC-S1-NE_2022_12_22,22,0,Liberal,0.920594,1.29209e-05,0.0793933,0.919243,1,-0.497373,0.25
corrected,242-R-mPFC-S1-NE_2022_12_22,23,0,Liberal,0.915408,7.07128e-05,0.0845216,0.631671,1,-0.102543,0
corrected,242-R-mPFC-S1-NE_2022_12_22,24,0,Liberal,0.869008,7.52266e-05,0.130917,0.922029,1,-0.229969,0.25
corrected,242-R-mPFC-S1-NE_2022_12_22,25,0,Liberal,0.82471,0.000595029,0.174695,0.999077,1,-0.219781,1
corrected,242-R-mPFC-S1-NE_2022_12_22,26,0,Liberal,0.773468,0.000295,0.226237,0.99927,1,-0.748315,1
corrected,242-R-mPFC-S1-NE_2022_12_22,27,0,Liberal,0.737356,0.000347116,0.262297,0.609452,1,0.55474,0.05
corrected,242-R-mPFC-S1-NE_2022_12_22,28,0,Liberal,0.571136,0.000451619,0.428412,0.989133,1,-0.511671,0.5
corrected,242-R-mPFC-S1-NE_2022_12_22,29,2,Engaged,0.389556,0.000265414,0.610179,0.606465,1,-0.884983,0.1
corrected,242-R-mPFC-S1-NE_2022_12_22,30,2,Engaged,0.150174,0.00560995,0.844216,0.298924,0,0.0385465,0.05
corrected,242-R-mPFC-S1-NE_2022_12_22,31,2,Engaged,0.0777616,0.00303184,0.919207,0.180385,0,0.288083,0.025
corrected,242-R-mPFC-S1-NE_2022_12_22,32,2,Engaged,0.0643923,0.00615984,0.929448,0.960827,1,2.96929,0.25
corrected,242-R-mPFC-S1-NE_2022_12_22,33,2,Engaged,0.0414944,0.0196351,0.938871,0.103774,0,1.20144,0
corrected,242-R-mPFC-S1-NE_2022_12_22,34,2,Engaged,0.0340257,0.0325164,0.933458,0.15182,0,1.58274,0.025
corrected,242-R-mPFC-S1-NE_2022_12_22,35,2,Engaged,0.0305853,0.0232653,0.946149,0.0970028,0,0.105849,0
corrected,242-R-mPFC-S1-NE_2022_12_22,36,2,Engaged,0.0291802,0.000786009,0.970034,0.998707,1,-0.628411,0.5
corrected,242-R-mPFC-S1-NE_2022_12_22,37,2,Engaged,0.0283786,0.000417299,0.971204,0.489774,1,1.34698,0.1
corrected,242-R-mPFC-S1-NE_2022_12_22,38,2,Engaged,0.0265456,0.000521872,0.972933,0.489136,1,0.485498,0.1
corrected,242-R-mPFC-S1-NE_2022_12_22,39,2,Engaged,0.0228641,0.00275833,0.974378,0.0934497,0,-0.0446317,0
corrected,242-R-mPFC-S1-NE_2022_12_22,40,2,Engaged,0.0219079,0.00572259,0.972369,0.14765,0,0.981059,0.025
corrected,242-R-mPFC-S1-NE_2022_12_22,41,2,Engaged,0.0216134,0.00236888,0.976018,0.231769,1,0.405833,0.05
corrected,242-R-mPFC-S1-NE_2022_12_22,42,2,Engaged,0.0202134,0.00403649,0.97575,0.146846,0,0.164056,0.025
corrected,242-R-mPFC-S1-NE_2022_12_22,43,2,Engaged,0.019801,0.00212763,0.978071,0.091637,0,0.102923,0
corrected,242-R-mPFC-S1-NE_2022_12_22,44,2,Engaged,0.0199013,0.000396858,0.979702,0.487046,1,1.14656,0.1
corrected,242-R-mPFC-S1-NE_2022_12_22,45,2,Engaged,0.0197646,0.000126787,0.980109,0.968769,1,0.693359,0.25
corrected,242-R-mPFC-S1-NE_2022_12_22,46,2,Engaged,0.0196371,0.000142076,0.980221,0.968762,1,0.696825,0.25
corrected,242-R-mPFC-S1-NE_2022_12_22,47,2,Engaged,0.0195799,0.00231852,0.978102,0.966787,1,1.43918,0.25
corrected,242-R-mPFC-S1-NE_2022_12_22,48,2,Engaged,0.0195175,0.0611865,0.919296,0.219499,0,2.18442,0.05
corrected,242-R-mPFC-S1-NE_2022_12_22,49,2,Engaged,0.0199185,0.0969477,0.883134,0.949729,1,2.04093,1
corrected,242-R-mPFC-S1-NE_2022_12_23,1,2,Engaged,0.00857724,0.0061754,0.985247,0.996792,1,-0.395296,1
corrected,242-R-mPFC-S1-NE_2022_12_23,2,2,Engaged,0.00630162,0.00468879,0.98901,0.480749,1,-0.0661885,0.1
corrected,242-R-mPFC-S1-NE_2022_12_23,3,2,Engaged,0.00226147,0.0342525,0.963486,0.133182,0,0.37239,0.025
corrected,242-R-mPFC-S1-NE_2022_12_23,4,2,Engaged,0.00070764,0.0420388,0.957254,0.213218,0,-0.631726,0.05
corrected,242-R-mPFC-S1-NE_2022_12_23,5,2,Engaged,0.000275577,0.0533854,0.946339,0.0771123,0,-0.0292902,0
corrected,242-R-mPFC-S1-NE_2022_12_23,6,2,Engaged,9.08137e-05,0.0491899,0.950719,0.130321,0,-1.03292,0.025
corrected,242-R-mPFC-S1-NE_2022_12_23,7,2,Engaged,3.03607e-05,0.0429957,0.956974,0.130949,0,-1.07377,0.025
corrected,242-R-mPFC-S1-NE_2022_12_23,8,2,Engaged,1.22851e-05,0.0384135,0.961574,0.21354,0,-0.801651,0.05
corrected,242-R-mPFC-S1-NE_2022_12_23,9,2,Engaged,7.34017e-06,0.0308174,0.969175,0.467115,0,-0.725376,0.1
corrected,242-R-mPFC-S1-NE_2022_12_23,10,2,Engaged,7.09039e-06,0.0112388,0.988754,0.0792146,0,-0.727446,0
corrected,242-R-mPFC-S1-NE_2022_12_23,11,2,Engaged,1.5363e-05,0.00957464,0.99041,0.995037,1,1.36893,1
corrected,242-R-mPFC-S1-NE_2022_12_23,12,2,Engaged,1.69263e-05,0.00285615,0.997127,0.99745,1,0.124479,0.5
corrected,242-R-mPFC-S1-NE_2022_12_23,13,2,Engaged,1.54444e-05,0.00516596,0.994819,0.0795459,0,0.380441,0
corrected,242-R-mPFC-S1-NE_2022_12_23,14,2,Engaged,2.21491e-05,0.0044446,0.995533,0.996078,1,0.410364,0.5
corrected,242-R-mPFC-S1-NE_2022_12_23,15,2,Engaged,2.71941e-05,0.0244139,0.975559,0.216205,0,1.07451,0.05
corrected,242-R-mPFC-S1-NE_2022_12_23,16,2,Engaged,4.57729e-05,0.0268885,0.973066,0.468872,1,0.192369,0.1
corrected,242-R-mPFC-S1-NE_2022_12_23,17,2,Engaged,4.52498e-05,0.117576,0.882379,0.898372,1,0.149522,0.5
corrected,242-R-mPFC-S1-NE_2022_12_23,18,1,Conservative,7.56711e-06,0.759122,0.240871,0.143744,0,0.0128859,0.1
corrected,242-R-mPFC-S1-NE_2022_12_23,19,1,Conservative,1.74312e-07,1,7.96337e-09,0.481614,0,-0.586958,1
corrected,242-R-mPFC-S1-NE_2022_12_23,20,1,Conservative,4.47277e-08,0.999949,5.04913e-05,0.0610928,0,3.85788,0.25
corrected,242-R-mPFC-S1-NE_2022_12_23,21,1,Conservative,1.02947e-06,0.972972,0.0270272,0.0313384,0,0.269929,0.025
corrected,242-R-mPFC-S1-NE_2022_12_23,22,1,Conservative,3.64757e-06,0.915103,0.0848931,0.0375372,0,-0.742008,0.025
corrected,242-R-mPFC-S1-NE_2022_12_23,23,1,Conservative,1.10513e-05,0.840737,0.159252,0.273818,1,-1.19871,0.5
corrected,242-R-mPFC-S1-NE_2022_12_23,24,1,Conservative,4.99347e-06,0.868729,0.131266,0.0950769,0,-0.776654,0.1
corrected,242-R-mPFC-S1-NE_2022_12_23,25,1,Conservative,4.24139e-06,0.886026,0.11397,0.164641,0,-0.64348,0.25
corrected,242-R-mPFC-S1-NE_2022_12_23,26,1,Conservative,3.42879e-06,0.838346,0.161651,0.108567,0,0.985022,0.1
corrected,242-R-mPFC-S1-NE_2022_12_23,27,1,Conservative,6.03143e-06,0.731005,0.268988,0.0572542,0,0.772061,0.025
corrected,242-R-mPFC-S1-NE_2022_12_23,28,2,Engaged,1.80656e-05,0.441082,0.5589,0.137105,0,-0.416217,0.05
corrected,242-R-mPFC-S1-NE_2022_12_23,29,2,Engaged,4.55812e-05,0.267766,0.732188,0.861194,1,0.419451,1
corrected,242-R-mPFC-S1-NE_2022_12_23,30,2,Engaged,4.9945e-05,0.154259,0.845691,0.920034,1,-0.0521926,1
corrected,242-R-mPFC-S1-NE_2022_12_23,31,2,Engaged,3.9109e-05,0.0867555,0.913205,0.0751771,0,-0.452883,0
corrected,242-R-mPFC-S1-NE_2022_12_23,32,2,Engaged,4.7199e-05,0.0185654,0.981387,0.983882,1,-0.497875,0.5
corrected,242-R-mPFC-S1-NE_2022_12_23,33,2,Engaged,4.1672e-05,0.0101606,0.989798,0.994733,1,-0.705669,1
corrected,242-R-mPFC-S1-NE_2022_12_23,34,2,Engaged,3.29731e-05,0.00802818,0.991939,0.477242,0,-0.565622,0.1
corrected,242-R-mPFC-S1-NE_2022_12_23,35,2,Engaged,3.79838e-05,0.000827336,0.999135,0.969219,1,-0.212418,0.25
corrected,242-R-mPFC-S1-NE_2022_12_23,36,2,Engaged,3.91895e-05,0.00113887,0.998822,0.99941,1,-0.278952,1
corrected,242-R-mPFC-S1-NE_2022_12_23,37,2,Engaged,3.70401e-05,0.000379095,0.999584,0.999589,1,-0.39498,0.5
corrected,242-R-mPFC-S1-NE_2022_12_23,38,2,Engaged,3.29811e-05,0.00078386,0.999183,0.999239,1,-0.174829,0.5
corrected,242-R-mPFC-S1-NE_2022_12_23,39,2,Engaged,2.82224e-05,0.00767836,0.992293,0.219382,0,0.457686,0.05
corrected,242-R-mPFC-S1-NE_2022_12_23,40,2,Engaged,3.30317e-05,0.00531867,0.994648,0.0795483,0,-0.431402,0
corrected,242-R-mPFC-S1-NE_2022_12_23,41,2,Engaged,5.73882e-05,0.00126385,0.998679,0.998824,1,-0.216959,0.5
corrected,242-R-mPFC-S1-NE_2022_12_23,42,2,Engaged,7.57251e-05,0.00114425,0.99878,0.220648,1,-0.426085,0.05
corrected,242-R-mPFC-S1-NE_2022_12_23,43,2,Engaged,6.00025e-05,0.00331271,0.996627,0.0796723,0,-0.928012,0
corrected,242-R-mPFC-S1-NE_2022_12_23,44,2,Engaged,6.71028e-05,0.00552094,0.994412,0.964951,1,-0.218159,0.25
corrected,242-R-mPFC-S1-NE_2022_12_23,45,2,Engaged,6.89174e-05,0.0582999,0.941631,0.916979,0,-0.283418,0.25
corrected,242-R-mPFC-S1-NE_2022_12_23,46,2,Engaged,5.19027e-05,0.0166475,0.983301,0.985538,1,-0.174475,0.5
corrected,242-R-mPFC-S1-NE_2022_12_23,47,2,Engaged,2.3794e-05,0.00992709,0.990049,0.0792951,0,-0.761702,0
corrected,242-R-mPFC-S1-NE_2022_12_23,48,2,Engaged,1.6072e-05,0.00282188,0.997162,0.967407,1,-0.532077,0.25
corrected,242-R-mPFC-S1-NE_2022_12_23,49,2,Engaged,1.02678e-05,0.0939968,0.905993,0.0747707,0,2.66933,0
corrected,242-R-mPFC-S1-NE_2022_12_23,50,2,Engaged,6.41764e-06,0.0765634,0.92343,0.127341,0,-0.767109,0.025
corrected,242-R-mPFC-S1-NE_2022_12_23,51,2,Engaged,6.7749e-06,0.0500323,0.949961,0.130182,0,-1.13468,0.025
corrected,242-R-mPFC-S1-NE_2022_12_23,52,2,Engaged,1.32849e-05,0.0365497,0.963437,0.936751,1,-0.384689,0.25
corrected,242-R-mPFC-S1-NE_2022_12_23,53,2,Engaged,1.31157e-05,0.0781883,0.921799,0.12717,0,-0.665396,0.025
corrected,242-R-mPFC-S1-NE_2022_12_23,54,2,Engaged,3.00829e-05,0.406019,0.59395,0.60093,0,2.04405,0.25
corrected,242-R-mPFC-S1-NE_2022_12_23,55,2,Engaged,4.7429e-05,0.145099,0.854854,0.924783,1,-0.533764,1
corrected,242-R-mPFC-S1-NE_2022_12_23,56,2,Engaged,3.96956e-05,0.0458979,0.954062,0.960277,1,-0.37816,0.5
corrected,242-R-mPFC-S1-NE_2022_12_23,57,2,Engaged,1.77786e-05,0.0309881,0.968994,0.214952,0,-0.862665,0.05
corrected,242-R-mPFC-S1-NE_2022_12_23,58,2,Engaged,1.4456e-05,0.0234568,0.976529,0.21638,0,0.0285129,0.05
corrected,242-R-mPFC-S1-NE_2022_12_23,59,2,Engaged,1.94821e-05,0.00647669,0.993504,0.477926,1,-0.288462,0.1
corrected,242-R-mPFC-S1-NE_2022_12_23,60,2,Engaged,1.10306e-05,0.00743053,0.992558,0.134747,0,-0.990765,0.025
corrected,242-R-mPFC-S1-NE_2022_12_23,61,2,Engaged,1.74112e-05,0.0469608,0.953022,0.975656,1,2.42945,1
corrected,242-R-mPFC-S1-NE_2022_12_23,62,2,Engaged,1.45185e-05,0.0535462,0.946439,0.972242,1,0.121153,1
corrected,242-R-mPFC-S1-NE_2022_12_23,63,2,Engaged,7.28618e-06,0.0728792,0.927114,0.448439,0,0.0024968,0.1
corrected,242-R-mPFC-S1-NE_2022_12_23,64,2,Engaged,4.72311e-06,0.0680144,0.931981,0.0761631,0,-0.574855,0
corrected,242-R-mPFC-S1-NE_2022_12_23,65,2,Engaged,5.80134e-06,0.0690466,0.930948,0.450141,0,-0.0825743,0.1
corrected,242-R-mPFC-S1-NE_2022_12_23,66,2,Engaged,1.14658e-05,0.057038,0.942951,0.455474,0,-0.0230562,0.1
corrected,242-R-mPFC-S1-NE_2022_12_23,67,2,Engaged,3.08864e-05,0.010006,0.989963,0.476363,1,-0.609689,0.1
corrected,242-R-mPFC-S1-NE_2022_12_23,68,2,Engaged,3.05774e-05,0.0129058,0.987064,0.98877,1,-0.116812,0.5
corrected,242-R-mPFC-S1-NE_2022_12_23,69,2,Engaged,2.41653e-05,0.041795,0.958181,0.978334,1,-0.517745,1
corrected,242-R-mPFC-S1-NE_2022_12_23,70,2,Engaged,1.19194e-05,0.161884,0.838104,0.0711247,0,0.255319,0
corrected,242-R-mPFC-S1-NE_2022_12_23,71,1,Conservative,7.0209e-07,0.999999,1.25324e-08,0.481614,0,2.87579,1
corrected,242-R-mPFC-S1-NE_2022_12_23,72,1,Conservative,3.7364e-05,0.722243,0.277719,0.160128,0,-0.47198,0.1
corrected,242-R-mPFC-S1-NE_2022_12_23,73,2,Engaged,0.000159951,0.388682,0.611158,0.798513,1,-0.0379931,1
corrected,242-R-mPFC-S1-NE_2022_12_23,74,2,Engaged,0.000218295,0.122696,0.877085,0.936396,1,-0.851327,1
corrected,242-R-mPFC-S1-NE_2022_12_23,75,2,Engaged,0.000226693,0.0660583,0.933715,0.942862,1,0.0301676,0.5
corrected,242-R-mPFC-S1-NE_2022_12_23,76,2,Engaged,0.000210608,0.0622645,0.937525,0.0765961,0,-0.497542,0
corrected,242-R-mPFC-S1-NE_2022_12_23,77,2,Engaged,0.000233048,0.053746,0.946021,0.921109,1,-0.729137,0.25
corrected,242-R-mPFC-S1-NE_2022_12_23,78,1,Conservative,0.000241681,0.994809,0.00494899,0.14075,0,2.34478,0.5
corrected,242-R-mPFC-S1-NE_2022_12_23,79,2,Engaged,0.000557671,0.0993734,0.900069,0.914083,1,-0.707896,0.5
corrected,242-R-mPFC-S1-NE_2022_12_23,80,2,Engaged,0.000564376,0.00814658,0.991289,0.477361,1,-0.502185,0.1
corrected,242-R-mPFC-S1-NE_2022_12_23,81,2,Engaged,0.000491206,0.00115623,0.998353,0.998909,1,-0.693531,0.5
corrected,242-R-mPFC-S1-NE_2022_12_23,82,2,Engaged,0.000423498,0.00102682,0.99855,0.969017,1,-0.344892,0.25
corrected,242-R-mPFC-S1-NE_2022_12_23,83,2,Engaged,0.000342811,0.00794162,0.991716,0.47738,0,-0.802506,0.1
corrected,242-R-mPFC-S1-NE_2022_12_23,84,2,Engaged,0.000321292,0.00664004,0.993039,0.0796511,0,-1.11824,0
corrected,242-R-mPFC-S1-NE_2022_12_23,85,2,Engaged,0.000350873,0.00457271,0.995076,0.13525,0,-0.820475,0.025
corrected,242-R-mPFC-S1-NE_2022_12_23,86,2,Engaged,0.000483799,0.00105546,0.998461,0.22088,1,-0.490273,0.05
corrected,242-R-mPFC-S1-NE_2022_12_23,87,2,Engaged,0.000498261,0.000804716,0.998697,0.220935,1,-0.721023,0.05
corrected,242-R-mPFC-S1-NE_2022_12_23,88,2,Engaged,0.000441684,0.00480464,0.994754,0.965582,1,-0.343945,0.25
corrected,242-R-mPFC-S1-NE_2022_12_23,89,2,Engaged,0.000355216,0.063552,0.936093,0.91219,0,-0.638153,0.25
corrected,242-R-mPFC-S1-NE_2022_12_23,90,2,Engaged,0.000224111,0.0509269,0.948849,0.211276,0,0.641173,0.05
corrected,242-R-mPFC-S1-NE_2022_12_23,91,2,Engaged,0.000180852,0.0173149,0.982504,0.98496,1,0.0455106,0.5
corrected,242-R-mPFC-S1-NE_2022_12_23,92,2,Engaged,0.000117838,0.0114298,0.988452,0.134381,0,-0.697655,0.025
corrected,242-R-mPFC-S1-NE_2022_12_23,93,2,Engaged,0.00010168,0.00119869,0.9987,0.99888,1,-0.898879,0.5
corrected,242-R-mPFC-S1-NE_2022_12_23,94,2,Engaged,8.65711e-05,0.000838967,0.999074,0.480451,1,-0.289431,0.1
corrected,242-R-mPFC-S1-NE_2022_12_23,95,2,Engaged,5.02888e-05,0.00719453,0.992755,0.0794579,0,-0.224769,0
corrected,242-R-mPFC-S1-NE_2022_12_23,96,2,Engaged,4.39988e-05,0.0164779,0.983478,0.0789554,0,0.521671,0
corrected,242-R-mPFC-S1-NE_2022_12_23,97,2,Engaged,4.84912e-05,0.0135061,0.986445,0.474815,0,-0.616544,0.1
corrected,242-R-mPFC-S1-NE_2022_12_23,98,2,Engaged,7.41355e-05,0.000784376,0.999141,0.969256,1,-0.725024,0.25
corrected,242-R-mPFC-S1-NE_2022_12_23,99,2,Engaged,9.30918e-05,0.000134623,0.999772,0.969846,1,-0.652962,0.25
corrected,242-R-mPFC-S1-NE_2022_12_23,100,2,Engaged,0.000110626,0.000136863,0.999753,0.999797,1,-0.638032,0.5
corrected,242-R-mPFC-S1-NE_2022_12_23,101,2,Engaged,0.000131431,0.000167144,0.999701,0.969814,1,0.0174854,0.25
corrected,242-R-mPFC-S1-NE_2022_12_23,102,2,Engaged,0.000145707,0.000185196,0.999669,0.999754,1,-0.572422,0.5
corrected,242-R-mPFC-S1-NE_2022_12_23,103,2,Engaged,0.000160305,0.000221043,0.999619,0.999723,1,-0.265767,0.5
corrected,242-R-mPFC-S1-NE_2022_12_23,104,2,Engaged,0.000172549,8.43695e-05,0.999743,0.480814,1,-0.254434,0.1
corrected,242-R-mPFC-S1-NE_2022_12_23,105,2,Engaged,0.000170504,0.000127023,0.999702,0.969848,1,0.355387,0.25
corrected,242-R-mPFC-S1-NE_2022_12_23,106,2,Engaged,0.000165492,0.000232312,0.999602,0.480746,1,0.185757,0.1
corrected,242-R-mPFC-S1-NE_2022_12_23,107,2,Engaged,0.000143405,0.00278807,0.997069,0.998555,1,0.631182,1
corrected,242-R-mPFC-S1-NE_2022_12_23,108,2,Engaged,0.000120277,0.00787808,0.992002,0.995916,1,0.960772,1
corrected,242-R-mPFC-S1-NE_2022_12_23,109,2,Engaged,7.71465e-05,0.00716017,0.992763,0.219506,0,-0.536122,0.05
corrected,242-R-mPFC-S1-NE_2022_12_23,110,2,Engaged,7.11665e-05,0.00511689,0.994812,0.997347,1,-0.052078,1
corrected,242-R-mPFC-S1-NE_2022_12_23,111,2,Engaged,6.44674e-05,0.00708388,0.992852,0.993798,1,0.458671,0.5
corrected,242-R-mPFC-S1-NE_2022_12_23,112,2,Engaged,5.07133e-05,0.0250603,0.974889,0.978273,1,0.0633446,0.5
corrected,242-R-mPFC-S1-NE_2022_12_23,113,2,Engaged,1.34729e-05,0.294165,0.705821,0.164992,0,0.88946,0.05
corrected,242-R-mPFC-S1-NE_2022_12_23,114,2,Engaged,5.37434e-06,0.372069,0.627926,0.0598295,0,-0.425511,0
corrected,242-R-mPFC-S1-NE_2022_12_23,115,2,Engaged,2.56826e-06,0.468069,0.531928,0.272971,0,-0.226001,0.1
corrected,242-R-mPFC-S1-NE_2022_12_23,116,1,Conservative,2.06528e-06,0.514313,0.485685,0.0804581,0,-0.359173,0.025
corrected,242-R-mPFC-S1-NE_2022_12_23,117,1,Conservative,8.09127e-07,0.899852,0.100147,0.0812571,0,2.30301,0.1
corrected,242-R-mPFC-S1-NE_2022_12_23,118,1,Conservative,1.3053e-08,1,9.57542e-10,0.481614,0,1.44095,1
corrected,242-R-mPFC-S1-NE_2022_12_23,119,1,Conservative,1.6859e-06,0.949707,0.0502918,0.028796,0,-0.407995,0
corrected,242-R-mPFC-S1-NE_2022_12_23,120,1,Conservative,1.02713e-07,0.998284,0.00171547,0.0261854,0,4.57496,0
corrected,242-R-mPFC-S1-NE_2022_12_23,121,1,Conservative,3.47046e-08,1,5.27763e-10,0.481614,0,0.488281,1
corrected,242-R-mPFC-S1-NE_2022_12_23,122,1,Conservative,1.35092e-05,0.625254,0.374733,0.0685838,0,-0.300922,0.025
corrected,242-R-mPFC-S1-NE_2022_12_23,123,2,Engaged,4.27032e-05,0.181839,0.818118,0.905737,1,-0.513592,1
corrected,242-R-mPFC-S1-NE_2022_12_23,124,2,Engaged,3.59399e-05,0.0652943,0.93467,0.943525,1,0.144203,0.5
corrected,242-R-mPFC-S1-NE_2022_12_23,125,2,Engaged,1.55792e-05,0.0514202,0.948564,0.130039,0,-0.0716804,0.025
corrected,242-R-mPFC-S1-NE_2022_12_23,126,2,Engaged,9.49503e-06,0.0307944,0.969196,0.214984,0,-0.240422,0.05
corrected,242-R-mPFC-S1-NE_2022_12_23,127,2,Engaged,1.03694e-05,0.00181522,0.998174,0.968323,1,-0.334509,0.25
corrected,242-R-mPFC-S1-NE_2022_12_23,128,2,Engaged,8.26729e-06,0.00249745,0.997494,0.99776,1,0.553392,0.5
corrected,242-R-mPFC-S1-NE_2022_12_23,129,2,Engaged,4.56578e-06,0.0336848,0.966311,0.0780073,0,1.88816,0
corrected,242-R-mPFC-S1-NE_2022_12_23,130,2,Engaged,3.28876e-06,0.0458062,0.954191,0.130633,0,1.19592,0.025
corrected,242-R-mPFC-S1-NE_2022_12_23,131,2,Engaged,2.44803e-06,0.0296447,0.970353,0.215199,0,-0.53613,0.05
corrected,242-R-mPFC-S1-NE_2022_12_23,132,2,Engaged,4.04008e-06,0.022324,0.977672,0.470885,0,0.495484,0.1
corrected,242-R-mPFC-S1-NE_2022_12_23,133,2,Engaged,9.19634e-06,0.00432873,0.995662,0.966038,1,0.672213,0.25
corrected,242-R-mPFC-S1-NE_2022_12_23,134,2,Engaged,8.41322e-06,0.00431159,0.99568,0.966054,1,0.0550961,0.25
corrected,242-R-mPFC-S1-NE_2022_12_23,135,2,Engaged,3.68408e-06,0.0330108,0.966986,0.132003,0,-0.0405797,0.025
corrected,242-R-mPFC-S1-NE_2022_12_23,136,2,Engaged,2.12175e-06,0.052271,0.947727,0.0770073,0,-0.307343,0
corrected,242-R-mPFC-S1-NE_2022_12_23,137,2,Engaged,1.85672e-06,0.0765403,0.923458,0.0757034,0,0.0156194,0
corrected,242-R-mPFC-S1-NE_2022_12_23,138,2,Engaged,2.02239e-06,0.0920628,0.907935,0.43992,0,-0.29342,0.1
corrected,242-R-mPFC-S1-NE_2022_12_23,139,2,Engaged,2.49302e-06,0.082906,0.917091,0.0753618,0,-0.874732,0
corrected,242-R-mPFC-S1-NE_2022_12_23,140,2,Engaged,5.40274e-06,0.0935544,0.90644,0.951503,1,0.341845,1
corrected,242-R-mPFC-S1-NE_2022_12_23,141,2,Engaged,4.06968e-06,0.117622,0.882374,0.0734978,0,0.0424727,0
corrected,242-R-mPFC-S1-NE_2022_12_23,142,1,Conservative,3.96613e-06,0.622601,0.377395,0.102641,0,4.09132,0.05
corrected,242-R-mPFC-S1-NE_2022_12_23,143,1,Conservative,5.52452e-06,0.827683,0.172311,0.0469004,0,3.59807,0.025
corrected,242-R-mPFC-S1-NE_2022_12_23,144,1,Conservative,1.6309e-05,0.81379,0.186194,0.230297,0,-0.157426,0.25
corrected,242-R-mPFC-S1-NE_2022_12_23,145,2,Engaged,7.0383e-05,0.321561,0.678369,0.722201,1,0.242964,0.5
corrected,242-R-mPFC-S1-NE_2022_12_23,146,2,Engaged,5.37941e-05,0.176513,0.823434,0.0703641,0,-0.919286,0
corrected,242-R-mPFC-S1-NE_2022_12_23,147,2,Engaged,6.33955e-05,0.0805408,0.919396,0.896764,1,-0.487235,0.25
corrected,242-R-mPFC-S1-NE_2022_12_23,148,2,Engaged,5.32626e-05,0.0908589,0.909088,0.9529,1,-0.703636,1
corrected,242-R-mPFC-S1-NE_2022_12_23,149,2,Engaged,3.71353e-05,0.125962,0.874001,0.42488,0,-0.722542,0.1
corrected,242-R-mPFC-S1-NE_2022_12_23,150,2,Engaged,3.7471e-05,0.141541,0.858421,0.1204,0,-0.725561,0.025
corrected,242-R-mPFC-S1-NE_2022_12_23,151,2,Engaged,5.8475e-05,0.170058,0.829884,0.405308,1,-0.16414,0.1
corrected,242-R-mPFC-S1-NE_2022_12_23,152,1,Conservative,4.01476e-05,0.573711,0.426249,0.11194,0,-0.410428,0.05
corrected,242-R-mPFC-S1-NE_2022_12_23,153,1,Conservative,4.9421e-05,0.99995,1.6221e-07,0.48164,0,-0.188441,1
corrected,242-R-mPFC-S1-NE_2022_12_23,154,2,Engaged,0.00110017,0.312643,0.686256,0.685743,1,-0.729176,0.25
corrected,242-R-mPFC-S1-NE_2022_12_23,155,2,Engaged,0.00118893,0.329181,0.66963,0.158964,0,0.857586,0.05
corrected,242-R-mPFC-S1-NE_2022_12_28,1,2,Engaged,0.00598361,0.00901992,0.984996,0.138046,0,0.247456,0.025
corrected,242-R-mPFC-S1-NE_2022_12_28,2,2,Engaged,0.00520653,0.000677414,0.994116,0.482176,1,-0.292502,0.1
corrected,242-R-mPFC-S1-NE_2022_12_28,3,2,Engaged,0.00393706,0.000213947,0.995849,0.969562,1,-0.134041,0.25
corrected,242-R-mPFC-S1-NE_2022_12_28,4,2,Engaged,0.00256065,0.000382225,0.997057,0.969485,1,-0.595295,0.25
corrected,242-R-mPFC-S1-NE_2022_12_28,5,2,Engaged,0.00128385,0.00595309,0.992763,0.0802683,0,-0.389745,0
corrected,242-R-mPFC-S1-NE_2022_12_28,6,2,Engaged,0.000893227,0.0114878,0.987619,0.475984,0,0.0545557,0.1
corrected,242-R-mPFC-S1-NE_2022_12_28,7,2,Engaged,0.000779924,0.0138973,0.985323,0.0795377,0,0.778276,0
corrected,242-R-mPFC-S1-NE_2022_12_28,8,2,Engaged,0.000737735,0.00141581,0.997846,0.220945,1,-0.667914,0.05
corrected,242-R-mPFC-S1-NE_2022_12_28,9,2,Engaged,0.000560322,0.000898679,0.998541,0.999131,1,0.020072,0.5
corrected,242-R-mPFC-S1-NE_2022_12_28,10,2,Engaged,0.000360598,0.00216172,0.997478,0.998879,1,-0.34134,1
corrected,242-R-mPFC-S1-NE_2022_12_28,11,2,Engaged,0.000226499,0.0159482,0.983825,0.0790939,0,1.50506,0
corrected,242-R-mPFC-S1-NE_2022_12_28,12,2,Engaged,0.000155345,0.00992688,0.989918,0.219023,0,-0.36215,0.05
corrected,242-R-mPFC-S1-NE_2022_12_28,13,2,Engaged,0.000140978,0.000517532,0.999341,0.480612,1,-0.248777,0.1
corrected,242-R-mPFC-S1-NE_2022_12_28,14,2,Engaged,0.000114179,0.00111677,0.998769,0.99895,1,0.903253,0.5
corrected,242-R-mPFC-S1-NE_2022_12_28,15,2,Engaged,6.98965e-05,0.00171225,0.998218,0.135393,0,-0.309491,0.025
corrected,242-R-mPFC-S1-NE_2022_12_28,16,2,Engaged,6.3212e-05,0.000825168,0.999112,0.96922,1,0.378588,0.25
corrected,242-R-mPFC-S1-NE_2022_12_28,17,2,Engaged,4.79737e-05,0.0023373,0.997615,0.135314,0,-0.671319,0.025
corrected,242-R-mPFC-S1-NE_2022_12_28,18,2,Engaged,5.21017e-05,0.00165491,0.998293,0.999142,1,-0.372085,1
corrected,242-R-mPFC-S1-NE_2022_12_28,19,2,Engaged,5.28363e-05,0.000522286,0.999425,0.969496,1,-0.452813,0.25
corrected,242-R-mPFC-S1-NE_2022_12_28,20,2,Engaged,5.11698e-05,0.00368022,0.996269,0.135172,0,-0.45829,0.025
corrected,242-R-mPFC-S1-NE_2022_12_28,21,2,Engaged,6.52932e-05,0.00177163,0.998163,0.999082,1,-1.04485,1
corrected,242-R-mPFC-S1-NE_2022_12_28,22,2,Engaged,7.64854e-05,0.000368724,0.999555,0.999597,1,-0.995101,0.5
corrected,242-R-mPFC-S1-NE_2022_12_28,23,2,Engaged,8.7408e-05,0.000680671,0.999232,0.220742,1,-0.587315,0.05
corrected,242-R-mPFC-S1-NE_2022_12_28,24,2,Engaged,6.91343e-05,0.00582387,0.994107,0.219756,0,-0.0693826,0.05
corrected,242-R-mPFC-S1-NE_2022_12_28,25,2,Engaged,7.10065e-05,0.00481978,0.995109,0.995753,1,-0.540244,0.5
corrected,242-R-mPFC-S1-NE_2022_12_28,26,1,Conservative,2.63513e-05,0.98245,0.0175232,0.0769966,0,6.84995,0.25
corrected,242-R-mPFC-S1-NE_2022_12_28,27,1,Conservative,8.57533e-05,0.714894,0.285021,0.0414611,0,-0.274294,0
corrected,242-R-mPFC-S1-NE_2022_12_28,28,2,Engaged,0.000280244,0.384606,0.615114,0.0593217,0,-0.629952,0
corrected,242-R-mPFC-S1-NE_2022_12_28,29,2,Engaged,0.000779434,0.125375,0.873846,0.42538,1,-0.397151,0.1
corrected,242-R-mPFC-S1-NE_2022_12_28,30,2,Engaged,0.000814566,0.117229,0.881957,0.199001,1,-0.328138,0.05
corrected,242-R-mPFC-S1-NE_2022_12_28,31,2,Engaged,0.000702245,0.216339,0.782959,0.773298,0,0.183519,0.25
corrected,242-R-mPFC-S1-NE_2022_12_28,32,2,Engaged,0.000464342,0.0487312,0.950804,0.957822,1,-0.901039,0.5
corrected,242-R-mPFC-S1-NE_2022_12_28,33,2,Engaged,0.000242208,0.038835,0.960923,0.213581,0,-0.403623,0.05
corrected,242-R-mPFC-S1-NE_2022_12_28,34,2,Engaged,0.000178979,0.0273692,0.972452,0.985812,1,-0.157261,1
corrected,242-R-mPFC-S1-NE_2022_12_28,35,2,Engaged,0.000114912,0.0274729,0.972412,0.985758,1,0.100028,1
corrected,242-R-mPFC-S1-NE_2022_12_28,36,2,Engaged,4.32978e-05,0.0346824,0.965274,0.214264,0,0.0197538,0.05
corrected,242-R-mPFC-S1-NE_2022_12_28,37,2,Engaged,1.86971e-05,0.0327425,0.967239,0.132041,0,-0.357757,0.025
corrected,242-R-mPFC-S1-NE_2022_12_28,38,2,Engaged,1.12036e-05,0.026113,0.973876,0.132746,0,-0.511082,0.025
corrected,242-R-mPFC-S1-NE_2022_12_28,39,2,Engaged,1.04704e-05,0.0109904,0.988999,0.994303,1,-1.00017,1
corrected,242-R-mPFC-S1-NE_2022_12_28,40,2,Engaged,7.03303e-06,0.00835631,0.991637,0.219242,0,-0.419819,0.05
corrected,242-R-mPFC-S1-NE_2022_12_28,41,2,Engaged,8.44858e-06,0.00113868,0.998853,0.968938,1,-0.515625,0.25
corrected,242-R-mPFC-S1-NE_2022_12_28,42,2,Engaged,7.52545e-06,0.00424224,0.99575,0.135086,0,-0.0392907,0.025
corrected,242-R-mPFC-S1-NE_2022_12_28,43,2,Engaged,9.84817e-06,0.000518636,0.999472,0.969501,1,-0.987626,0.25
corrected,242-R-mPFC-S1-NE_2022_12_28,44,2,Engaged,1.06753e-05,0.00330329,0.996686,0.135189,0,-0.323484,0.025
corrected,242-R-mPFC-S1-NE_2022_12_28,45,2,Engaged,2.42583e-05,0.00940824,0.990567,0.96142,1,1.07018,0.25
corrected,242-R-mPFC-S1-NE_2022_12_28,46,2,Engaged,2.85851e-05,0.0449353,0.955036,0.929129,1,-0.335264,0.25
corrected,242-R-mPFC-S1-NE_2022_12_28,47,1,Conservative,6.60098e-08,1,1.39668e-09,0.481614,0,0.225836,1
corrected,242-R-mPFC-S1-NE_2022_12_28,48,1,Conservative,9.52161e-08,0.999128,0.000872143,0.0285367,0,-0.131939,0.025
corrected,242-R-mPFC-S1-NE_2022_12_28,49,1,Conservative,2.56876e-09,1,3.54244e-11,0.481614,0,-0.900499,1
corrected,242-R-mPFC-S1-NE_2022_12_28,50,1,Conservative,2.88048e-07,0.989329,0.0106704,0.0330239,0,-0.462771,0.05
corrected,242-R-mPFC-S1-NE_2022_12_28,51,1,Conservative,5.06255e-07,0.973598,0.0264011,0.031271,0,-1.08407,0.025
corrected,242-R-mPFC-S1-NE_2022_12_28,52,1,Conservative,4.15343e-07,0.971004,0.0289957,0.0315488,0,-0.265,0.025
corrected,242-R-mPFC-S1-NE_2022_12_28,53,1,Conservative,3.66166e-07,0.970296,0.029704,0.0499794,0,-0.345049,0.1
corrected,242-R-mPFC-S1-NE_2022_12_28,54,1,Conservative,6.25224e-07,0.952264,0.0477359,0.0400602,0,-1.39074,0.05
corrected,242-R-mPFC-S1-NE_2022_12_28,55,1,Conservative,5.83212e-07,0.954964,0.045035,0.0332666,0,-0.0634532,0.025
corrected,242-R-mPFC-S1-NE_2022_12_28,56,1,Conservative,1.01476e-06,0.950685,0.0493145,0.0287431,0,-0.836952,0
corrected,242-R-mPFC-S1-NE_2022_12_28,57,1,Conservative,7.24913e-07,0.999788,0.000211086,0.136454,0,1.61316,0.5
corrected,242-R-mPFC-S1-NE_2022_12_28,58,1,Conservative,1.21922e-05,0.505178,0.494809,0.0814423,0,-1.05251,0.025
corrected,242-R-mPFC-S1-NE_2022_12_28,59,2,Engaged,2.67289e-05,0.14235,0.857623,0.876976,1,-0.711274,0.5
corrected,242-R-mPFC-S1-NE_2022_12_28,60,2,Engaged,1.17904e-05,0.103199,0.896789,0.201241,0,-0.696494,0.05
corrected,242-R-mPFC-S1-NE_2022_12_28,61,2,Engaged,6.60047e-06,0.0288601,0.971133,0.0782677,0,-1.39655,0
corrected,242-R-mPFC-S1-NE_2022_12_28,62,2,Engaged,8.58393e-06,0.0192869,0.980705,0.952442,1,0.939904,0.25
corrected,242-R-mPFC-S1-NE_2022_12_28,63,2,Engaged,5.24615e-06,0.0422349,0.95776,0.0775484,0,0.50731,0
corrected,242-R-mPFC-S1-NE_2022_12_28,64,2,Engaged,4.52056e-06,0.0493027,0.950693,0.211468,0,-0.272165,0.05
corrected,242-R-mPFC-S1-NE_2022_12_28,65,2,Engaged,7.01258e-06,0.048856,0.951137,0.974674,1,-0.478826,1
corrected,242-R-mPFC-S1-NE_2022_12_28,66,2,Engaged,7.426e-06,0.0973807,0.902612,0.125112,0,0.9454,0.025
corrected,242-R-mPFC-S1-NE_2022_12_28,67,2,Engaged,1.23352e-05,0.116061,0.883927,0.864482,1,0.189494,0.25
corrected,242-R-mPFC-S1-NE_2022_12_28,68,2,Engaged,5.4489e-06,0.319695,0.680299,0.101302,0,-0.752643,0.025
corrected,242-R-mPFC-S1-NE_2022_12_28,69,1,Conservative,2.49716e-06,0.670144,0.329854,0.06377,0,-0.0426616,0.025
corrected,242-R-mPFC-S1-NE_2022_12_28,70,1,Conservative,2.4239e-07,1,3.96163e-08,0.481614,0,-0.0734031,1
corrected,242-R-mPFC-S1-NE_2022_12_28,71,1,Conservative,4.59763e-06,0.763985,0.23601,0.141584,0,-0.724564,0.1
corrected,242-R-mPFC-S1-NE_2022_12_28,72,2,Engaged,9.31586e-06,0.383221,0.61677,0.0592327,0,-0.738569,0
corrected,242-R-mPFC-S1-NE_2022_12_28,73,2,Engaged,1.35334e-05,0.243293,0.756693,0.174649,0,0.492246,0.05
corrected,242-R-mPFC-S1-NE_2022_12_28,74,2,Engaged,2.48637e-05,0.22892,0.771055,0.802211,1,3.10765,0.5
corrected,242-R-mPFC-S1-NE_2022_12_28,75,2,Engaged,1.96361e-05,0.169088,0.830892,0.912347,1,-0.568983,1
corrected,242-R-mPFC-S1-NE_2022_12_28,76,2,Engaged,6.7873e-06,0.145517,0.854476,0.119956,0,-0.701231,0.025
corrected,242-R-mPFC-S1-NE_2022_12_28,77,2,Engaged,4.02984e-06,0.147178,0.852818,0.07191,0,0.491574,0
corrected,242-R-mPFC-S1-NE_2022_12_28,78,2,Engaged,2.37772e-06,0.109117,0.890881,0.123852,0,-1.02279,0.025
corrected,242-R-mPFC-S1-NE_2022_12_28,79,2,Engaged,2.3792e-06,0.0927505,0.907247,0.20322,0,-0.177905,0.05
corrected,242-R-mPFC-S1-NE_2022_12_28,80,2,Engaged,3.71498e-06,0.066701,0.933295,0.0762331,0,-0.314513,0
corrected,242-R-mPFC-S1-NE_2022_12_28,81,2,Engaged,7.49884e-06,0.0375749,0.962418,0.0778,0,-0.391543,0
corrected,242-R-mPFC-S1-NE_2022_12_28,82,2,Engaged,1.84165e-05,0.00282204,0.99716,0.967407,1,-0.574059,0.25
corrected,242-R-mPFC-S1-NE_2022_12_28,83,2,Engaged,2.32578e-05,0.00363402,0.996343,0.998116,1,0.113083,1
corrected,242-R-mPFC-S1-NE_2022_12_28,84,2,Engaged,2.49913e-05,0.00533251,0.994642,0.997236,1,0.110773,1
corrected,242-R-mPFC-S1-NE_2022_12_28,85,2,Engaged,3.05583e-05,0.058659,0.94131,0.129272,0,2.99121,0.025
corrected,242-R-mPFC-S1-NE_2022_12_28,86,2,Engaged,4.11199e-05,0.0038833,0.996076,0.996562,1,-1.50271,0.5
corrected,242-R-mPFC-S1-NE_2022_12_28,87,2,Engaged,4.33461e-05,0.000665807,0.999291,0.999341,1,-0.693334,0.5
corrected,242-R-mPFC-S1-NE_2022_12_28,88,2,Engaged,4.24413e-05,0.000301592,0.999656,0.969697,1,-0.683858,0.25
corrected,242-R-mPFC-S1-NE_2022_12_28,89,2,Engaged,3.97599e-05,0.00296138,0.996999,0.998465,1,-0.580707,1
corrected,242-R-mPFC-S1-NE_2022_12_28,90,2,Engaged,3.43459e-05,0.00765013,0.992316,0.996034,1,-0.507041,1
corrected,242-R-mPFC-S1-NE_2022_12_28,91,2,Engaged,2.41858e-05,0.0147962,0.98518,0.133966,0,-0.852578,0.025
corrected,242-R-mPFC-S1-NE_2022_12_28,92,2,Engaged,3.6453e-05,0.11793,0.882034,0.938867,1,2.5089,1
corrected,242-R-mPFC-S1-NE_2022_12_28,93,2,Engaged,3.90628e-05,0.223117,0.776844,0.767174,1,1.72305,0.25
corrected,242-R-mPFC-S1-NE_2022_12_28,94,2,Engaged,1.22781e-05,0.482985,0.517002,0.129148,0,-0.736273,0.05
corrected,242-R-mPFC-S1-NE_2022_12_28,95,1,Conservative,3.12076e-06,0.826237,0.17376,0.113943,0,-0.249328,0.1
corrected,242-R-mPFC-S1-NE_2022_12_28,96,1,Conservative,8.81988e-07,0.987201,0.0127985,0.0726805,0,-0.579889,0.25
corrected,242-R-mPFC-S1-NE_2022_12_28,97,1,Conservative,4.03385e-07,0.995229,0.00477041,0.0653831,0,-0.0362958,0.25
corrected,242-R-mPFC-S1-NE_2022_12_28,98,1,Conservative,5.9462e-07,0.973796,0.0262036,0.0359728,0,-0.186819,0.05
corrected,242-R-mPFC-S1-NE_2022_12_28,99,1,Conservative,8.26955e-07,0.947381,0.0526181,0.0601538,0,-0.415971,0.1
corrected,242-R-mPFC-S1-NE_2022_12_28,100,1,Conservative,1.09379e-06,0.930451,0.0695477,0.0358921,0,0.595003,0.025
corrected,242-R-mPFC-S1-NE_2022_12_28,101,1,Conservative,2.20835e-06,0.906242,0.0937558,0.0784202,0,0.249791,0.1
corrected,242-R-mPFC-S1-NE_2022_12_28,102,1,Conservative,5.12235e-06,0.893494,0.106501,0.228255,1,1.39931,0.5
corrected,242-R-mPFC-S1-NE_2022_12_28,103,1,Conservative,2.03384e-06,0.909601,0.090397,0.0309508,0,0.158843,0
corrected,242-R-mPFC-S1-NE_2022_12_28,104,1,Conservative,7.81085e-07,0.938827,0.0611719,0.0426108,0,0.596092,0.05
corrected,242-R-mPFC-S1-NE_2022_12_28,105,1,Conservative,7.45272e-07,0.946602,0.0533974,0.0289623,0,-0.399288,0
corrected,242-R-mPFC-S1-NE_2022_12_28,106,1,Conservative,4.81715e-07,0.983188,0.016812,0.030244,0,0.796411,0.025
corrected,242-R-mPFC-S1-NE_2022_12_28,107,1,Conservative,7.96668e-07,0.999541,0.000457895,0.136668,0,-0.219888,0.5
corrected,242-R-mPFC-S1-NE_2022_12_28,108,1,Conservative,1.92185e-06,0.973202,0.0267956,0.0313142,0,3.33797,0.025
corrected,242-R-mPFC-S1-NE_2022_12_28,109,1,Conservative,1.49727e-05,0.602794,0.397191,0.106406,0,0.186433,0.05
corrected,242-R-mPFC-S1-NE_2022_12_28,110,2,Engaged,5.14451e-05,0.092884,0.907065,0.885546,1,-0.0288657,0.25
corrected,242-R-mPFC-S1-NE_2022_12_28,111,2,Engaged,3.18775e-05,0.0500873,0.949881,0.0771426,0,-0.581035,0
corrected,242-R-mPFC-S1-NE_2022_12_28,112,2,Engaged,2.99715e-05,0.006011,0.993959,0.994725,1,-0.638188,0.5
corrected,242-R-mPFC-S1-NE_2022_12_28,113,2,Engaged,2.1734e-05,0.00152041,0.998458,0.96859,1,-0.478355,0.25
corrected,242-R-mPFC-S1-NE_2022_12_28,114,2,Engaged,1.18521e-05,0.00814114,0.991847,0.0793839,0,-0.135913,0
corrected,242-R-mPFC-S1-NE_2022_12_28,115,2,Engaged,9.39123e-06,0.00996959,0.990021,0.0792842,0,-0.46358,0
corrected,242-R-mPFC-S1-NE_2022_12_28,116,2,Engaged,1.18339e-05,0.00752412,0.992464,0.9961,1,-0.769854,1
corrected,242-R-mPFC-S1-NE_2022_12_28,117,2,Engaged,1.23066e-05,0.0117786,0.988209,0.959267,1,-0.151111,0.25
corrected,242-R-mPFC-S1-NE_2022_12_28,118,2,Engaged,6.36484e-06,0.0906325,0.909361,0.125834,0,-0.465245,0.025
corrected,242-R-mPFC-S1-NE_2022_12_28,119,2,Engaged,5.71262e-06,0.159087,0.840908,0.0712713,0,-0.608967,0
corrected,242-R-mPFC-S1-NE_2022_12_28,120,2,Engaged,8.72608e-06,0.223485,0.776506,0.766841,0,-0.756237,0.25
corrected,242-R-mPFC-S1-NE_2022_12_28,121,2,Engaged,5.4193e-06,0.158492,0.841503,0.118566,0,-0.113593,0.025
corrected,242-R-mPFC-S1-NE_2022_12_28,122,2,Engaged,5.83285e-06,0.0919389,0.908055,0.125694,0,-0.0557029,0.025
corrected,242-R-mPFC-S1-NE_2022_12_28,123,2,Engaged,1.05616e-05,0.0108319,0.989158,0.960127,1,-0.214536,0.25
corrected,242-R-mPFC-S1-NE_2022_12_28,124,2,Engaged,6.32691e-06,0.00817335,0.99182,0.0793788,0,-0.196218,0
corrected,242-R-mPFC-S1-NE_2022_12_28,125,2,Engaged,6.2516e-06,0.00233037,0.997663,0.967855,1,-0.261737,0.25
corrected,242-R-mPFC-S1-NE_2022_12_28,126,2,Engaged,2.22779e-06,0.00590059,0.994097,0.219706,0,-0.739609,0.05
corrected,242-R-mPFC-S1-NE_2022_12_28,127,2,Engaged,1.97618e-06,0.0167438,0.983254,0.0789158,0,0.897669,0
corrected,242-R-mPFC-S1-NE_2022_12_28,128,2,Engaged,2.96957e-06,0.0299384,0.970059,0.215143,0,1.41238,0.05
corrected,242-R-mPFC-S1-NE_2022_12_28,129,2,Engaged,6.31561e-06,0.035053,0.964941,0.981829,1,1.31317,1
corrected,242-R-mPFC-S1-NE_2022_12_28,130,2,Engaged,6.25088e-06,0.0548251,0.945169,0.456455,0,1.59055,0.1
corrected,242-R-mPFC-S1-NE_2022_12_28,131,2,Engaged,8.44394e-06,0.0406097,0.959382,0.131192,0,0.389371,0.025
corrected,242-R-mPFC-S1-NE_2022_12_28,132,2,Engaged,1.79061e-05,0.0115346,0.988448,0.134311,0,-0.121938,0.025
corrected,242-R-mPFC-S1-NE_2022_12_28,133,2,Engaged,5.29471e-05,0.00246264,0.997484,0.967732,1,1.51372,0.25
corrected,242-R-mPFC-S1-NE_2022_12_28,134,2,Engaged,6.93448e-05,0.000472339,0.999458,0.999508,1,0.0204925,0.5
corrected,242-R-mPFC-S1-NE_2022_12_28,135,2,Engaged,8.32627e-05,0.000210162,0.999707,0.480729,1,0.162646,0.1
corrected,242-R-mPFC-S1-NE_2022_12_28,136,2,Engaged,7.95255e-05,0.000104061,0.999816,0.969874,1,-0.28514,0.25
corrected,242-R-mPFC-S1-NE_2022_12_28,137,2,Engaged,7.46477e-05,0.000203443,0.999722,0.969784,1,-0.179846,0.25
corrected,242-R-mPFC-S1-NE_2022_12_28,138,2,Engaged,7.16157e-05,0.00422228,0.995706,0.996269,1,0.52465,0.5
corrected,242-R-mPFC-S1-NE_2022_12_28,139,2,Engaged,6.12577e-05,0.0236874,0.976251,0.987721,1,0.0244614,1
corrected,242-R-mPFC-S1-NE_2022_12_28,140,2,Engaged,4.60937e-05,0.0775185,0.922435,0.959815,1,0.344088,1
corrected,242-R-mPFC-S1-NE_2022_12_28,141,2,Engaged,1.98917e-05,0.129234,0.870746,0.0728835,0,-0.712423,0
corrected,242-R-mPFC-S1-NE_2022_12_28,142,2,Engaged,1.22554e-05,0.210565,0.789422,0.387308,0,-0.20266,0.1
corrected,242-R-mPFC-S1-NE_2022_12_28,143,1,Conservative,1.29728e-05,0.58165,0.418337,0.110419,0,2.50925,0.05
corrected,242-R-mPFC-S1-NE_2022_12_28,144,1,Conservative,2.319e-05,0.597208,0.402769,0.427154,0,-0.500092,0.25
corrected,242-R-mPFC-S1-NE_2022_12_28,145,2,Engaged,5.1856e-05,0.342767,0.657182,0.703887,1,-0.0289854,0.5
corrected,242-R-mPFC-S1-NE_2022_12_28,146,2,Engaged,4.40715e-05,0.330967,0.668989,0.0620608,0,0.308127,0
corrected,242-R-mPFC-S1-NE_2022_12_28,147,2,Engaged,5.35999e-05,0.329395,0.670551,0.062151,0,0.714981,0
corrected,242-R-mPFC-S1-NE_2022_12_28,148,2,Engaged,9.52505e-05,0.296417,0.703488,0.349216,1,-0.220731,0.1
corrected,242-R-mPFC-S1-NE_2022_12_28,149,1,Conservative,8.85291e-05,0.554495,0.445416,0.115614,0,0.901836,0.05
corrected,242-R-mPFC-S1-NE_2022_12_28,150,1,Conservative,0.000117391,0.654932,0.34495,0.0654658,0,-0.0405643,0.025
corrected,242-R-mPFC-S1-NE_2022_12_28,151,1,Conservative,0.000214257,0.72416,0.275626,0.0410408,0,-0.466007,0
corrected,242-R-mPFC-S1-NE_2022_12_28,152,1,Conservative,0.000584862,0.99542,0.0039947,0.140216,0,1.19775,0.5
corrected,242-R-mPFC-S1-NE_2022_12_28,153,2,Engaged,0.00395926,0.428557,0.567484,0.777839,1,0.0512049,1
corrected,242-R-mPFC-S1-NE_2022_12_28,154,2,Engaged,0.00556871,0.179925,0.814507,0.806128,1,0.0800068,0.25
corrected,242-R-mPFC-S1-NE_2022_12_29,1,2,Engaged,0.0252677,0.00732356,0.967409,0.996185,1,0.102114,1
corrected,242-R-mPFC-S1-NE_2022_12_29,2,2,Engaged,0.0229443,0.00575023,0.971306,0.0933373,0,-0.220339,0
corrected,242-R-mPFC-S1-NE_2022_12_29,3,2,Engaged,0.0223094,0.00422855,0.973462,0.148043,0,0.41316,0.025
corrected,242-R-mPFC-S1-NE_2022_12_29,4,2,Engaged,0.0222798,0.00155228,0.976168,0.487301,1,0.968349,0.1
corrected,242-R-mPFC-S1-NE_2022_12_29,5,2,Engaged,0.0219859,0.00484883,0.973165,0.147789,0,0.664365,0.025
corrected,242-R-mPFC-S1-NE_2022_12_29,6,2,Engaged,0.0220441,0.00116511,0.976791,0.232224,1,-0.163072,0.05
corrected,242-R-mPFC-S1-NE_2022_12_29,7,2,Engaged,0.0214681,0.000216921,0.978315,0.487632,1,-0.748408,0.1
corrected,242-R-mPFC-S1-NE_2022_12_29,8,2,Engaged,0.0206342,0.0018733,0.977492,0.092153,0,-0.01241,0
corrected,242-R-mPFC-S1-NE_2022_12_29,9,2,Engaged,0.020419,0.000200835,0.97938,0.4873,1,-0.142439,0.1
corrected,242-R-mPFC-S1-NE_2022_12_29,10,2,Engaged,0.0200018,0.000239183,0.979759,0.487148,1,0.225685,0.1
corrected,242-R-mPFC-S1-NE_2022_12_29,11,2,Engaged,0.0190442,0.000249634,0.980706,0.230817,1,-0.496826,0.05
corrected,242-R-mPFC-S1-NE_2022_12_29,12,2,Engaged,0.0156599,0.000213121,0.984127,0.485758,1,-0.535257,0.1
corrected,242-R-mPFC-S1-NE_2022_12_29,13,2,Engaged,0.00953116,0.000835854,0.989633,0.0855151,0,-0.788792,0
corrected,242-R-mPFC-S1-NE_2022_12_29,14,2,Engaged,0.0079456,0.000262336,0.991792,0.999546,1,0.243636,0.5
corrected,242-R-mPFC-S1-NE_2022_12_29,15,2,Engaged,0.00658197,0.000617221,0.992801,0.999264,1,0.814387,0.5
corrected,242-R-mPFC-S1-NE_2022_12_29,16,2,Engaged,0.0049176,0.00108107,0.994001,0.0827206,0,0.113759,0
corrected,242-R-mPFC-S1-NE_2022_12_29,17,2,Engaged,0.00458843,0.00346523,0.991946,0.996841,1,2.26338,0.5
corrected,242-R-mPFC-S1-NE_2022_12_29,18,2,Engaged,0.00381281,0.00146104,0.994726,0.222558,1,-0.679133,0.05
corrected,242-R-mPFC-S1-NE_2022_12_29,19,2,Engaged,0.00187704,0.012974,0.985149,0.219352,0,0.76558,0.05
corrected,242-R-mPFC-S1-NE_2022_12_29,20,2,Engaged,0.00109861,0.0117538,0.987148,0.993906,1,-0.20108,1
corrected,242-R-mPFC-S1-NE_2022_12_29,21,2,Engaged,0.000341383,0.0163371,0.983322,0.0791422,0,0.0194428,0
corrected,242-R-mPFC-S1-NE_2022_12_29,22,2,Engaged,0.000157688,0.0416241,0.958218,0.13117,0,1.87559,0.025
corrected,242-R-mPFC-S1-NE_2022_12_29,23,2,Engaged,5.38191e-05,0.025693,0.974253,0.0784663,0,-0.61091,0
corrected,242-R-mPFC-S1-NE_2022_12_29,24,2,Engaged,2.98375e-05,0.023911,0.976059,0.216302,0,0.791137,0.05
corrected,242-R-mPFC-S1-NE_2022_12_29,25,2,Engaged,2.2672e-05,0.00847204,0.991505,0.9926,1,0.100495,0.5
corrected,242-R-mPFC-S1-NE_2022_12_29,26,2,Engaged,1.16399e-05,0.0112517,0.988737,0.218695,0,0.228795,0.05
corrected,242-R-mPFC-S1-NE_2022_12_29,27,2,Engaged,1.17308e-05,0.0170447,0.982944,0.217596,0,1.29644,0.05
corrected,242-R-mPFC-S1-NE_2022_12_29,28,2,Engaged,1.85955e-05,0.0137712,0.98621,0.992861,1,0.839414,1
corrected,242-R-mPFC-S1-NE_2022_12_29,29,2,Engaged,2.17462e-05,0.0149887,0.98499,0.079022,0,0.903161,0
corrected,242-R-mPFC-S1-NE_2022_12_29,30,2,Engaged,3.88943e-05,0.014536,0.985425,0.0790566,0,1.15203,0
corrected,242-R-mPFC-S1-NE_2022_12_29,31,2,Engaged,8.34686e-05,0.0015194,0.998397,0.998603,1,0.148172,0.5
corrected,242-R-mPFC-S1-NE_2022_12_29,32,2,Engaged,0.000121772,0.000469722,0.999409,0.480627,1,0.639711,0.1
corrected,242-R-mPFC-S1-NE_2022_12_29,33,2,Engaged,0.00012869,8.14288e-05,0.99979,0.969892,1,-0.374662,0.25
corrected,242-R-mPFC-S1-NE_2022_12_29,34,2,Engaged,0.000141614,0.000762101,0.999096,0.999256,1,0.59648,0.5
corrected,242-R-mPFC-S1-NE_2022_12_29,35,2,Engaged,0.000141264,0.000753678,0.999105,0.220756,1,-0.73091,0.05
corrected,242-R-mPFC-S1-NE_2022_12_29,36,2,Engaged,8.92198e-05,0.00305761,0.996853,0.135261,0,-0.877116,0.025
corrected,242-R-mPFC-S1-NE_2022_12_29,37,2,Engaged,8.15924e-05,0.00510592,0.994812,0.079589,0,-0.130707,0
corrected,242-R-mPFC-S1-NE_2022_12_29,38,2,Engaged,9.49403e-05,0.00345494,0.99645,0.998209,1,-0.318232,1
corrected,242-R-mPFC-S1-NE_2022_12_29,39,2,Engaged,9.99252e-05,0.000270238,0.99963,0.220826,1,-1.08699,0.05
corrected,242-R-mPFC-S1-NE_2022_12_29,40,2,Engaged,7.98913e-05,0.000649092,0.999271,0.999355,1,0.36064,0.5
corrected,242-R-mPFC-S1-NE_2022_12_29,41,2,Engaged,5.63492e-05,0.00316109,0.996783,0.998361,1,0.322338,1
corrected,242-R-mPFC-S1-NE_2022_12_29,42,2,Engaged,2.11536e-05,0.00306661,0.996912,0.0796621,0,-0.59906,0
corrected,242-R-mPFC-S1-NE_2022_12_29,43,2,Engaged,1.9125e-05,0.0324104,0.967571,0.132076,0,3.45219,0.025
corrected,242-R-mPFC-S1-NE_2022_12_29,44,2,Engaged,1.91724e-05,0.00658933,0.993391,0.963983,1,0.154504,0.25
corrected,242-R-mPFC-S1-NE_2022_12_29,45,2,Engaged,1.01303e-05,0.00353103,0.996459,0.135164,0,-1.11751,0.025
corrected,242-R-mPFC-S1-NE_2022_12_29,46,2,Engaged,1.04074e-05,0.000897002,0.999093,0.999142,1,-0.320265,0.5
corrected,242-R-mPFC-S1-NE_2022_12_29,47,2,Engaged,8.47458e-06,0.00232884,0.997663,0.0796941,0,0.0863574,0
corrected,242-R-mPFC-S1-NE_2022_12_29,48,2,Engaged,1.13265e-05,0.000355367,0.999633,0.96965,1,-0.0337632,0.25
corrected,242-R-mPFC-S1-NE_2022_12_29,49,2,Engaged,1.05353e-05,0.000398465,0.999591,0.96961,1,-0.461194,0.25
corrected,242-R-mPFC-S1-NE_2022_12_29,50,2,Engaged,8.56657e-06,0.00905844,0.990933,0.21911,0,0.274807,0.05
corrected,242-R-mPFC-S1-NE_2022_12_29,51,2,Engaged,1.01434e-05,0.00670216,0.993288,0.996526,1,-0.821312,1
corrected,242-R-mPFC-S1-NE_2022_12_29,52,2,Engaged,7.23052e-06,0.00454793,0.995445,0.0795741,0,-1.45054,0
corrected,242-R-mPFC-S1-NE_2022_12_29,53,2,Engaged,9.76901e-06,0.00238987,0.9976,0.998761,1,-0.946547,1
corrected,242-R-mPFC-S1-NE_2022_12_29,54,2,Engaged,1.0476e-05,0.00277963,0.99721,0.998559,1,-0.332084,1
corrected,242-R-mPFC-S1-NE_2022_12_29,55,2,Engaged,1.10048e-05,0.0117151,0.988274,0.0791914,0,1.13697,0
corrected,242-R-mPFC-S1-NE_2022_12_29,56,2,Engaged,1.38918e-05,0.00389845,0.996088,0.99655,1,-0.777492,0.5
corrected,242-R-mPFC-S1-NE_2022_12_29,57,2,Engaged,1.37987e-05,0.00806153,0.991925,0.0793893,0,-0.433002,0
corrected,242-R-mPFC-S1-NE_2022_12_29,58,2,Engaged,1.97705e-05,0.0062772,0.993703,0.134875,0,-1.09412,0.025
corrected,242-R-mPFC-S1-NE_2022_12_29,59,2,Engaged,4.04759e-05,0.000291409,0.999668,0.48068,1,-1.46002,0.1
corrected,242-R-mPFC-S1-NE_2022_12_29,60,2,Engaged,5.20028e-05,0.000848733,0.999099,0.220691,1,-0.254653,0.05
corrected,242-R-mPFC-S1-NE_2022_12_29,61,2,Engaged,3.11296e-05,0.00166568,0.998303,0.0797434,0,-1.32428,0
corrected,242-R-mPFC-S1-NE_2022_12_29,62,2,Engaged,3.33163e-05,0.00515698,0.99481,0.219864,0,0.475965,0.05
corrected,242-R-mPFC-S1-NE_2022_12_29,63,2,Engaged,4.88451e-05,0.00127568,0.998675,0.998814,1,-0.279991,0.5
corrected,242-R-mPFC-S1-NE_2022_12_29,64,2,Engaged,5.68453e-05,0.000322711,0.99962,0.969677,1,-0.947772,0.25
corrected,242-R-mPFC-S1-NE_2022_12_29,65,2,Engaged,6.07177e-05,0.00132555,0.998614,0.0797795,0,-1.33614,0
corrected,242-R-mPFC-S1-NE_2022_12_29,66,2,Engaged,9.08573e-05,0.000293412,0.999616,0.220817,1,-1.0489,0.05
corrected,242-R-mPFC-S1-NE_2022_12_29,67,2,Engaged,8.66891e-05,0.000133859,0.999779,0.480764,1,-0.823394,0.1
corrected,242-R-mPFC-S1-NE_2022_12_29,68,2,Engaged,6.57397e-05,8.26522e-05,0.999852,0.969894,1,-0.923281,0.25
corrected,242-R-mPFC-S1-NE_2022_12_29,69,2,Engaged,4.79281e-05,0.000667427,0.999285,0.969364,1,-0.324602,0.25
corrected,242-R-mPFC-S1-NE_2022_12_29,70,2,Engaged,2.03739e-05,0.00465048,0.995329,0.13505,0,-1.32438,0.025
corrected,242-R-mPFC-S1-NE_2022_12_29,71,2,Engaged,1.89816e-05,0.0323335,0.967648,0.466446,0,1.21386,0.1
corrected,242-R-mPFC-S1-NE_2022_12_29,72,2,Engaged,2.33373e-05,0.0287493,0.971227,0.21538,0,0.00347099,0.05
corrected,242-R-mPFC-S1-NE_2022_12_29,73,2,Engaged,4.1555e-05,0.00153713,0.998421,0.480127,1,-1.28985,0.1
corrected,242-R-mPFC-S1-NE_2022_12_29,74,2,Engaged,4.24506e-05,0.000440273,0.999517,0.999536,1,-0.882611,0.5
corrected,242-R-mPFC-S1-NE_2022_12_29,75,2,Engaged,3.92003e-05,0.000135406,0.999825,0.480748,1,-1.20382,0.1
corrected,242-R-mPFC-S1-NE_2022_12_29,76,2,Engaged,2.58396e-05,0.000665969,0.999308,0.999341,1,-0.864795,0.5
corrected,242-R-mPFC-S1-NE_2022_12_29,77,2,Engaged,1.12583e-05,0.00597228,0.994016,0.0795,0,-0.500581,0
corrected,242-R-mPFC-S1-NE_2022_12_29,78,2,Engaged,5.26742e-06,0.00555942,0.994435,0.0795186,0,-1.18013,0
corrected,242-R-mPFC-S1-NE_2022_12_29,79,2,Engaged,4.57699e-06,0.00559375,0.994402,0.13494,0,-0.54252,0.025
corrected,242-R-mPFC-S1-NE_2022_12_29,80,2,Engaged,8.60799e-06,0.00608864,0.993903,0.0794922,0,0.257316,0
corrected,242-R-mPFC-S1-NE_2022_12_29,81,2,Engaged,1.95957e-05,0.00111613,0.998864,0.480307,1,-0.230617,0.1
corrected,242-R-mPFC-S1-NE_2022_12_29,82,2,Engaged,1.7271e-05,0.000366983,0.999616,0.9996,1,-1.28202,0.5
corrected,242-R-mPFC-S1-NE_2022_12_29,83,2,Engaged,1.36651e-05,0.0015762,0.99841,0.999183,1,-0.761434,1
corrected,242-R-mPFC-S1-NE_2022_12_29,84,2,Engaged,8.19512e-06,0.00396947,0.996022,0.0796058,0,-0.364213,0
corrected,242-R-mPFC-S1-NE_2022_12_29,85,2,Engaged,9.37747e-06,0.0064579,0.993533,0.996652,1,0.346416,1
corrected,242-R-mPFC-S1-NE_2022_12_29,86,2,Engaged,5.91185e-06,0.00708714,0.992907,0.219483,0,-0.458234,0.05
corrected,242-R-mPFC-S1-NE_2022_12_29,87,2,Engaged,6.04243e-06,0.00149409,0.9985,0.998626,1,-0.948518,0.5
corrected,242-R-mPFC-S1-NE_2022_12_29,88,2,Engaged,3.87881e-06,0.00341794,0.996578,0.0796328,0,-0.384877,0
corrected,242-R-mPFC-S1-NE_2022_12_29,89,2,Engaged,4.63879e-06,0.0035083,0.996487,0.996887,1,-0.0888312,0.5
corrected,242-R-mPFC-S1-NE_2022_12_29,90,2,Engaged,3.11281e-06,0.0282622,0.971735,0.0782977,0,0.798109,0
corrected,242-R-mPFC-S1-NE_2022_12_29,91,2,Engaged,2.88917e-06,0.0396,0.960397,0.463214,0,0.222665,0.1
corrected,242-R-mPFC-S1-NE_2022_12_29,92,2,Engaged,3.2633e-06,0.0286924,0.971304,0.132465,0,-0.636708,0.025
corrected,242-R-mPFC-S1-NE_2022_12_29,93,2,Engaged,1.10226e-05,0.0623799,0.937609,0.453102,0,2.7805,0.1
corrected,242-R-mPFC-S1-NE_2022_12_29,94,2,Engaged,2.65453e-05,0.00253401,0.997439,0.967668,1,-0.423005,0.25
corrected,242-R-mPFC-S1-NE_2022_12_29,95,2,Engaged,3.13334e-05,0.000687322,0.999281,0.999323,1,0.232645,0.5
corrected,242-R-mPFC-S1-NE_2022_12_29,96,2,Engaged,3.72886e-05,0.00456131,0.995401,0.135069,0,1.44665,0.025
corrected,242-R-mPFC-S1-NE_2022_12_29,97,2,Engaged,7.13745e-05,0.00986089,0.990068,0.994888,1,2.51133,1
corrected,242-R-mPFC-S1-NE_2022_12_29,98,2,Engaged,8.39176e-05,0.00161628,0.9983,0.480105,1,0.0161993,0.1
corrected,242-R-mPFC-S1-NE_2022_12_29,99,2,Engaged,7.3166e-05,0.000426937,0.9995,0.999547,1,-0.942591,0.5
corrected,242-R-mPFC-S1-NE_2022_12_29,100,2,Engaged,6.29118e-05,0.00143203,0.998505,0.999258,1,-0.432621,1
corrected,242-R-mPFC-S1-NE_2022_12_29,101,2,Engaged,4.70811e-05,0.000970428,0.998982,0.999497,1,-0.86677,1
corrected,242-R-mPFC-S1-NE_2022_12_29,102,2,Engaged,3.34764e-05,0.00148218,0.998484,0.998636,1,-0.00373712,0.5
corrected,242-R-mPFC-S1-NE_2022_12_29,103,2,Engaged,1.75161e-05,0.00991585,0.990067,0.476399,0,0.233248,0.1
corrected,242-R-mPFC-S1-NE_2022_12_29,104,2,Engaged,1.31208e-05,0.0107201,0.989267,0.134396,0,0.315835,0.025
corrected,242-R-mPFC-S1-NE_2022_12_29,105,2,Engaged,1.58179e-05,0.00646293,0.993521,0.99665,1,0.0837236,1
corrected,242-R-mPFC-S1-NE_2022_12_29,106,2,Engaged,1.32359e-05,0.00115197,0.998835,0.968925,1,-0.666536,0.25
corrected,242-R-mPFC-S1-NE_2022_12_29,107,2,Engaged,8.72267e-06,0.00546717,0.994524,0.219792,0,-0.25886,0.05
corrected,242-R-mPFC-S1-NE_2022_12_29,108,2,Engaged,1.07375e-05,0.00747201,0.992517,0.134742,0,0.0668277,0.025
corrected,242-R-mPFC-S1-NE_2022_12_29,109,2,Engaged,2.01244e-05,0.00413762,0.995842,0.135105,0,-0.317462,0.025
corrected,242-R-mPFC-S1-NE_2022_12_29,110,2,Engaged,5.68841e-05,0.000883127,0.99906,0.480422,1,0.413156,0.1
corrected,242-R-mPFC-S1-NE_2022_12_29,111,2,Engaged,7.72443e-05,0.00568802,0.994235,0.997051,1,1.17619,1
corrected,242-R-mPFC-S1-NE_2022_12_29,112,2,Engaged,9.75263e-05,0.0195942,0.980308,0.472127,0,1.75469,0.1
corrected,242-R-mPFC-S1-NE_2022_12_29,113,2,Engaged,0.000142518,0.000873085,0.998984,0.480454,1,-0.303694,0.1
corrected,242-R-mPFC-S1-NE_2022_12_29,114,2,Engaged,0.000159645,0.000294121,0.999546,0.480717,1,0.500956,0.1
corrected,242-R-mPFC-S1-NE_2022_12_29,115,2,Engaged,0.000151721,0.000113862,0.999734,0.969861,1,-0.139763,0.25
corrected,242-R-mPFC-S1-NE_2022_12_29,116,2,Engaged,0.000143889,0.000380824,0.999475,0.480673,1,0.0442243,0.1
corrected,242-R-mPFC-S1-NE_2022_12_29,117,2,Engaged,9.57331e-05,0.00022746,0.999677,0.480726,1,-1.49663,0.1
corrected,242-R-mPFC-S1-NE_2022_12_29,118,2,Engaged,2.50246e-05,0.00408043,0.995895,0.135114,0,-0.687128,0.025
corrected,242-R-mPFC-S1-NE_2022_12_29,119,2,Engaged,1.23061e-05,0.0975817,0.902406,0.125093,0,3.70047,0.025
corrected,242-R-mPFC-S1-NE_2022_12_29,120,2,Engaged,8.57952e-06,0.150046,0.849945,0.119472,0,3.53784,0.025
corrected,242-R-mPFC-S1-NE_2022_12_29,121,2,Engaged,8.3921e-06,0.139102,0.86089,0.419037,0,1.65235,0.1
corrected,242-R-mPFC-S1-NE_2022_12_29,122,2,Engaged,1.47809e-05,0.0715311,0.928454,0.938139,1,0.944065,0.5
corrected,242-R-mPFC-S1-NE_2022_12_29,123,2,Engaged,1.0622e-05,0.0674318,0.932558,0.20803,0,0.678523,0.05
corrected,242-R-mPFC-S1-NE_2022_12_29,124,2,Engaged,1.20691e-05,0.0311521,0.968836,0.0781478,0,-0.494835,0
corrected,242-R-mPFC-S1-NE_2022_12_29,125,2,Engaged,2.2599e-05,0.00820654,0.991771,0.477159,1,0.113649,0.1
corrected,242-R-mPFC-S1-NE_2022_12_29,126,2,Engaged,1.78373e-05,0.0087776,0.991205,0.134607,0,-0.427729,0.025
corrected,242-R-mPFC-S1-NE_2022_12_29,127,2,Engaged,2.25065e-05,0.00626931,0.993708,0.0794909,0,-0.425488,0
corrected,242-R-mPFC-S1-NE_2022_12_29,128,2,Engaged,4.15103e-05,0.000460187,0.999498,0.480605,1,-0.545663,0.1
corrected,242-R-mPFC-S1-NE_2022_12_29,129,2,Engaged,4.67041e-05,0.000125386,0.999828,0.969857,1,-0.336289,0.25
corrected,242-R-mPFC-S1-NE_2022_12_29,130,2,Engaged,4.93513e-05,4.75742e-05,0.999903,0.969927,1,-0.445024,0.25
corrected,242-R-mPFC-S1-NE_2022_12_29,131,2,Engaged,5.5175e-05,0.000223066,0.999722,0.969767,1,0.654853,0.25
corrected,242-R-mPFC-S1-NE_2022_12_29,132,2,Engaged,5.51163e-05,0.000491093,0.999454,0.999492,1,-0.113125,0.5
corrected,242-R-mPFC-S1-NE_2022_12_29,133,2,Engaged,5.01341e-05,0.00118407,0.998766,0.999386,1,-0.563418,1
corrected,242-R-mPFC-S1-NE_2022_12_29,134,2,Engaged,3.99261e-05,0.000228347,0.999732,0.480707,1,-1.04039,0.1
corrected,242-R-mPFC-S1-NE_2022_12_29,135,2,Engaged,1.81316e-05,0.00147338,0.998508,0.0797459,0,-0.578253,0
corrected,242-R-mPFC-S1-NE_2022_12_29,136,2,Engaged,1.56276e-05,0.0038461,0.996138,0.0796169,0,0.915824,0
corrected,242-R-mPFC-S1-NE_2022_12_29,137,2,Engaged,1.99681e-05,0.00156347,0.998417,0.998566,1,0.558815,0.5
corrected,242-R-mPFC-S1-NE_2022_12_29,138,2,Engaged,1.74613e-05,0.000244339,0.999738,0.96975,1,-0.692723,0.25
corrected,242-R-mPFC-S1-NE_2022_12_29,139,2,Engaged,1.33094e-05,0.00138408,0.998603,0.998721,1,-0.414772,0.5
corrected,242-R-mPFC-S1-NE_2022_12_29,140,2,Engaged,8.94409e-06,0.0323312,0.96766,0.466444,0,1.10922,0.1
corrected,242-R-mPFC-S1-NE_2022_12_29,141,2,Engaged,9.3943e-06,0.0413923,0.958598,0.0775961,0,0.878785,0
corrected,242-R-mPFC-S1-NE_2022_12_29,142,2,Engaged,1.31066e-05,0.0270378,0.972949,0.0783695,0,-0.712725,0
corrected,242-R-mPFC-S1-NE_2022_12_29,143,2,Engaged,2.78564e-05,0.0145902,0.985382,0.992437,1,-0.466124,1
corrected,242-R-mPFC-S1-NE_2022_12_29,144,2,Engaged,3.70328e-05,0.00939461,0.990568,0.99513,1,-0.532153,1
corrected,242-R-mPFC-S1-NE_2022_12_29,145,2,Engaged,4.2549e-05,0.00872604,0.991231,0.079371,0,-0.456661,0
corrected,242-R-mPFC-S1-NE_2022_12_29,146,2,Engaged,6.45323e-05,0.00102072,0.998915,0.969042,1,-1.22865,0.25
corrected,242-R-mPFC-S1-NE_2022_12_29,147,2,Engaged,9.02141e-05,0.00622125,0.993689,0.478063,0,-0.168155,0.1
corrected,242-R-mPFC-S1-NE_2022_12_29,148,2,Engaged,0.000159104,0.00279186,0.997049,0.997503,1,-0.626309,0.5
corrected,242-R-mPFC-S1-NE_2022_12_29,149,2,Engaged,0.000220039,0.00660733,0.993173,0.0795918,0,-0.691087,0
corrected,242-R-mPFC-S1-NE_2022_12_29,150,2,Engaged,0.0006971,0.120772,0.878531,0.860162,1,3.68088,0.25
corrected,242-R-mPFC-S1-NE_2022_12_29,151,2,Engaged,0.000930471,0.363495,0.635574,0.639531,0,1.25219,0.25
corrected,242-R-mPFC-S1-NE_2022_12_29,152,2,Engaged,0.00124302,0.208843,0.789914,0.819528,1,-0.361322,0.5
corrected,242-R-mPFC-S1-NE_2022_12_29,153,2,Engaged,0.00132709,0.223164,0.775509,0.179162,0,0.506492,0.05
corrected,242-R-mPFC-S1-NE_2022_12_30,1,2,Engaged,0.0183562,0.00122778,0.980416,0.486178,1,0.458617,0.1
corrected,242-R-mPFC-S1-NE_2022_12_30,2,2,Engaged,0.0140439,0.00178608,0.98417,0.143503,0,-0.546375,0.025
corrected,242-R-mPFC-S1-NE_2022_12_30,3,2,Engaged,0.0127961,0.000220631,0.986983,0.969068,1,-0.140136,0.25
corrected,242-R-mPFC-S1-NE_2022_12_30,4,2,Engaged,0.0116191,0.00039008,0.987991,0.999369,1,-0.0957283,0.5
corrected,242-R-mPFC-S1-NE_2022_12_30,5,2,Engaged,0.0103295,0.000728881,0.988942,0.141459,0,-0.441748,0.025
corrected,242-R-mPFC-S1-NE_2022_12_30,6,2,Engaged,0.0100945,0.000523734,0.989382,0.968941,1,1.09487,0.25
corrected,242-R-mPFC-S1-NE_2022_12_30,7,2,Engaged,0.00970818,0.000508884,0.989783,0.225846,1,-0.424128,0.05
corrected,242-R-mPFC-S1-NE_2022_12_30,8,2,Engaged,0.00853971,0.0046753,0.986785,0.139996,0,0.389259,0.025
corrected,242-R-mPFC-S1-NE_2022_12_30,9,2,Engaged,0.00804323,0.000754044,0.991203,0.140128,0,-0.7453,0.025
corrected,242-R-mPFC-S1-NE_2022_12_30,10,2,Engaged,0.00813276,0.00210905,0.989758,0.967608,1,2.96984,0.25
corrected,242-R-mPFC-S1-NE_2022_12_30,11,2,Engaged,0.0080144,0.000550353,0.991435,0.969031,1,-0.489789,0.25
corrected,242-R-mPFC-S1-NE_2022_12_30,12,2,Engaged,0.00779182,0.000239985,0.991968,0.140037,1,-1.9958,0.025
corrected,242-R-mPFC-S1-NE_2022_12_30,13,2,Engaged,0.0072976,0.0350944,0.957608,0.0823282,0,2.7194,0
corrected,242-R-mPFC-S1-NE_2022_12_30,14,2,Engaged,0.00692121,0.00622634,0.986852,0.223292,1,-1.06234,0.05
corrected,242-R-mPFC-S1-NE_2022_12_30,15,2,Engaged,0.00540924,0.00280088,0.99179,0.0829246,0,-1.31786,0
corrected,242-R-mPFC-S1-NE_2022_12_30,16,2,Engaged,0.00507334,0.00183111,0.993096,0.999047,1,0.0731828,1
corrected,242-R-mPFC-S1-NE_2022_12_30,17,2,Engaged,0.00474166,0.000907129,0.994351,0.481924,1,0.177046,0.1
corrected,242-R-mPFC-S1-NE_2022_12_30,18,2,Engaged,0.004264,0.0141068,0.981629,0.0816268,0,1.24711,0
corrected,242-R-mPFC-S1-NE_2022_12_30,19,2,Engaged,0.00400041,0.00666604,0.989334,0.996541,1,-0.903998,1
corrected,242-R-mPFC-S1-NE_2022_12_30,20,2,Engaged,0.00375698,0.0050476,0.991195,0.0818078,0,-0.583652,0
corrected,242-R-mPFC-S1-NE_2022_12_30,21,2,Engaged,0.00372509,0.000502273,0.995773,0.481776,1,-0.653107,0.1
corrected,242-R-mPFC-S1-NE_2022_12_30,22,2,Engaged,0.00361671,0.00108366,0.9953,0.0819362,0,-0.283323,0
corrected,242-R-mPFC-S1-NE_2022_12_30,23,2,Engaged,0.00375442,0.00317178,0.993074,0.998353,1,1.6704,1
corrected,242-R-mPFC-S1-NE_2022_12_30,24,2,Engaged,0.00382589,0.000845649,0.995328,0.968994,1,0.363628,0.25
corrected,242-R-mPFC-S1-NE_2022_12_30,25,2,Engaged,0.0038519,0.00119997,0.994948,0.222628,0,-0.677576,0.05
corrected,242-R-mPFC-S1-NE_2022_12_30,26,2,Engaged,0.00419916,0.000377176,0.995424,0.969399,1,0.380479,0.25
corrected,242-R-mPFC-S1-NE_2022_12_30,27,2,Engaged,0.00447389,0.000550495,0.994976,0.138076,1,-0.460395,0.025
corrected,242-R-mPFC-S1-NE_2022_12_30,28,2,Engaged,0.00439197,0.000347088,0.995261,0.223074,1,-0.910838,0.05
corrected,242-R-mPFC-S1-NE_2022_12_30,29,2,Engaged,0.00401646,0.00185043,0.994133,0.999038,1,-0.403506,1
corrected,242-R-mPFC-S1-NE_2022_12_30,30,2,Engaged,0.00364154,0.00365054,0.992708,0.137261,0,-0.340683,0.025
corrected,242-R-mPFC-S1-NE_2022_12_30,31,2,Engaged,0.00356258,0.00287173,0.993566,0.998509,1,-0.174578,1
corrected,242-R-mPFC-S1-NE_2022_12_30,32,2,Engaged,0.0034708,0.00197603,0.994553,0.998973,1,-0.36717,1
corrected,242-R-mPFC-S1-NE_2022_12_30,33,2,Engaged,0.00335775,0.000140634,0.996502,0.96966,1,-0.747289,0.25
corrected,242-R-mPFC-S1-NE_2022_12_30,34,2,Engaged,0.00328608,0.000566388,0.996148,0.999368,1,0.0565299,0.5
corrected,242-R-mPFC-S1-NE_2022_12_30,35,2,Engaged,0.00315494,0.000242367,0.996603,0.99965,1,-1.19212,0.5
corrected,242-R-mPFC-S1-NE_2022_12_30,36,2,Engaged,0.00303113,0.000299625,0.996669,0.0816253,0,-1.05898,0
corrected,242-R-mPFC-S1-NE_2022_12_30,37,2,Engaged,0.00324735,0.00856009,0.988193,0.99556,1,3.80959,1
corrected,242-R-mPFC-S1-NE_2022_12_30,38,2,Engaged,0.00332572,0.0023489,0.994325,0.480827,1,1.18244,0.1
corrected,242-R-mPFC-S1-NE_2022_12_30,39,2,Engaged,0.00325774,0.00105552,0.995687,0.998946,1,-0.204635,0.5
corrected,242-R-mPFC-S1-NE_2022_12_30,40,2,Engaged,0.00321256,0.00598811,0.990799,0.479174,0,0.512438,0.1
corrected,242-R-mPFC-S1-NE_2022_12_30,41,2,Engaged,0.00328254,0.000330715,0.996387,0.969492,1,-0.272287,0.25
corrected,242-R-mPFC-S1-NE_2022_12_30,42,2,Engaged,0.00336199,0.000105563,0.996532,0.969692,1,0.113759,0.25
corrected,242-R-mPFC-S1-NE_2022_12_30,43,2,Engaged,0.0034598,0.000365765,0.996174,0.999538,1,0.441423,0.5
corrected,242-R-mPFC-S1-NE_2022_12_30,44,2,Engaged,0.00353442,0.000366631,0.996099,0.222619,1,-0.0322038,0.05
corrected,242-R-mPFC-S1-NE_2022_12_30,45,2,Engaged,0.00339643,0.000192342,0.996411,0.481807,1,-0.474713,0.1
corrected,242-R-mPFC-S1-NE_2022_12_30,46,2,Engaged,0.00310705,0.000430567,0.996462,0.222381,1,-0.733126,0.05
corrected,242-R-mPFC-S1-NE_2022_12_30,47,2,Engaged,0.0020404,0.00171926,0.99624,0.0809518,0,-0.819924,0
corrected,242-R-mPFC-S1-NE_2022_12_30,48,2,Engaged,0.0017278,0.00141185,0.99686,0.999267,1,-0.317909,1
corrected,242-R-mPFC-S1-NE_2022_12_30,49,2,Engaged,0.00140441,0.000401817,0.998194,0.481071,1,-0.398201,0.1
corrected,242-R-mPFC-S1-NE_2022_12_30,50,2,Engaged,0.000756816,0.000799909,0.998443,0.0802274,0,-0.946207,0
corrected,242-R-mPFC-S1-NE_2022_12_30,51,2,Engaged,0.000597187,0.000207449,0.999195,0.969752,1,0.171184,0.25
corrected,242-R-mPFC-S1-NE_2022_12_30,52,2,Engaged,0.000505556,0.0112962,0.988198,0.079512,0,2.40422,0
corrected,242-R-mPFC-S1-NE_2022_12_30,53,2,Engaged,0.00045515,0.00119889,0.998346,0.968858,1,0.102479,0.25
corrected,242-R-mPFC-S1-NE_2022_12_30,54,2,Engaged,0.000404102,0.00184049,0.997755,0.99832,1,0.185772,0.5
corrected,242-R-mPFC-S1-NE_2022_12_30,55,2,Engaged,0.000325177,0.00420188,0.995473,0.0797844,0,-0.928648,0
corrected,242-R-mPFC-S1-NE_2022_12_30,56,2,Engaged,0.000306612,0.00289365,0.9968,0.135404,0,-1.27706,0.025
corrected,242-R-mPFC-S1-NE_2022_12_30,57,2,Engaged,0.000341874,0.000197172,0.999461,0.480819,1,-0.898612,0.1
corrected,242-R-mPFC-S1-NE_2022_12_30,58,2,Engaged,0.000376123,0.00437979,0.995244,0.0798055,0,1.35522,0
corrected,242-R-mPFC-S1-NE_2022_12_30,59,2,Engaged,0.000473019,0.000979257,0.998548,0.480514,1,0.352845,0.1
corrected,242-R-mPFC-S1-NE_2022_12_30,60,2,Engaged,0.000504412,0.00121281,0.998283,0.999371,1,-0.323286,1
corrected,242-R-mPFC-S1-NE_2022_12_30,61,2,Engaged,0.000529366,0.000237593,0.999233,0.999702,1,-0.547426,0.5
corrected,242-R-mPFC-S1-NE_2022_12_30,62,2,Engaged,0.000561466,0.000241345,0.999197,0.48087,1,0.0426977,0.1
corrected,242-R-mPFC-S1-NE_2022_12_30,63,2,Engaged,0.000546357,7.00936e-05,0.999384,0.969879,1,-0.812371,0.25
corrected,242-R-mPFC-S1-NE_2022_12_30,64,2,Engaged,0.000540151,0.000129437,0.99933,0.999795,1,-0.259429,0.5
corrected,242-R-mPFC-S1-NE_2022_12_30,65,2,Engaged,0.000552304,0.00139272,0.998055,0.999278,1,1.15306,1
corrected,242-R-mPFC-S1-NE_2022_12_30,66,2,Engaged,0.00055987,0.00177421,0.997666,0.998374,1,1.14157,0.5
corrected,242-R-mPFC-S1-NE_2022_12_30,67,2,Engaged,0.000558626,0.00686312,0.992578,0.996442,1,0.87882,1
corrected,242-R-mPFC-S1-NE_2022_12_30,68,2,Engaged,0.00055832,0.0213047,0.978137,0.133579,0,1.36278,0.025
corrected,242-R-mPFC-S1-NE_2022_12_30,69,2,Engaged,0.000593442,0.00529142,0.994115,0.0798876,1,-1.25015,0
corrected,242-R-mPFC-S1-NE_2022_12_30,70,2,Engaged,0.000452653,0.00382973,0.995718,0.998014,1,-0.503879,1
corrected,242-R-mPFC-S1-NE_2022_12_30,71,2,Engaged,0.000337366,0.00722611,0.992437,0.996254,1,0.345369,1
corrected,242-R-mPFC-S1-NE_2022_12_30,72,2,Engaged,0.000167945,0.00658156,0.99325,0.0795618,0,-0.931043,0
corrected,242-R-mPFC-S1-NE_2022_12_30,73,2,Engaged,0.000112623,0.00383849,0.996049,0.0796758,0,-0.886859,0
corrected,242-R-mPFC-S1-NE_2022_12_30,74,2,Engaged,0.000101852,0.000132965,0.999765,0.969847,1,-0.524696,0.25
corrected,242-R-mPFC-S1-NE_2022_12_30,75,2,Engaged,9.77439e-05,0.0002885,0.999614,0.969706,1,0.767601,0.25
corrected,242-R-mPFC-S1-NE_2022_12_30,76,2,Engaged,8.34542e-05,0.000265944,0.999651,0.480705,1,-0.435872,0.1
corrected,242-R-mPFC-S1-NE_2022_12_30,77,2,Engaged,5.35194e-05,0.00329542,0.996651,0.135214,0,0.0194604,0.025
corrected,242-R-mPFC-S1-NE_2022_12_30,78,2,Engaged,4.44095e-05,0.000425494,0.99953,0.999549,1,-0.767311,0.5
corrected,242-R-mPFC-S1-NE_2022_12_30,79,2,Engaged,3.76601e-05,0.00137377,0.998589,0.99873,1,0.329869,0.5
corrected,242-R-mPFC-S1-NE_2022_12_30,80,2,Engaged,1.85558e-05,0.00163128,0.99835,0.135372,0,-1.45724,0.025
corrected,242-R-mPFC-S1-NE_2022_12_30,81,2,Engaged,2.12316e-05,0.008502,0.991477,0.0793701,0,1.25393,0
corrected,242-R-mPFC-S1-NE_2022_12_30,82,2,Engaged,2.91384e-05,0.000883226,0.999088,0.480413,1,-0.598691,0.1
corrected,242-R-mPFC-S1-NE_2022_12_30,83,2,Engaged,2.78122e-05,0.00232202,0.99765,0.0797061,0,0.00284038,0
corrected,242-R-mPFC-S1-NE_2022_12_30,84,2,Engaged,3.81428e-05,0.000333348,0.999629,0.48066,1,-0.135073,0.1
corrected,242-R-mPFC-S1-NE_2022_12_30,85,2,Engaged,3.62408e-05,0.000235796,0.999728,0.969757,1,-0.318394,0.25
corrected,242-R-mPFC-S1-NE_2022_12_30,86,2,Engaged,3.1626e-05,0.00175492,0.998213,0.0797389,0,-0.443336,0
corrected,242-R-mPFC-S1-NE_2022_12_30,87,2,Engaged,4.41403e-05,0.00310424,0.996852,0.998391,1,0.566061,1
corrected,242-R-mPFC-S1-NE_2022_12_30,88,2,Engaged,4.75141e-05,0.000460493,0.999492,0.999518,1,-0.753838,0.5
corrected,242-R-mPFC-S1-NE_2022_12_30,89,2,Engaged,5.04535e-05,0.000701724,0.999248,0.220718,1,-0.165614,0.05
corrected,242-R-mPFC-S1-NE_2022_12_30,90,2,Engaged,2.52134e-05,0.00362701,0.996348,0.135162,0,-0.100328,0.025
corrected,242-R-mPFC-S1-NE_2022_12_30,91,2,Engaged,1.91531e-05,0.00381587,0.996165,0.135139,0,0.0449812,0.025
corrected,242-R-mPFC-S1-NE_2022_12_30,92,2,Engaged,2.39473e-05,0.00205423,0.997922,0.968105,1,0.419052,0.25
corrected,242-R-mPFC-S1-NE_2022_12_30,93,2,Engaged,3.07416e-05,0.0562464,0.943723,0.12953,0,2.3702,0.025
corrected,242-R-mPFC-S1-NE_2022_12_30,94,2,Engaged,4.31544e-05,0.0300137,0.969943,0.0782277,0,-1.3159,0
corrected,242-R-mPFC-S1-NE_2022_12_30,95,2,Engaged,0.00011886,0.0541334,0.945748,0.210612,0,2.36353,0.05
corrected,242-R-mPFC-S1-NE_2022_12_30,96,2,Engaged,0.000296576,0.0236684,0.976035,0.98773,1,-0.32543,1
corrected,242-R-mPFC-S1-NE_2022_12_30,97,2,Engaged,0.000443521,0.0170068,0.98255,0.991184,1,0.291385,1
corrected,242-R-mPFC-S1-NE_2022_12_30,98,2,Engaged,0.00059722,0.0219724,0.97743,0.0789937,0,1.01886,0
corrected,242-R-mPFC-S1-NE_2022_12_30,99,2,Engaged,0.000983496,0.01432,0.984696,0.992576,1,0.0257442,1
corrected,242-R-mPFC-S1-NE_2022_12_30,100,2,Engaged,0.00138698,0.017094,0.981519,0.991138,1,0.700076,1
corrected,242-R-mPFC-S1-NE_2022_12_30,101,2,Engaged,0.00171728,0.019615,0.978668,0.134433,0,0.0428231,0.025
corrected,242-R-mPFC-S1-NE_2022_12_30,102,2,Engaged,0.00256936,0.00788492,0.989546,0.220683,1,-1.1963,0.05
corrected,242-R-mPFC-S1-NE_2023_01_05,1,2,Engaged,0.0166758,0.00125595,0.982068,0.999337,1,0.390637,1
corrected,242-R-mPFC-S1-NE_2023_01_05,2,2,Engaged,0.01545,0.00332302,0.981227,0.966102,1,2.42609,0.25
corrected,242-R-mPFC-S1-NE_2023_01_05,3,2,Engaged,0.0125217,0.00361401,0.983864,0.998117,1,-0.806204,1
corrected,242-R-mPFC-S1-NE_2023_01_05,4,2,Engaged,0.00939323,0.00439604,0.986211,0.140522,0,-1.0319,0.025
corrected,242-R-mPFC-S1-NE_2023_01_05,5,2,Engaged,0.00858384,0.00546625,0.98595,0.0846953,0,-0.227246,0
corrected,242-R-mPFC-S1-NE_2023_01_05,6,2,Engaged,0.00829442,0.00131943,0.990386,0.0847436,1,-0.777727,0
corrected,242-R-mPFC-S1-NE_2023_01_05,7,2,Engaged,0.00622038,0.00184635,0.991933,0.999038,1,0.373879,1
corrected,242-R-mPFC-S1-NE_2023_01_05,8,2,Engaged,0.00396992,0.00126765,0.994762,0.99875,1,0.11931,0.5
corrected,242-R-mPFC-S1-NE_2023_01_05,9,2,Engaged,0.00248339,0.041958,0.955559,0.0790572,0,2.88518,0
corrected,242-R-mPFC-S1-NE_2023_01_05,10,2,Engaged,0.00146092,0.020543,0.977996,0.0795912,0,-0.466005,0
corrected,242-R-mPFC-S1-NE_2023_01_05,11,2,Engaged,0.00127103,0.0234074,0.975322,0.987865,1,1.92231,1
corrected,242-R-mPFC-S1-NE_2023_01_05,12,2,Engaged,0.000995473,0.0207702,0.978234,0.0792984,0,0.751119,0
corrected,242-R-mPFC-S1-NE_2023_01_05,13,2,Engaged,0.000891668,0.00738278,0.991726,0.996172,1,0.0535932,1
corrected,242-R-mPFC-S1-NE_2023_01_05,14,2,Engaged,0.000824197,0.00896985,0.990206,0.99535,1,1.62066,1
corrected,242-R-mPFC-S1-NE_2023_01_05,15,2,Engaged,0.000688464,0.00114261,0.998169,0.998918,1,-0.341807,0.5
corrected,242-R-mPFC-S1-NE_2023_01_05,16,2,Engaged,0.000565462,0.000722243,0.998712,0.480658,1,0.0499985,0.1
corrected,242-R-mPFC-S1-NE_2023_01_05,17,2,Engaged,0.000323005,0.0041681,0.995509,0.47905,0,-0.243291,0.1
corrected,242-R-mPFC-S1-NE_2023_01_05,18,2,Engaged,0.000260406,0.0066559,0.993084,0.996549,1,0.943688,1
corrected,242-R-mPFC-S1-NE_2023_01_05,19,2,Engaged,0.000203936,0.0194594,0.980337,0.989912,1,1.81642,1
corrected,242-R-mPFC-S1-NE_2023_01_05,20,2,Engaged,0.000119653,0.0264473,0.973433,0.0784654,0,0.66282,0
corrected,242-R-mPFC-S1-NE_2023_01_05,21,2,Engaged,7.5938e-05,0.0126366,0.987287,0.134227,0,-1.07179,0.025
corrected,242-R-mPFC-S1-NE_2023_01_05,22,2,Engaged,6.98632e-05,0.00180393,0.998126,0.96833,1,-0.603748,0.25
corrected,242-R-mPFC-S1-NE_2023_01_05,23,2,Engaged,6.11729e-05,0.00420672,0.995732,0.478948,0,-0.430201,0.1
corrected,242-R-mPFC-S1-NE_2023_01_05,24,2,Engaged,6.87965e-05,0.000293355,0.999638,0.480688,1,-0.585465,0.1
corrected,242-R-mPFC-S1-NE_2023_01_05,25,2,Engaged,6.63917e-05,0.00070996,0.999224,0.999303,1,0.207362,0.5
corrected,242-R-mPFC-S1-NE_2023_01_05,26,2,Engaged,5.95633e-05,0.00283766,0.997103,0.220318,0,-0.0700564,0.05
corrected,242-R-mPFC-S1-NE_2023_01_05,27,2,Engaged,7.25267e-05,0.00121693,0.998711,0.0797924,0,-0.0903052,0
corrected,242-R-mPFC-S1-NE_2023_01_05,28,2,Engaged,0.000147192,0.000660184,0.999193,0.999344,1,1.66182,0.5
corrected,242-R-mPFC-S1-NE_2023_01_05,29,2,Engaged,0.000213188,0.001384,0.998403,0.998718,1,1.55994,0.5
corrected,242-R-mPFC-S1-NE_2023_01_05,30,2,Engaged,0.000260319,0.00353847,0.996201,0.998166,1,0.733371,1
corrected,242-R-mPFC-S1-NE_2023_01_05,31,2,Engaged,0.000300384,0.00562139,0.994078,0.0796932,0,0.511726,0
corrected,242-R-mPFC-S1-NE_2023_01_05,32,2,Engaged,0.000412446,0.000619549,0.998968,0.220925,1,-0.333325,0.05
corrected,242-R-mPFC-S1-NE_2023_01_05,33,2,Engaged,0.000429965,0.000100963,0.999469,0.969858,1,0.155171,0.25
corrected,242-R-mPFC-S1-NE_2023_01_05,34,2,Engaged,0.000476497,0.00434614,0.995177,0.997747,1,2.22057,1
corrected,242-R-mPFC-S1-NE_2023_01_05,35,2,Engaged,0.000486129,0.000193568,0.99932,0.480867,1,0.0501964,0.1
corrected,242-R-mPFC-S1-NE_2023_01_05,36,2,Engaged,0.000480024,0.000388866,0.999131,0.969593,1,1.32166,0.25
corrected,242-R-mPFC-S1-NE_2023_01_05,37,2,Engaged,0.00044814,9.33216e-05,0.999459,0.480899,1,-0.307511,0.1
corrected,242-R-mPFC-S1-NE_2023_01_05,38,2,Engaged,0.000389769,0.000202248,0.999408,0.969768,1,0.333381,0.25
corrected,242-R-mPFC-S1-NE_2023_01_05,39,2,Engaged,0.000311801,0.000109421,0.999579,0.969857,1,-0.570679,0.25
corrected,242-R-mPFC-S1-NE_2023_01_05,40,2,Engaged,0.000235103,0.000187146,0.999578,0.96979,1,-0.5957,0.25
corrected,242-R-mPFC-S1-NE_2023_01_05,41,2,Engaged,0.000162152,0.00205008,0.997788,0.220521,0,-0.46539,0.05
corrected,242-R-mPFC-S1-NE_2023_01_05,42,2,Engaged,0.000149415,0.00164913,0.998201,0.999145,1,-0.00903842,1
corrected,242-R-mPFC-S1-NE_2023_01_05,43,2,Engaged,0.00013366,0.000872551,0.998994,0.999161,1,0.00818109,0.5
corrected,242-R-mPFC-S1-NE_2023_01_05,44,2,Engaged,0.00011692,0.00364259,0.99624,0.220195,0,0.2679,0.05
corrected,242-R-mPFC-S1-NE_2023_01_05,45,2,Engaged,0.000125916,0.00100713,0.998867,0.480389,1,-0.158008,0.1
corrected,242-R-mPFC-S1-NE_2023_01_05,46,2,Engaged,0.00011014,0.00162533,0.998265,0.220575,0,-0.990086,0.05
corrected,242-R-mPFC-S1-NE_2023_01_05,47,2,Engaged,0.000127353,0.000493389,0.999379,0.480618,1,-0.336496,0.1
corrected,242-R-mPFC-S1-NE_2023_01_05,48,2,Engaged,0.000121845,0.00110368,0.998774,0.22068,0,-0.940609,0.05
corrected,242-R-mPFC-S1-NE_2023_01_05,49,2,Engaged,0.000165448,0.00171445,0.99812,0.998433,1,0.640907,0.5
corrected,242-R-mPFC-S1-NE_2023_01_05,50,2,Engaged,0.000193057,0.00392089,0.995886,0.479117,0,-0.373097,0.1
corrected,242-R-mPFC-S1-NE_2023_01_05,51,2,Engaged,0.000286004,0.000702054,0.999012,0.999305,1,-0.30927,0.5
corrected,242-R-mPFC-S1-NE_2023_01_05,52,2,Engaged,0.000373381,0.000409395,0.999217,0.480735,1,-0.251901,0.1
corrected,242-R-mPFC-S1-NE_2023_01_05,53,2,Engaged,0.000430794,0.00660009,0.992969,0.219799,0,0.563714,0.05
corrected,242-R-mPFC-S1-NE_2023_01_05,54,2,Engaged,0.000579372,0.00194569,0.997475,0.0800588,1,-0.745792,0
corrected,242-R-mPFC-S1-NE_2023_01_05,55,2,Engaged,0.000546794,0.000538766,0.998914,0.999442,1,-0.582823,0.5
corrected,242-R-mPFC-S1-NE_2023_01_05,56,2,Engaged,0.000506666,0.000300226,0.999193,0.969672,1,-0.867221,0.25
corrected,242-R-mPFC-S1-NE_2023_01_05,57,2,Engaged,0.000484232,0.00856958,0.990946,0.992507,1,0.276505,0.5
corrected,242-R-mPFC-S1-NE_2023_01_05,58,2,Engaged,0.000432798,0.0344449,0.965122,0.938642,1,-0.88512,0.25
corrected,242-R-mPFC-S1-NE_2023_01_05,59,1,Conservative,0.000178704,0.766898,0.232924,0.27291,0,-0.327585,0.25
corrected,242-R-mPFC-S1-NE_2023_01_05,60,1,Conservative,0.000119278,0.825731,0.17415,0.219438,0,0.850472,0.25
corrected,242-R-mPFC-S1-NE_2023_01_05,61,1,Conservative,7.54381e-05,0.750889,0.249036,0.078326,0,1.28457,0.05
corrected,242-R-mPFC-S1-NE_2023_01_05,62,2,Engaged,7.26324e-05,0.0691508,0.930777,0.907116,1,-1.40573,0.25
corrected,242-R-mPFC-S1-NE_2023_01_05,63,2,Engaged,2.84019e-05,0.0458861,0.954086,0.0773662,0,-1.01095,0
corrected,242-R-mPFC-S1-NE_2023_01_05,64,2,Engaged,1.63926e-05,0.0329969,0.966987,0.46615,0,-0.415685,0.1
corrected,242-R-mPFC-S1-NE_2023_01_05,65,2,Engaged,1.46097e-05,0.00573397,0.994251,0.964761,1,-0.366629,0.25
corrected,242-R-mPFC-S1-NE_2023_01_05,66,2,Engaged,7.83217e-06,0.00743184,0.99256,0.134745,0,-0.470438,0.025
corrected,242-R-mPFC-S1-NE_2023_01_05,67,2,Engaged,6.921e-06,0.00562602,0.994367,0.079516,0,-0.561483,0
corrected,242-R-mPFC-S1-NE_2023_01_05,68,2,Engaged,1.11073e-05,0.00272444,0.997264,0.998588,1,-0.225785,1
corrected,242-R-mPFC-S1-NE_2023_01_05,69,2,Engaged,1.45602e-05,0.0044389,0.995547,0.997699,1,0.901258,1
corrected,242-R-mPFC-S1-NE_2023_01_05,70,2,Engaged,1.13646e-05,0.00116693,0.998822,0.968912,1,-0.581046,0.25
corrected,242-R-mPFC-S1-NE_2023_01_05,71,2,Engaged,5.44433e-06,0.00591844,0.994076,0.0794994,0,-0.530717,0
corrected,242-R-mPFC-S1-NE_2023_01_05,72,2,Engaged,4.61353e-06,0.0107732,0.989222,0.476014,0,-0.0535526,0.1
corrected,242-R-mPFC-S1-NE_2023_01_05,73,2,Engaged,5.47887e-06,0.00404463,0.99595,0.966297,1,-0.692518,0.25
corrected,242-R-mPFC-S1-NE_2023_01_05,74,2,Engaged,2.80139e-06,0.0139278,0.986069,0.474613,0,-0.794968,0.1
corrected,242-R-mPFC-S1-NE_2023_01_05,75,2,Engaged,2.16321e-06,0.018404,0.981594,0.217333,0,-0.426563,0.05
corrected,242-R-mPFC-S1-NE_2023_01_05,76,2,Engaged,2.49691e-06,0.0157908,0.984207,0.473785,0,-0.819874,0.1
corrected,242-R-mPFC-S1-NE_2023_01_05,77,2,Engaged,3.81823e-06,0.00254067,0.997456,0.967664,1,-1.03426,0.25
corrected,242-R-mPFC-S1-NE_2023_01_05,78,2,Engaged,2.34489e-06,0.00831747,0.99168,0.0793687,0,-0.399807,0
corrected,242-R-mPFC-S1-NE_2023_01_05,79,2,Engaged,2.21852e-06,0.0116446,0.988353,0.475626,0,-0.373083,0.1
corrected,242-R-mPFC-S1-NE_2023_01_05,80,2,Engaged,2.9549e-06,0.00752763,0.992469,0.134732,0,-0.376367,0.025
corrected,242-R-mPFC-S1-NE_2023_01_05,81,2,Engaged,6.35049e-06,0.00154912,0.998445,0.968565,1,-0.166985,0.25
corrected,242-R-mPFC-S1-NE_2023_01_05,82,2,Engaged,6.52093e-06,0.00496422,0.995029,0.219886,0,-0.14693,0.05
corrected,242-R-mPFC-S1-NE_2023_01_05,83,2,Engaged,9.5964e-06,0.000218812,0.999772,0.969774,1,-1.22282,0.25
corrected,242-R-mPFC-S1-NE_2023_01_05,84,2,Engaged,1.12165e-05,0.000166162,0.999823,0.969822,1,-0.53029,0.25
corrected,242-R-mPFC-S1-NE_2023_01_05,85,2,Engaged,1.08716e-05,0.00165242,0.998337,0.0797319,0,-0.300718,0
corrected,242-R-mPFC-S1-NE_2023_01_05,86,2,Engaged,1.82634e-05,0.00113249,0.998849,0.998938,1,0.10081,0.5
corrected,242-R-mPFC-S1-NE_2023_01_05,87,2,Engaged,2.09387e-05,0.00242675,0.997552,0.998742,1,-0.460094,1
corrected,242-R-mPFC-S1-NE_2023_01_05,88,2,Engaged,2.03109e-05,0.00377741,0.996202,0.0796234,0,-0.588247,0
corrected,242-R-mPFC-S1-NE_2023_01_05,89,2,Engaged,2.87059e-05,0.00125781,0.998713,0.999348,1,-0.925202,1
corrected,242-R-mPFC-S1-NE_2023_01_05,90,2,Engaged,3.6426e-05,0.000215818,0.999748,0.969775,1,-0.289085,0.25
corrected,242-R-mPFC-S1-NE_2023_01_05,91,2,Engaged,4.7266e-05,0.00391939,0.996033,0.997968,1,0.916181,1
corrected,242-R-mPFC-S1-NE_2023_01_05,92,2,Engaged,4.52115e-05,0.000268662,0.999686,0.480691,1,-1.27699,0.1
corrected,242-R-mPFC-S1-NE_2023_01_05,93,2,Engaged,3.64124e-05,0.00151284,0.998451,0.999216,1,-0.10338,1
corrected,242-R-mPFC-S1-NE_2023_01_05,94,2,Engaged,2.45114e-05,0.00226918,0.997706,0.997957,1,-0.126432,0.5
corrected,242-R-mPFC-S1-NE_2023_01_05,95,2,Engaged,8.97536e-06,0.01281,0.987181,0.13417,0,-0.101527,0.025
corrected,242-R-mPFC-S1-NE_2023_01_05,96,2,Engaged,4.30521e-06,0.0211825,0.978813,0.13327,0,0.0377253,0.025
corrected,242-R-mPFC-S1-NE_2023_01_05,97,2,Engaged,2.21625e-06,0.0183262,0.981672,0.133575,0,-0.866097,0.025
corrected,242-R-mPFC-S1-NE_2023_01_05,98,2,Engaged,1.58399e-06,0.0128775,0.987121,0.218381,0,-0.885029,0.05
corrected,242-R-mPFC-S1-NE_2023_01_05,99,2,Engaged,2.08792e-06,0.00798847,0.992009,0.134682,0,-0.318095,0.025
corrected,242-R-mPFC-S1-NE_2023_01_05,100,2,Engaged,4.1598e-06,0.0014015,0.998594,0.968699,1,-0.089897,0.25
corrected,242-R-mPFC-S1-NE_2023_01_05,101,2,Engaged,3.50401e-06,0.0054221,0.994574,0.134958,0,0.293084,0.025
corrected,242-R-mPFC-S1-NE_2023_01_05,102,2,Engaged,3.91278e-06,0.00127255,0.998724,0.968816,1,-0.791864,0.25
corrected,242-R-mPFC-S1-NE_2023_01_05,103,2,Engaged,2.38397e-06,0.0111252,0.988872,0.218714,0,0.100089,0.05
corrected,242-R-mPFC-S1-NE_2023_01_05,104,2,Engaged,2.03279e-06,0.0128802,0.987118,0.218381,0,-0.373024,0.05
corrected,242-R-mPFC-S1-NE_2023_01_05,105,2,Engaged,3.51107e-06,0.0144046,0.985592,0.218092,0,0.199705,0.05
corrected,242-R-mPFC-S1-NE_2023_01_05,106,2,Engaged,9.37743e-06,0.0148769,0.985114,0.133948,0,0.691882,0.025
corrected,242-R-mPFC-S1-NE_2023_01_05,107,2,Engaged,2.36399e-05,0.000661219,0.999315,0.969371,1,-0.51815,0.25
corrected,242-R-mPFC-S1-NE_2023_01_05,108,2,Engaged,3.48484e-05,0.000381513,0.999584,0.999587,1,0.103914,0.5
corrected,242-R-mPFC-S1-NE_2023_01_05,109,2,Engaged,4.22247e-05,0.000378468,0.999579,0.999589,1,-0.114845,0.5
corrected,242-R-mPFC-S1-NE_2023_01_05,110,2,Engaged,4.4274e-05,0.000105403,0.99985,0.969875,1,-0.707157,0.25
corrected,242-R-mPFC-S1-NE_2023_01_05,111,2,Engaged,4.53599e-05,0.000327763,0.999627,0.480665,1,-0.465979,0.1
corrected,242-R-mPFC-S1-NE_2023_01_05,112,2,Engaged,3.53667e-05,0.00382455,0.99614,0.0796299,0,-0.297014,0
corrected,242-R-mPFC-S1-NE_2023_01_05,113,2,Engaged,3.80554e-05,0.00352219,0.99644,0.0796478,0,-0.549456,0
corrected,242-R-mPFC-S1-NE_2023_01_05,114,2,Engaged,5.82327e-05,0.000398921,0.999543,0.969607,1,-0.569855,0.25
corrected,242-R-mPFC-S1-NE_2023_01_05,115,2,Engaged,7.48885e-05,0.000746494,0.999179,0.999613,1,-0.663316,1
corrected,242-R-mPFC-S1-NE_2023_01_05,116,2,Engaged,8.97806e-05,0.000148796,0.999761,0.969833,1,-0.529032,0.25
corrected,242-R-mPFC-S1-NE_2023_01_05,117,2,Engaged,0.000102196,0.000165446,0.999732,0.220847,1,-0.639892,0.05
corrected,242-R-mPFC-S1-NE_2023_01_05,118,2,Engaged,8.52413e-05,0.000466067,0.999449,0.999513,1,0.00897981,0.5
corrected,242-R-mPFC-S1-NE_2023_01_05,119,2,Engaged,6.20173e-05,0.00108465,0.998853,0.968984,1,-0.430233,0.25
corrected,242-R-mPFC-S1-NE_2023_01_05,120,2,Engaged,3.63909e-05,0.0184159,0.981548,0.0788467,0,-0.215793,0
corrected,242-R-mPFC-S1-NE_2023_01_05,121,2,Engaged,2.85455e-05,0.0261723,0.973799,0.13275,0,-0.832628,0.025
corrected,242-R-mPFC-S1-NE_2023_01_05,122,2,Engaged,3.41643e-05,0.0330721,0.966894,0.982856,1,-0.688778,1
corrected,242-R-mPFC-S1-NE_2023_01_05,123,1,Conservative,4.2503e-05,0.502019,0.497938,0.73976,1,3.35713,1
corrected,242-R-mPFC-S1-NE_2023_01_05,124,1,Conservative,3.99926e-05,0.597035,0.402925,0.42731,0,0.528177,0.25
corrected,242-R-mPFC-S1-NE_2023_01_05,125,2,Engaged,3.84187e-05,0.413841,0.586121,0.642505,1,-0.120236,0.5
corrected,242-R-mPFC-S1-NE_2023_01_05,126,2,Engaged,1.62937e-05,0.402531,0.597452,0.0581996,0,-0.25876,0
corrected,242-R-mPFC-S1-NE_2023_01_05,127,2,Engaged,9.89017e-06,0.40118,0.59881,0.0925784,0,0.0548089,0.025
corrected,242-R-mPFC-S1-NE_2023_01_05,128,1,Conservative,3.18551e-06,0.876308,0.123689,0.03274,0,5.00779,0
corrected,242-R-mPFC-S1-NE_2023_01_05,129,1,Conservative,5.22275e-06,0.862973,0.137021,0.0334576,0,-0.0550227,0
corrected,242-R-mPFC-S1-NE_2023_01_05,130,1,Conservative,1.38286e-05,0.834099,0.165887,0.0350139,0,-0.809522,0
corrected,242-R-mPFC-S1-NE_2023_01_05,131,1,Conservative,3.48843e-05,0.822261,0.177704,0.222597,0,-0.358809,0.25
corrected,242-R-mPFC-S1-NE_2023_01_05,132,2,Engaged,0.000193486,0.0830082,0.916798,0.928224,1,-0.646879,0.5
corrected,242-R-mPFC-S1-NE_2023_01_05,133,2,Engaged,0.000193192,0.0220564,0.97775,0.980864,1,-0.148626,0.5
corrected,242-R-mPFC-S1-NE_2023_01_05,134,2,Engaged,0.000187091,0.0290796,0.970733,0.984925,1,1.1671,1
corrected,242-R-mPFC-S1-NE_2023_01_05,135,2,Engaged,0.000152017,0.0175062,0.982342,0.0789653,0,-1.3783,0
corrected,242-R-mPFC-S1-NE_2023_01_05,136,2,Engaged,0.000159816,0.013147,0.986693,0.134221,0,-0.501753,0.025
corrected,242-R-mPFC-S1-NE_2023_01_05,137,2,Engaged,0.000208256,0.000120759,0.999671,0.999809,1,-1.16665,0.5
corrected,242-R-mPFC-S1-NE_2023_01_05,138,2,Engaged,0.000333307,0.00510903,0.994558,0.965311,1,4.71807,0.25
corrected,242-R-mPFC-S1-NE_2023_01_05,139,2,Engaged,0.000365251,0.00411367,0.995521,0.135308,0,0.736598,0.025
corrected,242-R-mPFC-S1-NE_2023_01_05,140,2,Engaged,0.000516257,0.00258672,0.996897,0.479814,1,1.51084,0.1
corrected,242-R-mPFC-S1-NE_2023_01_05,141,2,Engaged,0.0005677,0.00594691,0.993485,0.135229,0,0.447787,0.025
corrected,242-R-mPFC-S1-NE_2023_01_05,142,2,Engaged,0.00071772,0.00103304,0.998249,0.999012,1,-0.570489,0.5
corrected,242-R-mPFC-S1-NE_2023_01_05,143,2,Engaged,0.000884532,0.00230482,0.996811,0.998805,1,0.123071,1
corrected,242-R-mPFC-S1-NE_2023_01_05,144,2,Engaged,0.00109443,0.00809375,0.990812,0.135305,0,1.04797,0.025
corrected,242-R-mPFC-S1-NE_2023_01_05,145,2,Engaged,0.00159213,0.00256419,0.995844,0.480171,1,-0.26959,0.1
corrected,242-R-mPFC-S1-NE_2023_01_05,146,2,Engaged,0.00192732,0.0162266,0.981846,0.991587,1,0.688195,1
corrected,242-R-mPFC-S1-NE_2023_01_06,1,2,Engaged,0.00411163,0.0120635,0.983825,0.0816448,0,-0.614216,0
corrected,242-R-mPFC-S1-NE_2023_01_06,2,2,Engaged,0.00360703,0.0200004,0.976393,0.13549,0,1.79089,0.025
corrected,242-R-mPFC-S1-NE_2023_01_06,3,2,Engaged,0.00334512,0.00305434,0.993601,0.48052,1,-0.241268,0.1
corrected,242-R-mPFC-S1-NE_2023_01_06,4,2,Engaged,0.00282744,0.00286283,0.99431,0.998514,1,-0.528764,1
corrected,242-R-mPFC-S1-NE_2023_01_06,5,2,Engaged,0.00228084,0.0027702,0.994949,0.136565,0,-0.691534,0.025
corrected,242-R-mPFC-S1-NE_2023_01_06,6,2,Engaged,0.00215611,0.00210922,0.995735,0.998905,1,0.103074,1
corrected,242-R-mPFC-S1-NE_2023_01_06,7,2,Engaged,0.00200631,0.000175719,0.997818,0.481366,1,-0.338657,0.1
corrected,242-R-mPFC-S1-NE_2023_01_06,8,2,Engaged,0.00179879,0.000809225,0.997392,0.999185,1,0.645043,0.5
corrected,242-R-mPFC-S1-NE_2023_01_06,9,2,Engaged,0.00149317,0.000905007,0.997602,0.99953,1,-0.63295,1
corrected,242-R-mPFC-S1-NE_2023_01_06,10,2,Engaged,0.00121732,0.000773408,0.998009,0.999598,1,-0.236741,1
corrected,242-R-mPFC-S1-NE_2023_01_06,11,2,Engaged,0.000968485,0.000174238,0.998857,0.969761,1,0.179795,0.25
corrected,242-R-mPFC-S1-NE_2023_01_06,12,2,Engaged,0.000720401,0.0003258,0.998954,0.969637,1,0.071294,0.25
corrected,242-R-mPFC-S1-NE_2023_01_06,13,2,Engaged,0.000459733,0.00285828,0.996682,0.135497,0,-0.180778,0.025
corrected,242-R-mPFC-S1-NE_2023_01_06,14,2,Engaged,0.00036374,0.000352519,0.999284,0.999606,1,-0.781142,0.5
corrected,242-R-mPFC-S1-NE_2023_01_06,15,2,Engaged,0.000280938,9.89437e-05,0.99962,0.969868,1,-0.247365,0.25
corrected,242-R-mPFC-S1-NE_2023_01_06,16,2,Engaged,0.000207446,0.000270488,0.999522,0.969716,1,0.082398,0.25
corrected,242-R-mPFC-S1-NE_2023_01_06,17,2,Engaged,0.00012955,0.00238148,0.997489,0.135356,0,-0.111507,0.025
corrected,242-R-mPFC-S1-NE_2023_01_06,18,2,Engaged,0.000106871,0.000733159,0.99916,0.999282,1,-0.298114,0.5
corrected,242-R-mPFC-S1-NE_2023_01_06,19,2,Engaged,9.8565e-05,0.018294,0.981607,0.472705,0,2.36479,0.1
corrected,242-R-mPFC-S1-NE_2023_01_06,20,2,Engaged,0.000101717,0.00299483,0.996903,0.479499,1,0.270995,0.1
corrected,242-R-mPFC-S1-NE_2023_01_06,21,2,Engaged,7.7343e-05,0.00112929,0.998793,0.999415,1,-0.585664,1
corrected,242-R-mPFC-S1-NE_2023_01_06,22,2,Engaged,5.72606e-05,0.000780599,0.999162,0.969261,1,0.306911,0.25
corrected,242-R-mPFC-S1-NE_2023_01_06,23,2,Engaged,2.91419e-05,0.00395465,0.996016,0.13513,0,-0.411384,0.025
corrected,242-R-mPFC-S1-NE_2023_01_06,24,2,Engaged,2.30088e-05,0.00525212,0.994725,0.0795458,0,-0.0956213,0
corrected,242-R-mPFC-S1-NE_2023_01_06,25,2,Engaged,2.62755e-05,0.00240249,0.997571,0.998755,1,-0.383003,1
corrected,242-R-mPFC-S1-NE_2023_01_06,26,2,Engaged,2.68363e-05,0.000779213,0.999194,0.480459,1,-0.219812,0.1
corrected,242-R-mPFC-S1-NE_2023_01_06,27,2,Engaged,1.5975e-05,0.00293512,0.997049,0.135231,0,-0.508602,0.025
corrected,242-R-mPFC-S1-NE_2023_01_06,28,2,Engaged,1.6625e-05,0.00399631,0.995987,0.997928,1,0.0855253,1
corrected,242-R-mPFC-S1-NE_2023_01_06,29,2,Engaged,1.19917e-05,0.00289274,0.997095,0.135233,0,-0.764242,0.025
corrected,242-R-mPFC-S1-NE_2023_01_06,30,2,Engaged,1.58249e-05,0.000594455,0.99939,0.999403,1,-0.230124,0.5
corrected,242-R-mPFC-S1-NE_2023_01_06,31,2,Engaged,1.67577e-05,0.000472358,0.999511,0.480592,1,-0.16531,0.1
corrected,242-R-mPFC-S1-NE_2023_01_06,32,2,Engaged,1.04739e-05,0.00613389,0.993856,0.0794909,0,0.310255,0
corrected,242-R-mPFC-S1-NE_2023_01_06,33,2,Engaged,9.14492e-06,0.00511329,0.994878,0.134994,0,-0.418322,0.025
corrected,242-R-mPFC-S1-NE_2023_01_06,34,2,Engaged,1.35272e-05,0.000286124,0.9997,0.480673,1,-0.571464,0.1
corrected,242-R-mPFC-S1-NE_2023_01_06,35,2,Engaged,1.27192e-05,0.00112963,0.998858,0.968946,1,0.67551,0.25
corrected,242-R-mPFC-S1-NE_2023_01_06,36,2,Engaged,5.78256e-06,0.00547618,0.994518,0.134953,0,-0.666595,0.025
corrected,242-R-mPFC-S1-NE_2023_01_06,37,2,Engaged,4.26546e-06,0.00734154,0.992654,0.134752,0,-0.570081,0.025
corrected,242-R-mPFC-S1-NE_2023_01_06,38,2,Engaged,4.87622e-06,0.00317339,0.996822,0.0796465,0,-1.22035,0
corrected,242-R-mPFC-S1-NE_2023_01_06,39,2,Engaged,1.14023e-05,0.00113165,0.998857,0.999413,1,-0.0786981,1
corrected,242-R-mPFC-S1-NE_2023_01_06,40,2,Engaged,1.79769e-05,0.00134244,0.99864,0.998757,1,1.1527,0.5
corrected,242-R-mPFC-S1-NE_2023_01_06,41,2,Engaged,1.83783e-05,0.00206392,0.997918,0.99893,1,0.0694996,1
corrected,242-R-mPFC-S1-NE_2023_01_06,42,2,Engaged,1.50158e-05,0.00182394,0.998161,0.998341,1,-0.21686,0.5
corrected,242-R-mPFC-S1-NE_2023_01_06,43,2,Engaged,7.42122e-06,0.00593439,0.994058,0.134905,0,-0.614898,0.025
corrected,242-R-mPFC-S1-NE_2023_01_06,44,2,Engaged,5.17417e-06,0.00497922,0.995016,0.135006,0,-1.10212,0.025
corrected,242-R-mPFC-S1-NE_2023_01_06,45,2,Engaged,7.83778e-06,0.00438715,0.995605,0.0795831,0,-0.349605,0
corrected,242-R-mPFC-S1-NE_2023_01_06,46,2,Engaged,1.9897e-05,0.00400204,0.995978,0.220076,1,0.424587,0.05
corrected,242-R-mPFC-S1-NE_2023_01_06,47,2,Engaged,1.10772e-05,0.00830469,0.991684,0.134653,0,-0.428478,0.025
corrected,242-R-mPFC-S1-NE_2023_01_06,48,2,Engaged,9.74775e-06,0.00841896,0.991571,0.0793677,0,-0.634429,0
corrected,242-R-mPFC-S1-NE_2023_01_06,49,2,Engaged,1.33926e-05,0.00404431,0.995942,0.0796049,0,-1.02598,0
corrected,242-R-mPFC-S1-NE_2023_01_06,50,2,Engaged,3.08845e-05,0.000857985,0.999111,0.969192,1,-0.240126,0.25
corrected,242-R-mPFC-S1-NE_2023_01_06,51,2,Engaged,3.9201e-05,0.00066789,0.999293,0.0798018,0,-1.4644,0
corrected,242-R-mPFC-S1-NE_2023_01_06,52,2,Engaged,8.91836e-05,0.000235934,0.999675,0.999712,1,0.11432,0.5
corrected,242-R-mPFC-S1-NE_2023_01_06,53,2,Engaged,0.0001431,0.000362595,0.999494,0.969636,1,0.574806,0.25
corrected,242-R-mPFC-S1-NE_2023_01_06,54,2,Engaged,0.000178669,0.000695674,0.999126,0.135566,1,-0.650584,0.025
corrected,242-R-mPFC-S1-NE_2023_01_06,55,2,Engaged,0.000148523,0.00152172,0.99833,0.0798219,0,-0.88605,0
corrected,242-R-mPFC-S1-NE_2023_01_06,56,2,Engaged,0.000153647,0.000212661,0.999634,0.480751,1,-0.595264,0.1
corrected,242-R-mPFC-S1-NE_2023_01_06,57,2,Engaged,0.00014456,0.00102952,0.998826,0.220706,1,-0.024317,0.05
corrected,242-R-mPFC-S1-NE_2023_01_06,58,2,Engaged,5.74389e-05,0.0032719,0.996671,0.0796729,0,-0.804023,0
corrected,242-R-mPFC-S1-NE_2023_01_06,59,2,Engaged,3.01613e-05,0.00367535,0.996294,0.0796348,0,-0.565467,0
corrected,242-R-mPFC-S1-NE_2023_01_06,60,2,Engaged,2.66919e-05,0.00558275,0.994391,0.0795303,0,0.573459,0
corrected,242-R-mPFC-S1-NE_2023_01_06,61,2,Engaged,3.18482e-05,0.000646447,0.999322,0.999358,1,-0.213913,0.5
corrected,242-R-mPFC-S1-NE_2023_01_06,62,2,Engaged,4.33525e-05,0.00778707,0.99217,0.993191,1,2.43432,0.5
corrected,242-R-mPFC-S1-NE_2023_01_06,63,2,Engaged,3.88544e-05,0.00974578,0.990215,0.218995,0,-0.444502,0.05
corrected,242-R-mPFC-S1-NE_2023_01_06,64,2,Engaged,5.003e-05,0.00732499,0.992625,0.134781,0,-0.538453,0.025
corrected,242-R-mPFC-S1-NE_2023_01_06,65,2,Engaged,9.09716e-05,0.00042887,0.99948,0.969578,1,-0.7948,0.25
corrected,242-R-mPFC-S1-NE_2023_01_06,66,2,Engaged,0.000130543,0.000383143,0.999486,0.220821,1,-0.43928,0.05
corrected,242-R-mPFC-S1-NE_2023_01_06,67,2,Engaged,0.000129615,0.00203967,0.997831,0.135393,0,-0.0158,0.025
corrected,242-R-mPFC-S1-NE_2023_01_06,68,2,Engaged,0.000161189,0.000152068,0.999687,0.969826,1,-0.125437,0.25
corrected,242-R-mPFC-S1-NE_2023_01_06,69,2,Engaged,0.000197693,0.000249481,0.999553,0.480749,1,0.449671,0.1
corrected,242-R-mPFC-S1-NE_2023_01_06,70,2,Engaged,0.00020211,0.000237662,0.99956,0.220886,1,-0.324913,0.05
corrected,242-R-mPFC-S1-NE_2023_01_06,71,2,Engaged,0.00015383,0.000160414,0.999686,0.969819,1,-0.28198,0.25
corrected,242-R-mPFC-S1-NE_2023_01_06,72,2,Engaged,0.000102241,0.00061758,0.99928,0.999382,1,-0.487219,0.5
corrected,242-R-mPFC-S1-NE_2023_01_06,73,2,Engaged,4.32124e-05,0.002708,0.997249,0.220334,0,-0.772228,0.05
corrected,242-R-mPFC-S1-NE_2023_01_06,74,2,Engaged,2.74557e-05,0.002524,0.997449,0.135282,0,-0.402505,0.025
corrected,242-R-mPFC-S1-NE_2023_01_06,75,2,Engaged,2.78539e-05,0.000745217,0.999227,0.480474,1,0.109248,0.1
corrected,242-R-mPFC-S1-NE_2023_01_06,76,2,Engaged,1.38132e-05,0.000977915,0.999008,0.13544,0,-0.807239,0.025
corrected,242-R-mPFC-S1-NE_2023_01_06,77,2,Engaged,1.61081e-05,0.00350597,0.996478,0.220168,0,1.5561,0.05
corrected,242-R-mPFC-S1-NE_2023_01_06,78,2,Engaged,2.98197e-05,0.00227985,0.99769,0.967899,1,1.70352,0.25
corrected,242-R-mPFC-S1-NE_2023_01_06,79,2,Engaged,3.35609e-05,0.00412175,0.995845,0.997863,1,0.0698766,1
corrected,242-R-mPFC-S1-NE_2023_01_06,80,2,Engaged,3.07444e-05,0.00343996,0.996529,0.0796478,0,-0.891395,0
corrected,242-R-mPFC-S1-NE_2023_01_06,81,2,Engaged,4.3278e-05,0.00205384,0.997903,0.998935,1,-0.339383,1
corrected,242-R-mPFC-S1-NE_2023_01_06,82,2,Engaged,5.17039e-05,0.000330807,0.999617,0.480666,1,-0.525517,0.1
corrected,242-R-mPFC-S1-NE_2023_01_06,83,2,Engaged,4.89461e-05,0.00127608,0.998675,0.968811,1,-0.258221,0.25
corrected,242-R-mPFC-S1-NE_2023_01_06,84,1,Conservative,2.50728e-05,0.78661,0.213365,0.0375719,0,5.422,0
corrected,242-R-mPFC-S1-NE_2023_01_06,85,1,Conservative,3.09847e-05,0.80961,0.190359,0.234095,0,1.57854,0.25
corrected,242-R-mPFC-S1-NE_2023_01_06,86,2,Engaged,8.49334e-05,0.273386,0.726529,0.359438,1,0.546762,0.1
corrected,242-R-mPFC-S1-NE_2023_01_06,87,2,Engaged,3.97571e-05,0.219506,0.780455,0.112052,0,0.032879,0.025
corrected,242-R-mPFC-S1-NE_2023_01_06,88,2,Engaged,2.98947e-05,0.187013,0.812957,0.0697856,0,0.670498,0
corrected,242-R-mPFC-S1-NE_2023_01_06,89,2,Engaged,3.42918e-05,0.102552,0.897414,0.946839,1,-0.338665,1
corrected,242-R-mPFC-S1-NE_2023_01_06,90,2,Engaged,3.18653e-05,0.0989991,0.900969,0.202049,0,1.07685,0.05
corrected,242-R-mPFC-S1-NE_2023_01_06,91,2,Engaged,4.47468e-05,0.0473649,0.95259,0.975447,1,-0.37265,1
corrected,242-R-mPFC-S1-NE_2023_01_06,92,2,Engaged,4.63901e-05,0.0166491,0.983305,0.991369,1,-0.789182,1
corrected,242-R-mPFC-S1-NE_2023_01_06,93,2,Engaged,4.25321e-05,0.00548975,0.994468,0.997154,1,-0.586726,1
corrected,242-R-mPFC-S1-NE_2023_01_06,94,2,Engaged,3.60746e-05,0.00133677,0.998627,0.998762,1,-0.272067,0.5
corrected,242-R-mPFC-S1-NE_2023_01_06,95,2,Engaged,2.31495e-05,0.000254536,0.999722,0.999697,1,-0.977149,0.5
corrected,242-R-mPFC-S1-NE_2023_01_06,96,2,Engaged,1.69334e-05,0.00653855,0.993445,0.219593,0,1.52145,0.05
corrected,242-R-mPFC-S1-NE_2023_01_06,97,2,Engaged,1.62886e-05,0.000838835,0.999145,0.999192,1,0.121418,0.5
corrected,242-R-mPFC-S1-NE_2023_01_06,98,2,Engaged,1.38774e-05,0.000879513,0.999107,0.969173,1,0.743419,0.25
corrected,242-R-mPFC-S1-NE_2023_01_06,99,2,Engaged,7.19655e-06,0.00597466,0.994018,0.0794975,0,0.198212,0
corrected,242-R-mPFC-S1-NE_2023_01_06,100,2,Engaged,4.79479e-06,0.00491343,0.995082,0.219895,0,-0.454656,0.05
corrected,242-R-mPFC-S1-NE_2023_01_06,101,2,Engaged,6.13797e-06,0.00072789,0.999266,0.969311,1,-0.320951,0.25
corrected,242-R-mPFC-S1-NE_2023_01_06,102,2,Engaged,4.38569e-06,0.00194536,0.99805,0.13533,0,-0.419358,0.025
corrected,242-R-mPFC-S1-NE_2023_01_06,103,2,Engaged,6.67011e-06,0.00158714,0.998406,0.998546,1,0.178668,0.5
corrected,242-R-mPFC-S1-NE_2023_01_06,104,2,Engaged,5.06997e-06,0.00415676,0.995838,0.220039,0,-0.35465,0.05
corrected,242-R-mPFC-S1-NE_2023_01_06,105,2,Engaged,7.35414e-06,0.00348957,0.996503,0.998191,1,-0.238032,1
corrected,242-R-mPFC-S1-NE_2023_01_06,106,2,Engaged,7.36893e-06,0.00553434,0.994458,0.997131,1,0.229846,1
corrected,242-R-mPFC-S1-NE_2023_01_06,107,2,Engaged,4.26331e-06,0.00973995,0.990256,0.134496,0,0.225275,0.025
corrected,242-R-mPFC-S1-NE_2023_01_06,108,2,Engaged,3.8847e-06,0.00827767,0.991718,0.134652,0,-0.138065,0.025
corrected,242-R-mPFC-S1-NE_2023_01_06,109,2,Engaged,6.17537e-06,0.00271952,0.997274,0.997568,1,-0.271668,0.5
corrected,242-R-mPFC-S1-NE_2023_01_06,110,2,Engaged,4.90269e-06,0.00422128,0.995774,0.0795903,0,-0.394705,0
corrected,242-R-mPFC-S1-NE_2023_01_06,111,2,Engaged,7.14896e-06,0.00375457,0.996238,0.96656,1,-0.167049,0.25
corrected,242-R-mPFC-S1-NE_2023_01_06,112,2,Engaged,6.26231e-06,0.0348488,0.965145,0.131808,0,0.0532751,0.025
corrected,242-R-mPFC-S1-NE_2023_01_06,113,2,Engaged,9.18868e-06,0.0523561,0.947635,0.077007,0,-0.402149,0
corrected,242-R-mPFC-S1-NE_2023_01_06,114,2,Engaged,1.96032e-05,0.0661371,0.933843,0.909858,0,-0.532678,0.25
corrected,242-R-mPFC-S1-NE_2023_01_06,115,2,Engaged,2.45544e-05,0.0428015,0.957174,0.931068,1,1.82363,0.25
corrected,242-R-mPFC-S1-NE_2023_01_06,116,2,Engaged,1.55762e-05,0.037849,0.962135,0.131492,0,-0.467475,0.025
corrected,242-R-mPFC-S1-NE_2023_01_06,117,2,Engaged,1.5133e-05,0.0235445,0.97644,0.216364,0,-0.98895,0.05
corrected,242-R-mPFC-S1-NE_2023_01_06,118,2,Engaged,2.68782e-05,0.014941,0.985032,0.992255,1,-0.191507,1
corrected,242-R-mPFC-S1-NE_2023_01_06,119,2,Engaged,3.46006e-05,0.0136467,0.986319,0.134095,0,-0.0238808,0.025
corrected,242-R-mPFC-S1-NE_2023_01_06,120,2,Engaged,6.07643e-05,0.00127481,0.998664,0.220615,1,-0.956838,0.05
corrected,242-R-mPFC-S1-NE_2023_01_06,121,2,Engaged,5.98937e-05,0.00226597,0.997674,0.998825,1,0.390284,1
corrected,242-R-mPFC-S1-NE_2023_01_06,122,2,Engaged,5.15234e-05,0.000651859,0.999297,0.480523,1,-0.484847,0.1
corrected,242-R-mPFC-S1-NE_2023_01_06,123,2,Engaged,3.86188e-05,0.0196612,0.9803,0.472079,0,1.60926,0.1
corrected,242-R-mPFC-S1-NE_2023_01_06,124,2,Engaged,3.1353e-05,0.00207071,0.997898,0.968089,1,-0.779428,0.25
corrected,242-R-mPFC-S1-NE_2023_01_06,125,2,Engaged,2.23519e-05,0.00409961,0.995878,0.997875,1,-0.305573,1
corrected,242-R-mPFC-S1-NE_2023_01_06,126,2,Engaged,1.39436e-05,0.0172263,0.98276,0.1337,0,0.852352,0.025
corrected,242-R-mPFC-S1-NE_2023_01_06,127,2,Engaged,1.01265e-05,0.0105476,0.989442,0.0792536,0,-1.00504,0
corrected,242-R-mPFC-S1-NE_2023_01_06,128,2,Engaged,1.3852e-05,0.00718083,0.992805,0.0794367,0,-0.237431,0
corrected,242-R-mPFC-S1-NE_2023_01_06,129,2,Engaged,2.80387e-05,0.000518664,0.999453,0.9695,1,-0.325517,0.25
corrected,242-R-mPFC-S1-NE_2023_01_06,130,2,Engaged,3.86157e-05,0.0003134,0.999648,0.969686,1,-0.255776,0.25
corrected,242-R-mPFC-S1-NE_2023_01_06,131,2,Engaged,5.24434e-05,0.00812855,0.991819,0.134696,0,0.810268,0.025
corrected,242-R-mPFC-S1-NE_2023_01_06,132,2,Engaged,8.60571e-05,0.00359768,0.996316,0.998135,1,-0.695445,1
corrected,242-R-mPFC-S1-NE_2023_01_06,133,2,Engaged,0.000127634,0.00557683,0.994296,0.0795914,0,0.516203,0
corrected,242-R-mPFC-S1-NE_2023_01_06,134,2,Engaged,0.000233348,0.000478016,0.999289,0.480659,1,-0.326742,0.1
corrected,242-R-mPFC-S1-NE_2023_01_06,135,2,Engaged,0.000286419,0.000222909,0.999491,0.220934,1,-0.214061,0.05
corrected,242-R-mPFC-S1-NE_2023_01_06,136,2,Engaged,0.000280952,8.92783e-05,0.99963,0.480847,1,0.0315907,0.1
corrected,242-R-mPFC-S1-NE_2023_01_06,137,2,Engaged,0.000259553,0.000517027,0.999223,0.969489,1,0.859622,0.25
corrected,242-R-mPFC-S1-NE_2023_01_06,138,2,Engaged,0.000217308,0.00140745,0.998375,0.99927,1,-0.587273,1
corrected,242-R-mPFC-S1-NE_2023_01_06,139,2,Engaged,0.000168435,0.00130604,0.998526,0.999323,1,-0.826726,1
corrected,242-R-mPFC-S1-NE_2023_01_06,140,2,Engaged,0.000134018,0.00449224,0.995374,0.997671,1,0.471392,1
corrected,242-R-mPFC-S1-NE_2023_01_06,141,2,Engaged,8.43614e-05,0.00526716,0.994648,0.135021,0,-0.407917,0.025
corrected,242-R-mPFC-S1-NE_2023_01_06,142,2,Engaged,8.25539e-05,0.0121883,0.987729,0.218555,0,1.36463,0.05
corrected,242-R-mPFC-S1-NE_2023_01_06,143,2,Engaged,0.000100734,0.00766369,0.992236,0.996027,1,0.452023,1
corrected,242-R-mPFC-S1-NE_2023_01_06,144,2,Engaged,0.000108316,0.000607997,0.999284,0.99939,1,-0.514577,0.5
corrected,242-R-mPFC-S1-NE_2023_01_06,145,2,Engaged,0.000117803,0.000309934,0.999572,0.480696,1,0.419662,0.1
corrected,242-R-mPFC-S1-NE_2023_01_06,146,2,Engaged,0.000112037,0.00251503,0.997373,0.967681,1,0.697022,0.25
corrected,242-R-mPFC-S1-NE_2023_01_06,147,1,Conservative,7.42134e-06,0.999993,2.89769e-10,0.481618,0,6.66747,1
corrected,242-R-mPFC-S1-NE_2023_01_09,1,2,Engaged,0.0121152,0.00795494,0.97993,0.0866905,0,0.0203507,0
corrected,242-R-mPFC-S1-NE_2023_01_09,2,2,Engaged,0.0113605,0.0014641,0.987175,0.998446,1,-0.0763881,0.5
corrected,242-R-mPFC-S1-NE_2023_01_09,3,2,Engaged,0.0107208,0.00268111,0.986598,0.225967,0,0.537669,0.05
corrected,242-R-mPFC-S1-NE_2023_01_09,4,2,Engaged,0.0106058,0.00138375,0.98801,0.998529,1,0.968113,0.5
corrected,242-R-mPFC-S1-NE_2023_01_09,5,2,Engaged,0.0103765,0.000263588,0.98936,0.484029,1,-0.368047,0.1
corrected,242-R-mPFC-S1-NE_2023_01_09,6,2,Engaged,0.00989218,0.000248794,0.989859,0.225992,1,-0.623173,0.05
corrected,242-R-mPFC-S1-NE_2023_01_09,7,2,Engaged,0.00813201,0.000186036,0.991682,0.999608,1,-0.671726,0.5
corrected,242-R-mPFC-S1-NE_2023_01_09,8,2,Engaged,0.00668483,0.000725124,0.99259,0.139342,0,0.00164699,0.025
corrected,242-R-mPFC-S1-NE_2023_01_09,9,2,Engaged,0.00646969,0.00426496,0.989265,0.996116,1,2.85934,0.5
corrected,242-R-mPFC-S1-NE_2023_01_09,10,2,Engaged,0.0059036,0.00263749,0.991459,0.998628,1,-0.161201,1
corrected,242-R-mPFC-S1-NE_2023_01_09,11,2,Engaged,0.00540842,0.00317741,0.991414,0.138338,1,0.376197,0.025
corrected,242-R-mPFC-S1-NE_2023_01_09,12,2,Engaged,0.00228061,0.00752545,0.990194,0.220599,0,-0.02673,0.05
corrected,242-R-mPFC-S1-NE_2023_01_09,13,2,Engaged,0.00138452,0.0102228,0.988393,0.219614,0,0.431503,0.05
corrected,242-R-mPFC-S1-NE_2023_01_09,14,2,Engaged,0.0010287,0.00314715,0.995824,0.479731,1,-0.406413,0.1
corrected,242-R-mPFC-S1-NE_2023_01_09,15,2,Engaged,0.000389366,0.00845553,0.991155,0.134857,0,-0.462791,0.025
corrected,242-R-mPFC-S1-NE_2023_01_09,16,2,Engaged,0.000182124,0.010654,0.989164,0.0793515,0,-0.466635,0
corrected,242-R-mPFC-S1-NE_2023_01_09,17,2,Engaged,0.000120656,0.0131207,0.986759,0.218398,0,-0.00933551,0.05
corrected,242-R-mPFC-S1-NE_2023_01_09,18,2,Engaged,0.000102214,0.00703577,0.992862,0.0794977,0,-0.632729,0
corrected,242-R-mPFC-S1-NE_2023_01_09,19,2,Engaged,0.000112023,0.000588901,0.999299,0.969432,1,-0.32444,0.25
corrected,242-R-mPFC-S1-NE_2023_01_09,20,2,Engaged,0.000117227,0.000344207,0.999539,0.220821,1,-0.452102,0.05
corrected,242-R-mPFC-S1-NE_2023_01_09,21,2,Engaged,8.90877e-05,0.00209343,0.997817,0.998915,1,0.242738,1
corrected,242-R-mPFC-S1-NE_2023_01_09,22,2,Engaged,6.01866e-05,0.00516924,0.994771,0.0795727,0,0.547134,0
corrected,242-R-mPFC-S1-NE_2023_01_09,23,2,Engaged,5.52433e-05,0.00517955,0.994765,0.995443,1,0.584177,0.5
corrected,242-R-mPFC-S1-NE_2023_01_09,24,2,Engaged,4.85514e-05,0.0317402,0.968211,0.972504,1,1.30845,0.5
corrected,242-R-mPFC-S1-NE_2023_01_09,25,2,Engaged,2.25092e-05,0.0638772,0.9361,0.452441,0,-1.03101,0.1
corrected,242-R-mPFC-S1-NE_2023_01_09,26,1,Conservative,3.29474e-08,1,3.51972e-10,0.481614,0,4.34388,1
corrected,242-R-mPFC-S1-NE_2023_01_09,27,1,Conservative,1.48551e-06,0.986738,0.0132601,0.488489,1,0.156437,1
corrected,242-R-mPFC-S1-NE_2023_01_09,28,1,Conservative,8.62552e-07,0.976681,0.0233181,0.0273465,0,-0.932948,0
corrected,242-R-mPFC-S1-NE_2023_01_09,29,1,Conservative,5.17018e-07,0.974489,0.0255107,0.0311756,0,-0.57674,0.025
corrected,242-R-mPFC-S1-NE_2023_01_09,30,1,Conservative,4.26047e-07,0.973089,0.0269102,0.0361068,0,-0.841189,0.05
corrected,242-R-mPFC-S1-NE_2023_01_09,31,1,Conservative,4.24767e-07,0.975027,0.0249727,0.0274351,0,-0.71592,0
corrected,242-R-mPFC-S1-NE_2023_01_09,32,1,Conservative,3.67538e-07,0.981595,0.0184043,0.0344921,0,-0.659766,0.05
corrected,242-R-mPFC-S1-NE_2023_01_09,33,1,Conservative,1.71115e-07,1,7.15745e-09,0.481614,0,0.199745,1
corrected,242-R-mPFC-S1-NE_2023_01_09,34,2,Engaged,3.62871e-05,0.429226,0.570738,0.629218,1,-0.104444,0.5
corrected,242-R-mPFC-S1-NE_2023_01_09,35,2,Engaged,2.41064e-05,0.403295,0.596681,0.144282,0,0.809997,0.05
corrected,242-R-mPFC-S1-NE_2023_01_09,36,2,Engaged,2.69283e-05,0.319699,0.680274,0.338857,0,-0.0879558,0.1
corrected,242-R-mPFC-S1-NE_2023_01_09,37,2,Engaged,6.32022e-05,0.0844017,0.915535,0.956247,1,-0.715274,1
corrected,242-R-mPFC-S1-NE_2023_01_09,38,2,Engaged,6.81455e-05,0.0153163,0.984616,0.986688,1,-0.222999,0.5
corrected,242-R-mPFC-S1-NE_2023_01_09,39,2,Engaged,5.77702e-05,0.00409617,0.995846,0.996378,1,-0.621259,0.5
corrected,242-R-mPFC-S1-NE_2023_01_09,40,2,Engaged,4.48129e-05,0.00612701,0.993828,0.134906,0,-0.352809,0.025
corrected,242-R-mPFC-S1-NE_2023_01_09,41,2,Engaged,4.90309e-05,0.0051475,0.994803,0.997332,1,-0.321322,1
corrected,242-R-mPFC-S1-NE_2023_01_09,42,2,Engaged,5.07777e-05,0.00681182,0.993137,0.996469,1,-0.127993,1
corrected,242-R-mPFC-S1-NE_2023_01_09,43,2,Engaged,4.87676e-05,0.0106638,0.989287,0.134423,0,-0.235707,0.025
corrected,242-R-mPFC-S1-NE_2023_01_09,44,2,Engaged,6.3941e-05,0.00943258,0.990503,0.0793459,0,-0.547448,0
corrected,242-R-mPFC-S1-NE_2023_01_09,45,2,Engaged,0.000114578,0.00474583,0.99514,0.219985,0,-0.714536,0.05
corrected,242-R-mPFC-S1-NE_2023_01_09,46,2,Engaged,0.000314748,0.00106132,0.998624,0.998995,1,0.214557,0.5
corrected,242-R-mPFC-S1-NE_2023_01_09,47,2,Engaged,0.000483899,0.000376873,0.999139,0.221009,1,-0.132323,0.05
corrected,242-R-mPFC-S1-NE_2023_01_09,48,2,Engaged,0.000520693,0.000581273,0.998898,0.999405,1,0.0141789,0.5
corrected,242-R-mPFC-S1-NE_2023_01_09,49,2,Engaged,0.000545204,0.00122007,0.998235,0.0800772,1,-0.564328,0
corrected,242-R-mPFC-S1-NE_2023_01_09,50,2,Engaged,0.000410566,0.00465887,0.994931,0.997585,1,0.0367562,1
corrected,242-R-mPFC-S1-NE_2023_01_09,51,2,Engaged,0.000265209,0.00998497,0.98975,0.134621,0,-0.0736752,0.025
corrected,242-R-mPFC-S1-NE_2023_01_09,52,2,Engaged,0.00021247,0.00782743,0.99196,0.134821,0,-0.785984,0.025
corrected,242-R-mPFC-S1-NE_2023_01_09,53,2,Engaged,0.000211374,0.00447102,0.995318,0.220088,0,-0.48461,0.05
corrected,242-R-mPFC-S1-NE_2023_01_09,54,2,Engaged,0.000266427,0.000491877,0.999242,0.480664,1,0.178803,0.1
corrected,242-R-mPFC-S1-NE_2023_01_09,55,2,Engaged,0.000284925,0.000170118,0.999545,0.969803,1,0.038063,0.25
corrected,242-R-mPFC-S1-NE_2023_01_09,56,2,Engaged,0.000299464,0.000344591,0.999356,0.969643,1,-0.210264,0.25
corrected,242-R-mPFC-S1-NE_2023_01_09,57,2,Engaged,0.000310013,0.00325669,0.996433,0.47945,1,-0.46429,0.1
corrected,242-R-mPFC-S1-NE_2023_01_09,58,2,Engaged,0.000281071,0.0288248,0.970894,0.468088,0,-1.17866,0.1
corrected,242-R-mPFC-S1-NE_2023_01_09,59,2,Engaged,0.000311337,0.0717637,0.927925,0.128032,0,0.193318,0.025
corrected,242-R-mPFC-S1-NE_2023_01_09,60,2,Engaged,0.000406993,0.0830113,0.916582,0.8945,1,-0.950307,0.25
corrected,242-R-mPFC-S1-NE_2023_01_09,61,1,Conservative,0.000496532,0.650288,0.349216,0.0661834,0,-0.143295,0.025
corrected,242-R-mPFC-S1-NE_2023_01_09,62,1,Conservative,0.00078014,0.97475,0.0244701,0.158065,0,-0.886935,0.5
corrected,242-R-mPFC-S1-NE_2023_01_09,63,2,Engaged,0.00172033,0.132193,0.866086,0.196638,1,-0.637666,0.05
corrected,242-R-mPFC-S1-NE_2023_01_09,64,2,Engaged,0.00159859,0.0115601,0.986841,0.476179,1,-0.865883,0.1
corrected,242-R-mPFC-S1-NE_2023_01_09,65,2,Engaged,0.00139266,0.0117192,0.986888,0.959245,1,0.283813,0.25
corrected,242-R-mPFC-S1-NE_2023_01_09,66,2,Engaged,0.0011126,0.0603024,0.938585,0.947817,1,0.0383493,0.5
corrected,242-R-mPFC-S1-NE_2023_01_09,67,1,Conservative,0.000270551,0.558419,0.44131,0.0758906,0,0.386681,0.025
corrected,242-R-mPFC-S1-NE_2023_01_09,68,1,Conservative,4.236e-05,0.999756,0.000201779,0.136482,0,0.324424,0.5
corrected,242-R-mPFC-S1-NE_2023_01_09,69,1,Conservative,3.78126e-05,0.992452,0.00751024,0.485527,1,0.0100641,1
corrected,242-R-mPFC-S1-NE_2023_01_09,70,1,Conservative,2.77637e-05,0.991892,0.00808049,0.0684151,0,-0.454324,0.25
corrected,242-R-mPFC-S1-NE_2023_01_09,71,1,Conservative,2.72916e-05,0.925829,0.0741437,0.520063,1,-0.125299,1
corrected,242-R-mPFC-S1-NE_2023_01_09,72,1,Conservative,6.36521e-06,0.977215,0.0227783,0.046909,0,3.53762,0.1
corrected,242-R-mPFC-S1-NE_2023_01_09,73,1,Conservative,6.3511e-06,0.968551,0.0314423,0.0318149,0,0.61884,0.025
corrected,242-R-mPFC-S1-NE_2023_01_09,74,1,Conservative,1.41886e-05,0.943286,0.0567002,0.112595,0,-0.499837,0.25
corrected,242-R-mPFC-S1-NE_2023_01_09,75,2,Engaged,7.17203e-05,0.054511,0.945417,0.920423,1,-0.748369,0.25
corrected,242-R-mPFC-S1-NE_2023_01_09,76,2,Engaged,4.64653e-05,0.00967133,0.990282,0.991563,1,-0.656151,0.5
corrected,242-R-mPFC-S1-NE_2023_01_09,77,2,Engaged,3.06467e-05,0.0242034,0.975766,0.132962,0,1.81445,0.025
corrected,242-R-mPFC-S1-NE_2023_01_09,78,2,Engaged,2.13461e-05,0.00509375,0.994885,0.965342,1,-0.794124,0.25
corrected,242-R-mPFC-S1-NE_2023_01_09,79,2,Engaged,1.14214e-05,0.0164376,0.983551,0.473501,0,0.120804,0.1
corrected,242-R-mPFC-S1-NE_2023_01_09,80,2,Engaged,8.53155e-06,0.0162461,0.983745,0.133801,0,-0.124884,0.025
corrected,242-R-mPFC-S1-NE_2023_01_09,81,2,Engaged,1.18422e-05,0.0150539,0.984934,0.992196,1,0.192521,1
corrected,242-R-mPFC-S1-NE_2023_01_09,82,2,Engaged,1.11052e-05,0.0164559,0.983533,0.991469,1,-0.0943634,1
corrected,242-R-mPFC-S1-NE_2023_01_09,83,2,Engaged,6.4397e-06,0.0214653,0.978528,0.471267,0,-0.357266,0.1
corrected,242-R-mPFC-S1-NE_2023_01_09,84,2,Engaged,5.36272e-06,0.0147999,0.985195,0.218018,0,-0.678965,0.05
corrected,242-R-mPFC-S1-NE_2023_01_09,85,2,Engaged,8.83584e-06,0.00688904,0.993102,0.996429,1,-0.361722,1
corrected,242-R-mPFC-S1-NE_2023_01_09,86,2,Engaged,8.47515e-06,0.0026016,0.99739,0.99767,1,-0.475836,0.5
corrected,242-R-mPFC-S1-NE_2023_01_09,87,2,Engaged,5.92179e-06,0.00848103,0.991513,0.219218,0,0.113414,0.05
corrected,242-R-mPFC-S1-NE_2023_01_09,88,2,Engaged,6.51932e-06,0.00637082,0.993623,0.996697,1,-0.567952,1
corrected,242-R-mPFC-S1-NE_2023_01_09,89,2,Engaged,4.75991e-06,0.00944424,0.990551,0.219035,0,-0.0504134,0.05
corrected,242-R-mPFC-S1-NE_2023_01_09,90,2,Engaged,6.0102e-06,0.00655151,0.993442,0.134838,0,-0.377044,0.025
corrected,242-R-mPFC-S1-NE_2023_01_09,91,2,Engaged,1.37358e-05,0.00334388,0.996642,0.966933,1,0.16803,0.25
corrected,242-R-mPFC-S1-NE_2023_01_09,92,2,Engaged,1.58976e-05,0.00962522,0.990359,0.961224,1,-0.66651,0.25
corrected,242-R-mPFC-S1-NE_2023_01_09,93,2,Engaged,1.12409e-05,0.125838,0.874151,0.122066,0,-0.764719,0.025
corrected,242-R-mPFC-S1-NE_2023_01_09,94,2,Engaged,1.44825e-05,0.239936,0.76005,0.751888,0,-0.813131,0.25
corrected,242-R-mPFC-S1-NE_2023_01_09,95,2,Engaged,1.21449e-05,0.223073,0.776914,0.111654,0,0.425996,0.025
corrected,242-R-mPFC-S1-NE_2023_01_09,96,2,Engaged,1.78301e-05,0.168614,0.831368,0.912593,1,-0.489655,1
corrected,242-R-mPFC-S1-NE_2023_01_09,97,2,Engaged,1.59372e-05,0.156745,0.843239,0.918745,1,-0.241425,1
corrected,242-R-mPFC-S1-NE_2023_01_09,98,2,Engaged,9.58528e-06,0.174007,0.825984,0.0704721,0,0.049834,0
corrected,242-R-mPFC-S1-NE_2023_01_09,99,2,Engaged,9.63491e-06,0.474969,0.525021,0.0543041,0,3.44887,0
corrected,242-R-mPFC-S1-NE_2023_01_09,100,2,Engaged,1.52623e-05,0.456031,0.543954,0.555474,1,-0.520016,0.25
corrected,242-R-mPFC-S1-NE_2023_01_09,101,1,Conservative,5.31427e-06,0.638389,0.361606,0.0671724,0,-0.779384,0.025
corrected,242-R-mPFC-S1-NE_2023_01_09,102,1,Conservative,1.86231e-06,0.831062,0.168936,0.0465364,0,-0.761547,0.025
corrected,242-R-mPFC-S1-NE_2023_01_09,103,1,Conservative,1.00261e-08,1,3.90335e-10,0.481614,0,-1.01982,1
corrected,242-R-mPFC-S1-NE_2023_01_09,104,1,Conservative,2.76638e-08,0.999999,1.26171e-06,0.136273,0,-0.308576,0.5
corrected,242-R-mPFC-S1-NE_2023_01_09,105,1,Conservative,5.7974e-07,0.985829,0.0141706,0.0336886,0,-0.704127,0.05
corrected,242-R-mPFC-S1-NE_2023_01_09,106,1,Conservative,1.02447e-06,0.98322,0.0167794,0.0341841,0,0.338386,0.05
corrected,242-R-mPFC-S1-NE_2023_01_09,107,1,Conservative,3.73426e-06,0.974543,0.025453,0.158257,1,-0.485303,0.5
corrected,242-R-mPFC-S1-NE_2023_01_09,108,1,Conservative,1.92611e-07,0.999993,7.05523e-06,0.136278,0,-0.699875,0.5
corrected,242-R-mPFC-S1-NE_2023_01_09,109,1,Conservative,7.04562e-08,0.999889,0.000110726,0.0611475,0,0.383402,0.25
corrected,242-R-mPFC-S1-NE_2023_01_09,110,1,Conservative,3.22719e-07,0.993781,0.00621857,0.0291094,0,-0.779348,0.025
corrected,242-R-mPFC-S1-NE_2023_01_09,111,1,Conservative,3.6923e-07,0.994057,0.00594228,0.0394291,0,-0.156775,0.1
corrected,242-R-mPFC-S1-NE_2023_01_09,112,1,Conservative,8.53916e-07,0.994544,0.0054555,0.484442,1,-0.0683193,1
corrected,242-R-mPFC-S1-NE_2023_01_09,113,1,Conservative,3.91909e-09,1,2.62188e-11,0.481614,0,-0.797223,1
corrected,242-R-mPFC-S1-NE_2023_01_09,114,1,Conservative,1.20117e-07,0.998631,0.00136928,0.0261669,0,-0.249208,0
corrected,242-R-mPFC-S1-NE_2023_01_09,115,1,Conservative,5.11787e-09,1,8.26192e-11,0.481614,0,-0.476703,1
corrected,242-R-mPFC-S1-NE_2023_01_09,116,1,Conservative,8.47732e-07,0.97585,0.0241488,0.03103,0,-0.0959171,0.025
corrected,242-R-mPFC-S1-NE_2023_01_09,117,1,Conservative,4.54599e-08,0.999467,0.000532931,0.0370271,0,3.77259,0.1
corrected,242-R-mPFC-S1-NE_2023_01_09,118,1,Conservative,9.71712e-08,0.999996,3.44397e-06,0.136275,0,-0.294767,0.5
corrected,242-R-mPFC-S1-NE_2023_01_09,119,1,Conservative,2.9497e-06,0.973604,0.0263927,0.495297,1,-0.495769,1
corrected,242-R-mPFC-S1-NE_2023_01_09,120,1,Conservative,1.94506e-06,0.969449,0.0305486,0.0503556,0,-0.290172,0.1
corrected,242-R-mPFC-S1-NE_2023_01_09,121,1,Conservative,3.32354e-06,0.955141,0.0448554,0.504868,1,-0.675439,1
corrected,242-R-mPFC-S1-NE_2023_01_09,122,1,Conservative,1.53102e-06,0.956962,0.0430364,0.0284062,0,-0.853589,0
corrected,242-R-mPFC-S1-NE_2023_01_09,123,1,Conservative,7.42891e-07,0.970192,0.0298068,0.0316359,0,-0.321745,0.025
corrected,242-R-mPFC-S1-NE_2023_01_09,124,1,Conservative,3.60104e-07,0.993271,0.0067286,0.0671629,0,0.118828,0.25
corrected,242-R-mPFC-S1-NE_2023_01_09,125,1,Conservative,7.21137e-07,0.979417,0.020582,0.0459295,0,-0.250883,0.1
corrected,242-R-mPFC-S1-NE_2023_01_09,126,1,Conservative,1.55989e-09,1,2.28874e-11,0.481614,0,3.57739,1
corrected,242-R-mPFC-S1-NE_2023_01_09,127,1,Conservative,6.28618e-07,0.98608,0.0139191,0.0268414,0,0.610908,0
corrected,242-R-mPFC-S1-NE_2023_01_09,128,1,Conservative,8.90603e-08,0.998648,0.00135169,0.0312549,0,3.58971,0.05
corrected,242-R-mPFC-S1-NE_2023_01_09,129,1,Conservative,3.84553e-07,0.997366,0.0026336,0.0634409,0,-0.0810364,0.25
corrected,242-R-mPFC-S1-NE_2023_01_09,130,1,Conservative,1.63741e-06,0.941157,0.0588411,0.042169,0,-0.156244,0.05
corrected,242-R-mPFC-S1-NE_2023_01_09,131,1,Conservative,3.38768e-06,0.90684,0.0931569,0.0486843,0,0.552814,0.05
corrected,242-R-mPFC-S1-NE_2023_01_09,132,1,Conservative,1.31657e-05,0.814172,0.185815,0.577945,1,-0.492007,1
corrected,242-R-mPFC-S1-NE_2023_01_09,133,1,Conservative,1.18665e-05,0.80408,0.195908,0.123784,0,0.341368,0.1
corrected,242-R-mPFC-S1-NE_2023_01_09,134,1,Conservative,2.06622e-05,0.769005,0.230974,0.271003,1,0.176243,0.25
corrected,242-R-mPFC-S1-NE_2023_01_09,135,1,Conservative,9.40572e-06,0.891111,0.10888,0.160019,0,0.285641,0.25
corrected,242-R-mPFC-S1-NE_2023_01_09,136,1,Conservative,5.25694e-06,0.850882,0.149113,0.0444158,0,-0.00455452,0.025
corrected,242-R-mPFC-S1-NE_2023_01_09,137,1,Conservative,5.36635e-06,0.764735,0.23526,0.0756607,0,-0.952738,0.05
corrected,242-R-mPFC-S1-NE_2023_01_09,138,1,Conservative,7.94739e-06,0.752294,0.247698,0.350201,1,0.856459,0.5
corrected,242-R-mPFC-S1-NE_2023_01_09,139,1,Conservative,2.90252e-06,0.765388,0.23461,0.0755355,0,-0.948646,0.05
corrected,242-R-mPFC-S1-NE_2023_01_09,140,1,Conservative,1.38805e-06,0.785543,0.214456,0.132011,0,-0.678594,0.1
corrected,242-R-mPFC-S1-NE_2023_01_09,141,1,Conservative,1.09761e-06,0.78714,0.212859,0.131302,0,-0.840318,0.1
corrected,242-R-mPFC-S1-NE_2023_01_09,142,1,Conservative,1.38002e-06,0.777936,0.222063,0.0522256,0,-0.736641,0.025
corrected,242-R-mPFC-S1-NE_2023_01_09,143,1,Conservative,1.86313e-09,1,4.1331e-11,0.481614,0,3.11883,1
corrected,242-R-mPFC-S1-NE_2023_01_09,144,1,Conservative,5.70254e-08,0.99959,0.00040982,0.0369724,0,0.564508,0.1
corrected,242-R-mPFC-S1-NE_2023_01_09,145,1,Conservative,7.20126e-08,0.999997,3.07204e-06,0.136274,0,-0.448491,0.5
corrected,242-R-mPFC-S1-NE_2023_01_09,146,1,Conservative,1.43368e-06,0.984304,0.0156943,0.0437599,0,-0.0769593,0.1
corrected,242-R-mPFC-S1-NE_2023_01_09,147,1,Conservative,8.10548e-06,0.941794,0.0581976,0.186541,1,-0.781602,0.5
corrected,242-R-mPFC-S1-NE_2023_01_09,148,1,Conservative,9.14268e-07,0.997797,0.00220209,0.0630492,0,0.849237,0.25
corrected,242-R-mPFC-S1-NE_2023_01_09,149,1,Conservative,8.47834e-08,0.999917,8.26797e-05,0.0611221,0,1.04162,0.25
corrected,242-R-mPFC-S1-NE_2023_01_09,150,1,Conservative,1.68756e-07,0.997889,0.00211098,0.0286694,0,-0.583668,0.025
corrected,242-R-mPFC-S1-NE_2023_01_09,151,1,Conservative,1.57556e-08,1,4.6608e-07,0.136272,0,-0.203811,0.5
corrected,242-R-mPFC-S1-NE_2023_01_09,152,1,Conservative,3.45188e-08,1,1.3301e-07,0.136272,0,0.0539795,0.5
corrected,242-R-mPFC-S1-NE_2023_01_09,153,1,Conservative,1.29328e-06,0.999997,1.66616e-06,0.136274,0,-0.200763,0.5
corrected,242-R-mPFC-S1-NE_2023_01_09,154,1,Conservative,1.37855e-05,0.999649,0.000336933,0.0613648,0,2.65315,0.25
corrected,242-R-mPFC-S1-NE_2023_01_10,1,2,Engaged,0.00206157,0.00962219,0.988316,0.08054,0,-0.449503,0
corrected,242-R-mPFC-S1-NE_2023_01_10,2,2,Engaged,0.00146643,0.0100999,0.988434,0.135306,0,1.02766,0.025
corrected,242-R-mPFC-S1-NE_2023_01_10,3,2,Engaged,0.00128398,0.00759951,0.991117,0.99606,1,1.19471,1
corrected,242-R-mPFC-S1-NE_2023_01_10,4,2,Engaged,0.00102985,0.00160534,0.997365,0.480416,1,0.167902,0.1
corrected,242-R-mPFC-S1-NE_2023_01_10,5,2,Engaged,0.000587084,0.00412887,0.995284,0.135435,0,0.229021,0.025
corrected,242-R-mPFC-S1-NE_2023_01_10,6,2,Engaged,0.000458607,0.00469832,0.994843,0.997564,1,0.599911,1
corrected,242-R-mPFC-S1-NE_2023_01_10,7,2,Engaged,0.000293849,0.00324334,0.996463,0.99711,1,-0.157213,0.5
corrected,242-R-mPFC-S1-NE_2023_01_10,8,2,Engaged,0.000108828,0.00897032,0.990921,0.0793978,0,-0.42489,0
corrected,242-R-mPFC-S1-NE_2023_01_10,9,2,Engaged,4.49619e-05,0.0118078,0.988147,0.218607,0,-0.47414,0.05
corrected,242-R-mPFC-S1-NE_2023_01_10,10,2,Engaged,2.57333e-05,0.0109854,0.988989,0.134375,0,-0.434019,0.025
corrected,242-R-mPFC-S1-NE_2023_01_10,11,2,Engaged,2.43121e-05,0.0110242,0.988951,0.218745,0,0.213194,0.05
corrected,242-R-mPFC-S1-NE_2023_01_10,12,2,Engaged,4.36541e-05,0.0202884,0.979668,0.0787505,0,2.10761,0
corrected,242-R-mPFC-S1-NE_2023_01_10,13,2,Engaged,8.30062e-05,0.00334454,0.996572,0.997027,1,-0.0915917,0.5
corrected,242-R-mPFC-S1-NE_2023_01_10,14,2,Engaged,0.000106891,0.000399157,0.999494,0.480653,1,-0.461406,0.1
corrected,242-R-mPFC-S1-NE_2023_01_10,15,2,Engaged,0.000112299,0.000659565,0.999228,0.999658,1,-0.365355,1
corrected,242-R-mPFC-S1-NE_2023_01_10,16,2,Engaged,0.000117527,0.000191788,0.999691,0.999749,1,0.0164875,0.5
corrected,242-R-mPFC-S1-NE_2023_01_10,17,2,Engaged,0.000126437,0.000673744,0.9992,0.999333,1,0.938323,0.5
corrected,242-R-mPFC-S1-NE_2023_01_10,18,2,Engaged,0.000123807,0.000468465,0.999408,0.99951,1,-0.238954,0.5
corrected,242-R-mPFC-S1-NE_2023_01_10,19,2,Engaged,0.000114564,0.000443648,0.999442,0.99977,1,-0.772298,1
corrected,242-R-mPFC-S1-NE_2023_01_10,20,2,Engaged,0.000109777,0.000296241,0.999594,0.999659,1,0.2398,0.5
corrected,242-R-mPFC-S1-NE_2023_01_10,21,2,Engaged,0.000103428,0.000639077,0.999257,0.999363,1,0.426243,0.5
corrected,242-R-mPFC-S1-NE_2023_01_10,22,2,Engaged,8.5912e-05,0.000421901,0.999492,0.999551,1,-0.713441,0.5
corrected,242-R-mPFC-S1-NE_2023_01_10,23,2,Engaged,6.66184e-05,0.00151303,0.99842,0.999216,1,-0.609055,1
corrected,242-R-mPFC-S1-NE_2023_01_10,24,2,Engaged,4.55902e-05,0.00281545,0.997139,0.135261,0,-0.443597,0.025
corrected,242-R-mPFC-S1-NE_2023_01_10,25,2,Engaged,4.32838e-05,0.000368833,0.999588,0.969636,1,-0.658107,0.25
corrected,242-R-mPFC-S1-NE_2023_01_10,26,2,Engaged,3.87111e-05,0.00117365,0.998788,0.0797744,0,-0.630687,0
corrected,242-R-mPFC-S1-NE_2023_01_10,27,2,Engaged,6.16208e-05,0.00549789,0.99444,0.99715,1,1.67235,1
corrected,242-R-mPFC-S1-NE_2023_01_10,28,2,Engaged,8.60987e-05,0.023211,0.976703,0.0786191,0,2.7102,0
corrected,242-R-mPFC-S1-NE_2023_01_10,29,2,Engaged,0.000131155,0.00410658,0.995762,0.479015,1,-0.126566,0.1
corrected,242-R-mPFC-S1-NE_2023_01_10,30,2,Engaged,0.00014247,0.00590394,0.993954,0.0795828,0,-0.0138404,0
corrected,242-R-mPFC-S1-NE_2023_01_10,31,2,Engaged,0.000194161,0.00371643,0.996089,0.998073,1,-0.240778,1
corrected,242-R-mPFC-S1-NE_2023_01_10,32,2,Engaged,0.000232018,0.000315484,0.999452,0.480731,1,-0.933064,0.1
corrected,242-R-mPFC-S1-NE_2023_01_10,33,2,Engaged,0.000243842,0.000161629,0.999595,0.969813,1,-0.77098,0.25
corrected,242-R-mPFC-S1-NE_2023_01_10,34,2,Engaged,0.000256553,0.00134213,0.998401,0.135542,0,-0.609743,0.025
corrected,242-R-mPFC-S1-NE_2023_01_10,35,2,Engaged,0.000341515,0.000444784,0.999214,0.220921,1,-0.138056,0.05
corrected,242-R-mPFC-S1-NE_2023_01_10,36,2,Engaged,0.000352039,0.00141546,0.998233,0.999266,1,0.315229,1
corrected,242-R-mPFC-S1-NE_2023_01_10,37,2,Engaged,0.000355086,0.000809068,0.998836,0.999212,1,-0.0489075,0.5
corrected,242-R-mPFC-S1-NE_2023_01_10,38,2,Engaged,0.000347227,0.00109456,0.998558,0.999432,1,-0.700551,1
corrected,242-R-mPFC-S1-NE_2023_01_10,39,2,Engaged,0.000333374,0.00013422,0.999532,0.480844,1,-0.964296,0.1
corrected,242-R-mPFC-S1-NE_2023_01_10,40,2,Engaged,0.000297587,0.00026333,0.999439,0.999684,1,-0.449722,0.5
corrected,242-R-mPFC-S1-NE_2023_01_10,41,2,Engaged,0.000256839,0.000246335,0.999497,0.999699,1,-0.635824,0.5
corrected,242-R-mPFC-S1-NE_2023_01_10,42,2,Engaged,0.000215125,0.000385057,0.9994,0.99958,1,-0.565204,0.5
corrected,242-R-mPFC-S1-NE_2023_01_10,43,2,Engaged,0.000168109,0.00106755,0.998764,0.480376,1,-0.761819,0.1
corrected,242-R-mPFC-S1-NE_2023_01_10,44,2,Engaged,7.85408e-05,0.0160078,0.983914,0.0790015,0,-0.527211,0
corrected,242-R-mPFC-S1-NE_2023_01_10,45,2,Engaged,4.66165e-05,0.0251545,0.974799,0.216075,0,-0.878862,0.05
corrected,242-R-mPFC-S1-NE_2023_01_10,46,2,Engaged,4.25894e-05,0.0370561,0.962901,0.93629,1,-0.305886,0.25
corrected,242-R-mPFC-S1-NE_2023_01_10,47,2,Engaged,1.41046e-05,0.416629,0.583357,0.141745,0,0.257487,0.05
corrected,242-R-mPFC-S1-NE_2023_01_10,48,1,Conservative,5.70856e-06,0.837838,0.162156,0.0348081,0,0.618061,0
corrected,242-R-mPFC-S1-NE_2023_01_10,49,1,Conservative,5.19397e-06,0.996188,0.00380681,0.139564,0,-0.67949,0.5
corrected,242-R-mPFC-S1-NE_2023_01_10,50,1,Conservative,7.86971e-06,0.734305,0.265687,0.0569018,0,-0.346417,0.025
corrected,242-R-mPFC-S1-NE_2023_01_10,51,2,Engaged,1.40926e-05,0.428717,0.571269,0.0896319,0,-0.55064,0.025
corrected,242-R-mPFC-S1-NE_2023_01_10,52,2,Engaged,3.01515e-05,0.177551,0.822419,0.116539,0,-0.289857,0.025
corrected,242-R-mPFC-S1-NE_2023_01_10,53,2,Engaged,7.01643e-05,0.0386586,0.961271,0.966528,1,0.538894,0.5
corrected,242-R-mPFC-S1-NE_2023_01_10,54,2,Engaged,7.39711e-05,0.0178334,0.982093,0.984514,1,0.311802,0.5
corrected,242-R-mPFC-S1-NE_2023_01_10,55,2,Engaged,7.25522e-05,0.0274104,0.972517,0.0783853,0,0.822274,0
corrected,242-R-mPFC-S1-NE_2023_01_10,56,2,Engaged,8.68609e-05,0.0209394,0.978974,0.950936,1,-0.429978,0.25
corrected,242-R-mPFC-S1-NE_2023_01_10,57,2,Engaged,9.48298e-05,0.0807534,0.919152,0.896569,0,-0.195461,0.25
corrected,242-R-mPFC-S1-NE_2023_01_10,58,2,Engaged,8.29138e-05,0.0153942,0.984523,0.98662,1,-0.450109,0.5
corrected,242-R-mPFC-S1-NE_2023_01_10,59,2,Engaged,7.11697e-05,0.0210524,0.978876,0.133323,0,1.16309,0.025
corrected,242-R-mPFC-S1-NE_2023_01_10,60,2,Engaged,7.30846e-05,0.0043481,0.995579,0.220038,1,-0.644664,0.05
corrected,242-R-mPFC-S1-NE_2023_01_10,61,2,Engaged,4.58775e-05,0.00959037,0.990364,0.219029,0,0.649748,0.05
corrected,242-R-mPFC-S1-NE_2023_01_10,62,2,Engaged,3.6224e-05,0.00310069,0.996863,0.479431,1,-0.543936,0.1
corrected,242-R-mPFC-S1-NE_2023_01_10,63,2,Engaged,1.30652e-05,0.012556,0.987431,0.0791474,0,-0.101731,0
corrected,242-R-mPFC-S1-NE_2023_01_10,64,2,Engaged,4.99675e-06,0.018831,0.981164,0.133522,0,-0.15178,0.025
corrected,242-R-mPFC-S1-NE_2023_01_10,65,2,Engaged,2.97208e-06,0.0259694,0.974028,0.132757,0,0.302386,0.025
corrected,242-R-mPFC-S1-NE_2023_01_10,66,2,Engaged,2.10953e-06,0.0208096,0.979188,0.216876,0,-0.6006,0.05
corrected,242-R-mPFC-S1-NE_2023_01_10,67,2,Engaged,2.68012e-06,0.0134555,0.986542,0.0790929,0,-0.393014,0
corrected,242-R-mPFC-S1-NE_2023_01_10,68,2,Engaged,6.4118e-06,0.0128016,0.987192,0.958337,1,0.826889,0.25
corrected,242-R-mPFC-S1-NE_2023_01_10,69,2,Engaged,5.27658e-06,0.0474783,0.952516,0.459717,0,0.263656,0.1
corrected,242-R-mPFC-S1-NE_2023_01_10,70,1,Conservative,4.6544e-06,0.571823,0.428172,0.226905,0,5.35014,0.1
corrected,242-R-mPFC-S1-NE_2023_01_10,71,1,Conservative,7.6774e-06,0.567395,0.432597,0.70587,1,2.02991,1
corrected,242-R-mPFC-S1-NE_2023_01_10,72,2,Engaged,4.05617e-06,0.474584,0.525412,0.130738,0,-0.884943,0.05
corrected,242-R-mPFC-S1-NE_2023_01_10,73,2,Engaged,2.97638e-06,0.385961,0.614036,0.0590817,0,-0.748355,0
corrected,242-R-mPFC-S1-NE_2023_01_10,74,2,Engaged,3.06143e-06,0.375932,0.624065,0.149465,0,0.929115,0.05
corrected,242-R-mPFC-S1-NE_2023_01_10,75,2,Engaged,5.57352e-06,0.285839,0.714155,0.0644619,0,-0.568804,0
corrected,242-R-mPFC-S1-NE_2023_01_10,76,2,Engaged,1.11553e-05,0.237531,0.762458,0.375334,0,0.109758,0.1
corrected,242-R-mPFC-S1-NE_2023_01_10,77,2,Engaged,3.79825e-05,0.0773521,0.92261,0.0756816,0,-0.626237,0
corrected,242-R-mPFC-S1-NE_2023_01_10,78,2,Engaged,9.50305e-05,0.0114494,0.988456,0.475743,1,0.490693,0.1
corrected,242-R-mPFC-S1-NE_2023_01_10,79,2,Engaged,9.47683e-05,0.000865916,0.999039,0.480442,1,-0.548424,0.1
corrected,242-R-mPFC-S1-NE_2023_01_10,80,2,Engaged,7.95454e-05,0.00103853,0.998882,0.0798062,0,-0.0671119,0
corrected,242-R-mPFC-S1-NE_2023_01_10,81,2,Engaged,9.3522e-05,0.000623221,0.999283,0.480549,1,1.17391,0.1
corrected,242-R-mPFC-S1-NE_2023_01_10,82,2,Engaged,8.14758e-05,0.000171603,0.999747,0.969813,1,-0.362719,0.25
corrected,242-R-mPFC-S1-NE_2023_01_10,83,2,Engaged,6.65771e-05,0.000431723,0.999502,0.999543,1,-0.538755,0.5
corrected,242-R-mPFC-S1-NE_2023_01_10,84,2,Engaged,5.13644e-05,0.00304113,0.996908,0.998423,1,-0.165679,1
corrected,242-R-mPFC-S1-NE_2023_01_10,85,2,Engaged,3.08108e-05,0.00548026,0.994489,0.0795383,0,-0.496092,0
corrected,242-R-mPFC-S1-NE_2023_01_10,86,2,Engaged,2.58579e-05,0.00416254,0.995812,0.0796061,0,-0.750562,0
corrected,242-R-mPFC-S1-NE_2023_01_10,87,2,Engaged,3.21322e-05,0.000323767,0.999644,0.480662,1,-0.741666,0.1
corrected,242-R-mPFC-S1-NE_2023_01_10,88,2,Engaged,2.8804e-05,0.000189119,0.999782,0.9698,1,-0.448269,0.25
corrected,242-R-mPFC-S1-NE_2023_01_10,89,2,Engaged,2.53892e-05,0.00304418,0.99693,0.998422,1,0.175257,1
corrected,242-R-mPFC-S1-NE_2023_01_10,90,2,Engaged,1.60411e-05,0.00376581,0.996218,0.220119,0,-0.63126,0.05
corrected,242-R-mPFC-S1-NE_2023_01_10,91,2,Engaged,1.60139e-05,0.000406587,0.999577,0.999565,1,-0.796015,0.5
corrected,242-R-mPFC-S1-NE_2023_01_10,92,2,Engaged,1.56699e-05,0.000883779,0.999101,0.999153,1,0.257592,0.5
corrected,242-R-mPFC-S1-NE_2023_01_10,93,2,Engaged,1.13457e-05,0.00334202,0.996647,0.135185,0,-0.141983,0.025
corrected,242-R-mPFC-S1-NE_2023_01_10,94,2,Engaged,1.24023e-05,0.000444001,0.999544,0.969569,1,-0.786584,0.25
corrected,242-R-mPFC-S1-NE_2023_01_10,95,2,Engaged,1.16422e-05,0.00241142,0.997577,0.220373,0,-0.38145,0.05
corrected,242-R-mPFC-S1-NE_2023_01_10,96,2,Engaged,1.88971e-05,0.00125571,0.998725,0.999349,1,-0.237102,1
corrected,242-R-mPFC-S1-NE_2023_01_10,97,2,Engaged,2.44187e-05,0.000474314,0.999501,0.969541,1,0.180763,0.25
corrected,242-R-mPFC-S1-NE_2023_01_10,98,2,Engaged,2.55039e-05,0.00179855,0.998176,0.999068,1,-0.395839,1
corrected,242-R-mPFC-S1-NE_2023_01_10,99,2,Engaged,2.22469e-05,0.00182868,0.998149,0.96831,1,-0.845339,0.25
corrected,242-R-mPFC-S1-NE_2023_01_10,100,2,Engaged,1.73807e-05,0.0342452,0.965737,0.982248,1,-0.122794,1
corrected,242-R-mPFC-S1-NE_2023_01_10,101,2,Engaged,6.75059e-06,0.154077,0.845916,0.412387,0,0.555981,0.1
corrected,242-R-mPFC-S1-NE_2023_01_10,102,2,Engaged,3.63026e-06,0.186164,0.813832,0.115601,0,-0.191116,0.025
corrected,242-R-mPFC-S1-NE_2023_01_10,103,2,Engaged,3.16519e-06,0.205985,0.794012,0.0687503,0,-0.509294,0
corrected,242-R-mPFC-S1-NE_2023_01_10,104,1,Conservative,6.71791e-07,0.995477,0.00452238,0.0651579,0,4.11247,0.25
corrected,242-R-mPFC-S1-NE_2023_01_10,105,1,Conservative,6.60103e-07,0.999979,2.00006e-05,0.136289,0,2.10202,0.5
corrected,242-R-mPFC-S1-NE_2023_01_10,106,1,Conservative,3.22204e-05,0.739138,0.260829,0.616841,1,0.0830419,1
corrected,242-R-mPFC-S1-NE_2023_01_10,107,1,Conservative,3.48358e-05,0.630602,0.369363,0.101138,0,0.15174,0.05
corrected,242-R-mPFC-S1-NE_2023_01_10,108,1,Conservative,6.60707e-05,0.510264,0.48967,0.254257,0,0.223345,0.1
corrected,242-R-mPFC-S1-NE_2023_01_10,109,2,Engaged,0.000281661,0.0646045,0.935114,0.20871,1,-0.777305,0.05
corrected,242-R-mPFC-S1-NE_2023_01_10,110,2,Engaged,0.000227877,0.00722995,0.992542,0.993669,1,-0.877607,0.5
corrected,242-R-mPFC-S1-NE_2023_01_10,111,2,Engaged,0.000165847,0.000578216,0.999256,0.969438,1,-0.868125,0.25
corrected,242-R-mPFC-S1-NE_2023_01_10,112,2,Engaged,0.000103837,0.00058711,0.999309,0.999408,1,-0.883029,0.5
corrected,242-R-mPFC-S1-NE_2023_01_10,113,2,Engaged,4.71696e-05,0.00443685,0.995516,0.135088,0,-0.397637,0.025
corrected,242-R-mPFC-S1-NE_2023_01_10,114,2,Engaged,2.87772e-05,0.00433178,0.995639,0.135089,0,-0.606143,0.025
corrected,242-R-mPFC-S1-NE_2023_01_10,115,2,Engaged,3.05666e-05,0.00650218,0.993467,0.0794832,0,0.70244,0
corrected,242-R-mPFC-S1-NE_2023_01_10,116,2,Engaged,4.30393e-05,0.00106901,0.998888,0.480335,1,-0.162744,0.1
corrected,242-R-mPFC-S1-NE_2023_01_10,117,2,Engaged,3.98385e-05,0.000921958,0.999038,0.999522,1,-0.744136,1
corrected,242-R-mPFC-S1-NE_2023_01_10,118,2,Engaged,3.47365e-05,0.000292004,0.999673,0.480677,1,-0.519837,0.1
corrected,242-R-mPFC-S1-NE_2023_01_10,119,2,Engaged,2.16748e-05,0.0040626,0.995916,0.0796089,0,0.365929,0
corrected,242-R-mPFC-S1-NE_2023_01_10,120,2,Engaged,1.82055e-05,0.00207694,0.997905,0.968084,1,-0.319131,0.25
corrected,242-R-mPFC-S1-NE_2023_01_10,121,2,Engaged,1.11615e-05,0.0121534,0.987835,0.134241,0,-0.469327,0.025
corrected,242-R-mPFC-S1-NE_2023_01_10,122,2,Engaged,1.05708e-05,0.0156205,0.984369,0.0789813,0,-0.937064,0
corrected,242-R-mPFC-S1-NE_2023_01_10,123,2,Engaged,1.78523e-05,0.0213357,0.978646,0.98894,1,-0.412736,1
corrected,242-R-mPFC-S1-NE_2023_01_10,124,2,Engaged,2.61486e-05,0.0834015,0.916572,0.894166,1,1.21571,0.25
corrected,242-R-mPFC-S1-NE_2023_01_10,125,1,Conservative,3.33438e-06,0.999997,8.38869e-08,0.481616,0,1.12266,1
corrected,242-R-mPFC-S1-NE_2023_01_10,126,1,Conservative,4.45807e-05,0.531409,0.468547,0.724525,1,-0.681175,1
corrected,242-R-mPFC-S1-NE_2023_01_10,127,2,Engaged,4.19825e-05,0.358515,0.641443,0.814151,1,-0.520301,1
corrected,242-R-mPFC-S1-NE_2023_01_10,128,2,Engaged,2.07553e-05,0.254991,0.744988,0.108241,0,-1.03359,0.025
corrected,242-R-mPFC-S1-NE_2023_01_10,129,2,Engaged,1.67776e-05,0.161548,0.838435,0.0711457,0,-0.976382,0
corrected,242-R-mPFC-S1-NE_2023_01_10,130,2,Engaged,2.27851e-05,0.0934443,0.906533,0.125542,0,-0.688239,0.025
corrected,242-R-mPFC-S1-NE_2023_01_10,131,2,Engaged,4.7867e-05,0.037937,0.962015,0.980334,1,-0.398631,1
corrected,242-R-mPFC-S1-NE_2023_01_10,132,2,Engaged,5.92396e-05,0.01006,0.989881,0.994785,1,-0.579751,1
corrected,242-R-mPFC-S1-NE_2023_01_10,133,2,Engaged,6.50029e-05,0.000987469,0.998948,0.480378,1,-0.139843,0.1
corrected,242-R-mPFC-S1-NE_2023_01_10,134,2,Engaged,5.4659e-05,0.000441465,0.999504,0.969569,1,-0.274109,0.25
corrected,242-R-mPFC-S1-NE_2023_01_10,135,2,Engaged,4.94221e-05,0.0161628,0.983788,0.985957,1,1.37323,0.5
corrected,242-R-mPFC-S1-NE_2023_01_10,136,1,Conservative,1.20301e-05,0.624143,0.375845,0.0687019,0,3.77729,0.025
corrected,242-R-mPFC-S1-NE_2023_01_10,137,1,Conservative,1.53668e-07,0.999989,1.1179e-05,0.136281,0,3.69057,0.5
corrected,242-R-mPFC-S1-NE_2023_01_10,138,1,Conservative,1.28552e-07,0.998678,0.00132186,0.0312492,0,1.54934,0.05
corrected,242-R-mPFC-S1-NE_2023_01_10,139,1,Conservative,1.69057e-07,0.997961,0.00203908,0.0286617,0,0.81005,0.025
corrected,242-R-mPFC-S1-NE_2023_01_10,140,1,Conservative,1.20343e-07,0.999914,8.55365e-05,0.0611247,0,0.787728,0.25
corrected,242-R-mPFC-S1-NE_2023_01_10,141,1,Conservative,1.18557e-06,0.998921,0.0010781,0.03727,0,-0.301462,0.1
corrected,242-R-mPFC-S1-NE_2023_01_10,142,1,Conservative,5.42459e-06,0.999913,8.18013e-05,0.136347,0,-0.177652,0.5
corrected,242-R-mPFC-S1-NE_2023_01_10,143,2,Engaged,0.000194858,0.414636,0.585169,0.785058,1,-0.495766,1
corrected,242-R-mPFC-S1-NE_2023_01_10,144,2,Engaged,0.000262506,0.121925,0.877812,0.936796,1,-0.722898,1
corrected,242-R-mPFC-S1-NE_2023_01_10,145,2,Engaged,0.000272329,0.0125623,0.987165,0.95854,1,-0.56585,0.25
corrected,242-R-mPFC-S1-NE_2023_01_10,146,2,Engaged,0.000251414,0.00699012,0.992758,0.0795901,0,-0.723808,0
corrected,242-R-mPFC-S1-NE_2023_01_10,147,2,Engaged,0.000279976,0.00307686,0.996643,0.997254,1,-0.0356059,0.5
corrected,242-R-mPFC-S1-NE_2023_01_10,148,2,Engaged,0.000300409,0.00586564,0.993834,0.0796801,0,-0.236588,0
corrected,242-R-mPFC-S1-NE_2023_01_10,149,2,Engaged,0.000383418,0.0043852,0.995231,0.996123,1,-0.560119,0.5
corrected,242-R-mPFC-S1-NE_2023_01_10,150,2,Engaged,0.000452489,0.0121484,0.987399,0.0794342,0,-0.887383,0
corrected,242-R-mPFC-S1-NE_2023_01_11,1,2,Engaged,0.00208828,0.0106809,0.987231,0.219898,0,0.209345,0.05
corrected,242-R-mPFC-S1-NE_2023_01_11,2,2,Engaged,0.00146137,0.00730553,0.991233,0.993581,1,0.532841,0.5
corrected,242-R-mPFC-S1-NE_2023_01_11,3,2,Engaged,0.000753235,0.0154509,0.983796,0.134319,0,0.279539,0.025
corrected,242-R-mPFC-S1-NE_2023_01_11,4,2,Engaged,0.000553107,0.0256847,0.973762,0.946597,1,0.878485,0.25
corrected,242-R-mPFC-S1-NE_2023_01_11,5,2,Engaged,0.000168582,0.130333,0.869499,0.121676,0,0.0877023,0.025
corrected,242-R-mPFC-S1-NE_2023_01_11,6,2,Engaged,5.13182e-05,0.235917,0.764032,0.176069,0,0.198585,0.05
corrected,242-R-mPFC-S1-NE_2023_01_11,7,2,Engaged,1.85865e-05,0.292241,0.707741,0.10425,0,-0.336355,0.025
corrected,242-R-mPFC-S1-NE_2023_01_11,8,2,Engaged,8.75549e-06,0.375622,0.624369,0.0596406,0,0.178379,0
corrected,242-R-mPFC-S1-NE_2023_01_11,9,1,Conservative,3.49826e-06,0.723971,0.276025,0.0409238,0,2.0223,0
corrected,242-R-mPFC-S1-NE_2023_01_11,10,1,Conservative,9.85544e-07,0.999782,0.000216619,0.136459,0,1.87058,0.5
corrected,242-R-mPFC-S1-NE_2023_01_11,11,1,Conservative,1.92787e-09,1,1.93147e-09,0.136272,0,5.6391,0.5
corrected,242-R-mPFC-S1-NE_2023_01_11,12,1,Conservative,7.78454e-08,1,3.00755e-10,0.481614,0,0.10136,1
corrected,242-R-mPFC-S1-NE_2023_01_11,13,1,Conservative,4.35837e-05,0.743633,0.256324,0.0796866,0,0.0285906,0.05
corrected,242-R-mPFC-S1-NE_2023_01_11,14,2,Engaged,0.000216505,0.355136,0.644647,0.815902,1,-0.341207,1
corrected,242-R-mPFC-S1-NE_2023_01_11,15,2,Engaged,0.000270935,0.244614,0.755115,0.174533,0,0.206963,0.05
corrected,242-R-mPFC-S1-NE_2023_01_11,16,2,Engaged,0.000561507,0.0279692,0.971469,0.215812,1,-0.454263,0.05
corrected,242-R-mPFC-S1-NE_2023_01_11,17,2,Engaged,0.000536151,0.00266736,0.996796,0.967519,1,-0.35975,0.25
corrected,242-R-mPFC-S1-NE_2023_01_11,18,2,Engaged,0.00049985,0.00177909,0.997721,0.999077,1,-0.535195,1
corrected,242-R-mPFC-S1-NE_2023_01_11,19,2,Engaged,0.000465243,0.00151578,0.998019,0.480273,1,-0.252648,0.1
corrected,242-R-mPFC-S1-NE_2023_01_11,20,2,Engaged,0.000396974,0.0227477,0.976855,0.988208,1,0.552072,1
corrected,242-R-mPFC-S1-NE_2023_01_11,21,2,Engaged,0.000264587,0.446564,0.553172,0.136195,0,3.6549,0.05
corrected,242-R-mPFC-S1-NE_2023_01_11,22,2,Engaged,0.000256927,0.436358,0.563385,0.287133,1,-0.249023,0.1
corrected,242-R-mPFC-S1-NE_2023_01_11,23,1,Conservative,9.43382e-05,0.80412,0.195785,0.123793,0,0.471517,0.1
corrected,242-R-mPFC-S1-NE_2023_01_11,24,1,Conservative,6.60219e-05,0.997006,0.00292812,0.138856,0,0.382557,0.5
corrected,242-R-mPFC-S1-NE_2023_01_11,25,1,Conservative,7.69728e-05,0.593601,0.406322,0.108184,0,-0.367733,0.05
corrected,242-R-mPFC-S1-NE_2023_01_11,26,2,Engaged,0.000172453,0.0156753,0.984152,0.955716,1,-0.718074,0.25
corrected,242-R-mPFC-S1-NE_2023_01_11,27,2,Engaged,0.00016671,0.00429289,0.99554,0.996206,1,0.613815,0.5
corrected,242-R-mPFC-S1-NE_2023_01_11,28,2,Engaged,0.000145374,0.000394131,0.99946,0.480668,1,-0.489694,0.1
corrected,242-R-mPFC-S1-NE_2023_01_11,29,2,Engaged,0.000102736,0.000719871,0.999177,0.999293,1,-0.0931004,0.5
corrected,242-R-mPFC-S1-NE_2023_01_11,30,2,Engaged,5.02995e-05,0.00227264,0.997677,0.135322,0,-0.572606,0.025
corrected,242-R-mPFC-S1-NE_2023_01_11,31,2,Engaged,3.70702e-05,0.00178648,0.998176,0.968347,1,-0.200375,0.25
corrected,242-R-mPFC-S1-NE_2023_01_11,32,2,Engaged,2.20399e-05,0.0226711,0.977307,0.470737,0,0.243203,0.1
corrected,242-R-mPFC-S1-NE_2023_01_11,33,2,Engaged,1.67185e-05,0.0217875,0.978196,0.133213,0,-0.66519,0.025
corrected,242-R-mPFC-S1-NE_2023_01_11,34,2,Engaged,2.24262e-05,0.0240453,0.975932,0.987535,1,0.0303955,1
corrected,242-R-mPFC-S1-NE_2023_01_11,35,2,Engaged,2.43554e-05,0.0339928,0.965983,0.982379,1,-0.000718102,1
corrected,242-R-mPFC-S1-NE_2023_01_11,36,2,Engaged,2.06295e-05,0.0467648,0.953215,0.975758,1,-0.681378,1
corrected,242-R-mPFC-S1-NE_2023_01_11,37,2,Engaged,1.37064e-05,0.1174,0.882586,0.0735155,0,0.229537,0
corrected,242-R-mPFC-S1-NE_2023_01_11,38,2,Engaged,1.44763e-05,0.161149,0.838837,0.916463,1,-0.305028,1
corrected,242-R-mPFC-S1-NE_2023_01_11,39,1,Conservative,5.40707e-06,0.582866,0.417128,0.0485053,0,1.51556,0
corrected,242-R-mPFC-S1-NE_2023_01_11,40,1,Conservative,3.60621e-06,0.766067,0.233929,0.0534979,0,0.53767,0.025
corrected,242-R-mPFC-S1-NE_2023_01_11,41,1,Conservative,4.13056e-06,0.998565,0.00143067,0.137511,0,0.949779,0.5
corrected,242-R-mPFC-S1-NE_2023_01_11,42,1,Conservative,2.36655e-05,0.67235,0.327626,0.651463,1,-0.682796,1
corrected,242-R-mPFC-S1-NE_2023_01_11,43,1,Conservative,1.85488e-05,0.627408,0.372573,0.101736,0,0.632988,0.05
corrected,242-R-mPFC-S1-NE_2023_01_11,44,2,Engaged,3.10765e-05,0.432792,0.567177,0.626138,1,-0.94875,0.5
corrected,242-R-mPFC-S1-NE_2023_01_11,45,1,Conservative,2.9082e-06,0.964979,0.0350184,0.0279763,0,3.8693,0
corrected,242-R-mPFC-S1-NE_2023_01_11,46,1,Conservative,1.24225e-06,0.998895,0.00110389,0.0620512,0,0.544503,0.25
corrected,242-R-mPFC-S1-NE_2023_01_11,47,1,Conservative,2.49935e-06,0.999971,2.64893e-05,0.136297,0,0.452948,0.5
corrected,242-R-mPFC-S1-NE_2023_01_11,48,1,Conservative,9.63672e-05,0.671401,0.328503,0.0636899,0,-0.570698,0.025
corrected,242-R-mPFC-S1-NE_2023_01_11,49,2,Engaged,0.000467438,0.130192,0.869341,0.93251,1,-1.32812,1
corrected,242-R-mPFC-S1-NE_2023_01_11,50,2,Engaged,0.000579006,0.01518,0.984241,0.474243,1,-0.475017,0.1
corrected,242-R-mPFC-S1-NE_2023_01_11,51,2,Engaged,0.00056067,0.00490809,0.994531,0.135336,1,-0.931231,0.025
corrected,242-R-mPFC-S1-NE_2023_01_11,52,2,Engaged,0.000420477,0.0175114,0.982068,0.133905,0,1.03355,0.025
corrected,242-R-mPFC-S1-NE_2023_01_11,53,2,Engaged,0.000349207,0.00837753,0.991273,0.995657,1,-1.01823,1
corrected,242-R-mPFC-S1-NE_2023_01_11,54,2,Engaged,0.000276056,0.0053527,0.994371,0.965093,1,-0.928725,0.25
corrected,242-R-mPFC-S1-NE_2023_01_11,55,2,Engaged,0.000199887,0.0415717,0.958228,0.97845,1,-0.405711,1
corrected,242-R-mPFC-S1-NE_2023_01_11,56,2,Engaged,9.70489e-05,0.0924041,0.907499,0.203335,0,-1.06998,0.05
corrected,242-R-mPFC-S1-NE_2023_01_11,57,2,Engaged,7.01271e-05,0.186005,0.813925,0.903577,1,-0.160899,1
corrected,242-R-mPFC-S1-NE_2023_01_11,58,2,Engaged,2.50317e-05,0.34759,0.652385,0.0983263,0,-0.539366,0.025
corrected,242-R-mPFC-S1-NE_2023_01_11,59,1,Conservative,5.22981e-06,0.76338,0.236615,0.141853,0,0.721288,0.1
corrected,242-R-mPFC-S1-NE_2023_01_11,60,1,Conservative,1.43072e-06,0.920121,0.0798781,0.0369986,0,0.221738,0.025
corrected,242-R-mPFC-S1-NE_2023_01_11,61,1,Conservative,3.18354e-07,1,2.6323e-08,0.481614,0,-0.637085,1
corrected,242-R-mPFC-S1-NE_2023_01_11,62,1,Conservative,1.70164e-05,0.597128,0.402855,0.107483,0,-0.72424,0.05
corrected,242-R-mPFC-S1-NE_2023_01_11,63,2,Engaged,5.23214e-05,0.270856,0.729091,0.765992,1,-0.329964,0.5
corrected,242-R-mPFC-S1-NE_2023_01_11,64,2,Engaged,4.22596e-05,0.223765,0.776193,0.806663,1,-0.695522,0.5
corrected,242-R-mPFC-S1-NE_2023_01_11,65,1,Conservative,8.93764e-06,0.571689,0.428302,0.226966,0,2.11742,0.1
corrected,242-R-mPFC-S1-NE_2023_01_11,66,1,Conservative,3.878e-06,0.590215,0.409781,0.0723306,0,-0.201345,0.025
corrected,242-R-mPFC-S1-NE_2023_01_11,67,1,Conservative,2.64979e-06,0.620984,0.379014,0.205077,0,0.179497,0.1
corrected,242-R-mPFC-S1-NE_2023_01_11,68,1,Conservative,3.63133e-06,0.620304,0.379692,0.046493,0,-0.105343,0
corrected,242-R-mPFC-S1-NE_2023_01_11,69,1,Conservative,7.55672e-06,0.611207,0.388785,0.209419,0,-0.466927,0.1
corrected,242-R-mPFC-S1-NE_2023_01_11,70,1,Conservative,2.3309e-05,0.575589,0.424388,0.225239,1,-0.61863,0.1
corrected,242-R-mPFC-S1-NE_2023_01_11,71,1,Conservative,1.02813e-05,0.74806,0.25193,0.148657,0,-0.200388,0.1
corrected,242-R-mPFC-S1-NE_2023_01_11,72,1,Conservative,9.48992e-06,0.830312,0.169678,0.569578,1,-0.470401,1
corrected,242-R-mPFC-S1-NE_2023_01_11,73,1,Conservative,1.20478e-06,0.999728,0.000270997,0.136507,0,-0.70662,0.5
corrected,242-R-mPFC-S1-NE_2023_01_11,74,1,Conservative,1.22625e-06,0.97342,0.0265788,0.0312905,0,-1.03896,0.025
corrected,242-R-mPFC-S1-NE_2023_01_11,75,1,Conservative,1.65339e-07,0.994051,0.00594904,0.0394319,0,2.42485,0.1
corrected,242-R-mPFC-S1-NE_2023_01_11,76,1,Conservative,3.50314e-07,0.985699,0.0143008,0.0337131,0,-1.03952,0.05
corrected,242-R-mPFC-S1-NE_2023_01_11,77,1,Conservative,3.06896e-07,0.985809,0.0141906,0.0299632,0,-0.245934,0.025
corrected,242-R-mPFC-S1-NE_2023_01_11,78,1,Conservative,2.92438e-07,0.987398,0.0126016,0.0333905,0,-0.443648,0.05
corrected,242-R-mPFC-S1-NE_2023_01_11,79,1,Conservative,2.5084e-07,0.993061,0.00693825,0.0264661,0,-0.149223,0
corrected,242-R-mPFC-S1-NE_2023_01_11,80,1,Conservative,2.17809e-07,0.999168,0.000831377,0.0618027,0,-0.605259,0.25
corrected,242-R-mPFC-S1-NE_2023_01_11,81,1,Conservative,9.48464e-07,0.996384,0.00361455,0.483488,1,-0.631479,1
corrected,242-R-mPFC-S1-NE_2023_01_11,82,1,Conservative,5.53548e-08,0.999999,1.33718e-06,0.136273,0,-0.898363,0.5
corrected,242-R-mPFC-S1-NE_2023_01_11,83,1,Conservative,4.82909e-09,1,1.60569e-11,0.481614,0,0.243399,1
corrected,242-R-mPFC-S1-NE_2023_01_11,84,1,Conservative,2.79483e-06,0.979402,0.0205948,0.492292,1,-0.466892,1
corrected,242-R-mPFC-S1-NE_2023_01_11,85,1,Conservative,1.9266e-07,0.999989,1.06786e-05,0.136281,0,1.88493,0.5
corrected,242-R-mPFC-S1-NE_2023_01_11,86,1,Conservative,1.52745e-06,0.953082,0.046916,0.0576225,0,-0.483162,0.1
corrected,242-R-mPFC-S1-NE_2023_01_11,87,1,Conservative,4.44024e-06,0.886548,0.113448,0.0405957,0,-0.321717,0.025
corrected,242-R-mPFC-S1-NE_2023_01_11,88,1,Conservative,1.10835e-05,0.841034,0.158955,0.273562,1,0.115571,0.5
corrected,242-R-mPFC-S1-NE_2023_01_11,89,1,Conservative,7.73677e-07,0.98826,0.0117391,0.0420032,0,2.0901,0.1
corrected,242-R-mPFC-S1-NE_2023_01_11,90,1,Conservative,5.15186e-08,0.999996,3.46259e-06,0.136275,0,-0.382145,0.5
corrected,242-R-mPFC-S1-NE_2023_01_11,91,1,Conservative,5.95707e-10,1,1.61856e-12,0.481614,0,0.815902,1
corrected,242-R-mPFC-S1-NE_2023_01_11,92,1,Conservative,2.5124e-07,0.997518,0.00248131,0.0287092,0,-0.642469,0.025
corrected,242-R-mPFC-S1-NE_2023_01_11,93,1,Conservative,5.47557e-07,0.99775,0.00224988,0.0630923,0,-0.807178,0.25
corrected,242-R-mPFC-S1-NE_2023_01_11,94,1,Conservative,1.81897e-06,0.987067,0.0129316,0.488318,1,0.466991,1
corrected,242-R-mPFC-S1-NE_2023_01_11,95,1,Conservative,1.17953e-06,0.978824,0.0211746,0.0272315,0,-0.646332,0
corrected,242-R-mPFC-S1-NE_2023_01_11,96,1,Conservative,2.35806e-08,1,4.69292e-10,0.481614,0,1.7723,1
corrected,242-R-mPFC-S1-NE_2023_01_11,97,1,Conservative,4.42707e-06,0.890309,0.109686,0.085495,0,-0.00413919,0.1
corrected,242-R-mPFC-S1-NE_2023_01_11,98,1,Conservative,2.14482e-05,0.528335,0.471643,0.0514444,0,-0.920592,0
corrected,242-R-mPFC-S1-NE_2023_01_11,99,2,Engaged,5.27132e-05,0.290125,0.709822,0.749351,1,-0.492584,0.5
corrected,242-R-mPFC-S1-NE_2023_01_11,100,2,Engaged,5.00631e-05,0.337254,0.662696,0.708648,1,1.62601,0.5
corrected,242-R-mPFC-S1-NE_2023_01_11,101,1,Conservative,7.93348e-07,0.999965,3.43986e-05,0.136302,0,2.39563,0.5
corrected,242-R-mPFC-S1-NE_2023_01_11,102,1,Conservative,2.68369e-07,0.9988,0.00119955,0.0261578,0,0.945553,0
corrected,242-R-mPFC-S1-NE_2023_01_11,103,1,Conservative,2.0105e-07,0.998024,0.00197559,0.028655,0,-0.210526,0.025
corrected,242-R-mPFC-S1-NE_2023_01_11,104,1,Conservative,1.48006e-07,0.999511,0.000488587,0.061491,0,-0.504896,0.25
corrected,242-R-mPFC-S1-NE_2023_01_11,105,1,Conservative,5.52037e-08,0.99987,0.000130295,0.0611653,0,1.31864,0.25
corrected,242-R-mPFC-S1-NE_2023_01_11,106,1,Conservative,4.01328e-07,0.986782,0.0132174,0.0335075,0,-0.735048,0.05
corrected,242-R-mPFC-S1-NE_2023_01_11,107,1,Conservative,4.67973e-07,0.984178,0.0158216,0.0438157,0,0.226797,0.1
corrected,242-R-mPFC-S1-NE_2023_01_11,108,1,Conservative,5.34297e-07,0.988953,0.0110464,0.0296266,0,1.55187,0.025
corrected,242-R-mPFC-S1-NE_2023_01_11,109,1,Conservative,2.55524e-06,0.98008,0.0199178,0.0791528,0,-0.608416,0.25
corrected,242-R-mPFC-S1-NE_2023_01_11,110,1,Conservative,1.29492e-05,0.645995,0.353992,0.193975,0,-0.855776,0.1
corrected,242-R-mPFC-S1-NE_2023_01_11,111,2,Engaged,4.23164e-05,0.0807789,0.919179,0.896549,1,-0.961785,0.25
corrected,242-R-mPFC-S1-NE_2023_01_11,112,2,Engaged,2.58717e-05,0.0635805,0.936394,0.208769,0,-0.478808,0.05
corrected,242-R-mPFC-S1-NE_2023_01_11,113,2,Engaged,2.38257e-05,0.0270571,0.972919,0.0783749,0,-1.06946,0
corrected,242-R-mPFC-S1-NE_2023_01_11,114,2,Engaged,3.4928e-05,0.00190539,0.99806,0.968239,1,-0.637297,0.25
corrected,242-R-mPFC-S1-NE_2023_01_11,115,2,Engaged,3.76602e-05,0.000291794,0.999671,0.999664,1,-0.889904,0.5
corrected,242-R-mPFC-S1-NE_2023_01_11,116,2,Engaged,3.9973e-05,0.000314412,0.999646,0.969685,1,-0.285944,0.25
corrected,242-R-mPFC-S1-NE_2023_01_11,117,2,Engaged,3.87567e-05,0.00242089,0.99754,0.998745,1,-0.604586,1
corrected,242-R-mPFC-S1-NE_2023_01_11,118,2,Engaged,3.36166e-05,0.00450613,0.99546,0.478806,0,-0.849729,0.1
corrected,242-R-mPFC-S1-NE_2023_01_11,119,2,Engaged,3.97821e-05,0.000359846,0.9996,0.969644,1,-1.02946,0.25
corrected,242-R-mPFC-S1-NE_2023_01_11,120,2,Engaged,4.46905e-05,0.000953899,0.999001,0.999092,1,-0.663822,0.5
corrected,242-R-mPFC-S1-NE_2023_01_11,121,2,Engaged,4.782e-05,0.00757053,0.992382,0.996076,1,-0.41532,1
corrected,242-R-mPFC-S1-NE_2023_01_11,122,2,Engaged,4.65581e-05,0.0182735,0.98168,0.472697,1,-0.676556,0.1
corrected,242-R-mPFC-S1-NE_2023_01_11,123,2,Engaged,1.46782e-05,0.182367,0.817619,0.186215,0,-0.752337,0.05
corrected,242-R-mPFC-S1-NE_2023_01_11,124,2,Engaged,5.01483e-06,0.372347,0.627648,0.150146,0,-0.435378,0.05
corrected,242-R-mPFC-S1-NE_2023_01_11,125,2,Engaged,2.39585e-06,0.495873,0.504125,0.260626,0,-0.875262,0.1
corrected,242-R-mPFC-S1-NE_2023_01_11,126,1,Conservative,1.61157e-06,0.619299,0.380699,0.0465458,0,-0.236831,0
corrected,242-R-mPFC-S1-NE_2023_01_11,127,1,Conservative,1.15329e-06,0.72468,0.275319,0.0579288,0,-0.505206,0.025
corrected,242-R-mPFC-S1-NE_2023_01_11,128,1,Conservative,9.2318e-07,0.805522,0.194477,0.0679159,0,-0.887049,0.05
corrected,242-R-mPFC-S1-NE_2023_01_11,129,1,Conservative,8.48851e-07,0.880914,0.119085,0.0324911,0,-0.942765,0
corrected,242-R-mPFC-S1-NE_2023_01_11,130,1,Conservative,2.77616e-07,0.994724,0.00527582,0.0658424,0,-0.578263,0.25
corrected,242-R-mPFC-S1-NE_2023_01_11,131,1,Conservative,7.65064e-09,1,2.04972e-10,0.481614,0,-0.257396,1
corrected,242-R-mPFC-S1-NE_2023_01_11,132,1,Conservative,1.05461e-06,0.967302,0.0326967,0.0372057,0,-0.159491,0.05
corrected,242-R-mPFC-S1-NE_2023_01_11,133,1,Conservative,3.29307e-06,0.919152,0.0808449,0.0463471,0,-0.581456,0.05
corrected,242-R-mPFC-S1-NE_2023_01_11,134,1,Conservative,9.02953e-06,0.88206,0.117931,0.23813,1,-0.210639,0.5
corrected,242-R-mPFC-S1-NE_2023_01_11,135,1,Conservative,1.42542e-06,0.971467,0.0285315,0.0364153,0,1.14463,0.05
corrected,242-R-mPFC-S1-NE_2023_01_11,136,1,Conservative,2.41075e-07,0.999228,0.000772247,0.061749,0,-0.140602,0.25
corrected,242-R-mPFC-S1-NE_2023_01_11,137,1,Conservative,3.59343e-07,0.999392,0.000607285,0.0615991,0,-0.883233,0.25
corrected,242-R-mPFC-S1-NE_2023_01_11,138,1,Conservative,1.13489e-06,0.996548,0.00345038,0.483403,1,0.39521,1
corrected,242-R-mPFC-S1-NE_2023_01_11,139,1,Conservative,2.61161e-07,0.999991,8.91086e-06,0.136279,0,0.264523,0.5
corrected,242-R-mPFC-S1-NE_2023_01_11,140,1,Conservative,2.25745e-06,0.970653,0.0293448,0.0276711,0,0.104175,0
corrected,242-R-mPFC-S1-NE_2023_01_11,141,1,Conservative,8.66978e-06,0.919545,0.0804459,0.523321,1,-0.735366,1
corrected,242-R-mPFC-S1-NE_2023_01_11,142,1,Conservative,7.7581e-06,0.910386,0.0896061,0.528069,1,-0.410858,1
corrected,242-R-mPFC-S1-NE_2023_01_11,143,1,Conservative,2.32063e-06,0.928661,0.0713368,0.0445415,0,-0.138731,0.05
corrected,242-R-mPFC-S1-NE_2023_01_11,144,1,Conservative,7.84933e-07,0.946551,0.0534484,0.0605224,0,-0.109564,0.1
corrected,242-R-mPFC-S1-NE_2023_01_11,145,1,Conservative,4.80851e-07,0.951454,0.0485456,0.0402138,0,-0.396327,0.05
corrected,242-R-mPFC-S1-NE_2023_01_11,146,1,Conservative,3.8063e-07,0.957146,0.0428535,0.0558179,0,-0.403286,0.1
corrected,242-R-mPFC-S1-NE_2023_01_11,147,1,Conservative,3.46286e-07,0.962404,0.0375956,0.0324697,0,0.0280489,0.025
corrected,242-R-mPFC-S1-NE_2023_01_11,148,1,Conservative,3.86871e-07,0.962918,0.0370815,0.0532551,0,-0.590673,0.1
corrected,242-R-mPFC-S1-NE_2023_01_11,149,1,Conservative,5.39848e-07,0.961233,0.0387667,0.0325953,0,-0.381691,0.025
corrected,242-R-mPFC-S1-NE_2023_01_11,150,1,Conservative,1.73779e-09,1,3.90451e-11,0.481614,0,1.82783,1
corrected,242-R-mPFC-S1-NE_2023_01_11,151,1,Conservative,7.04059e-08,0.999382,0.000618112,0.0285095,0,1.21986,0.025
corrected,242-R-mPFC-S1-NE_2023_01_11,152,1,Conservative,4.28523e-08,0.999945,5.52412e-05,0.0610971,0,0.133008,0.25
corrected,242-R-mPFC-S1-NE_2023_01_11,153,1,Conservative,1.12816e-07,0.999809,0.000190668,0.0612202,0,-0.408706,0.25
corrected,242-R-mPFC-S1-NE_2023_01_11,154,1,Conservative,6.63499e-07,0.99556,0.00443924,0.038762,0,-0.580723,0.1
corrected,242-R-mPFC-S1-NE_2023_01_11,155,1,Conservative,2.23958e-06,0.993305,0.00669249,0.0264542,0,-0.146746,0
corrected,242-R-mPFC-S1-NE_2023_01_11,156,1,Conservative,6.08215e-06,0.995642,0.00435153,0.0289135,0,0.134596,0.025
corrected,242-R-mPFC-S1-NE_2023_01_11,157,1,Conservative,1.97899e-05,0.999945,3.47351e-05,0.136318,0,-0.0346168,0.5
corrected,242-R-mPFC-S1-NE_2023_01_12,1,2,Engaged,0.00249754,0.0188208,0.978682,0.0803087,0,0.48034,0
corrected,242-R-mPFC-S1-NE_2023_01_12,2,2,Engaged,0.00167113,0.0132322,0.985097,0.47546,0,-0.270996,0.1
corrected,242-R-mPFC-S1-NE_2023_01_12,3,2,Engaged,0.00139276,0.000797282,0.99781,0.969172,1,0.0336171,0.25
corrected,242-R-mPFC-S1-NE_2023_01_12,4,2,Engaged,0.00113581,0.000224827,0.998639,0.969706,1,0.206505,0.25
corrected,242-R-mPFC-S1-NE_2023_01_12,5,2,Engaged,0.000857798,0.000410218,0.998732,0.999547,1,-0.191714,0.5
corrected,242-R-mPFC-S1-NE_2023_01_12,6,2,Engaged,0.000604765,0.00261178,0.996783,0.135608,0,0.194018,0.025
corrected,242-R-mPFC-S1-NE_2023_01_12,7,2,Engaged,0.000517612,0.000135261,0.999347,0.480903,1,-0.252509,0.1
corrected,242-R-mPFC-S1-NE_2023_01_12,8,2,Engaged,0.000402067,0.000196951,0.999401,0.969772,1,0.889842,0.25
corrected,242-R-mPFC-S1-NE_2023_01_12,9,2,Engaged,0.000266451,0.00034854,0.999385,0.969642,1,0.292991,0.25
corrected,242-R-mPFC-S1-NE_2023_01_12,10,2,Engaged,0.000126428,0.00346646,0.996407,0.135238,0,0.163257,0.025
corrected,242-R-mPFC-S1-NE_2023_01_12,11,2,Engaged,7.96234e-05,0.00253886,0.997382,0.967661,1,-0.0278595,0.25
corrected,242-R-mPFC-S1-NE_2023_01_12,12,2,Engaged,2.64228e-05,0.0188885,0.981085,0.0788153,0,-0.0849366,0
corrected,242-R-mPFC-S1-NE_2023_01_12,13,2,Engaged,1.02934e-05,0.0429199,0.95707,0.130946,0,0.519258,0.025
corrected,242-R-mPFC-S1-NE_2023_01_12,14,2,Engaged,4.31417e-06,0.0508277,0.949168,0.130095,0,-0.164357,0.025
corrected,242-R-mPFC-S1-NE_2023_01_12,15,2,Engaged,3.33348e-06,0.272159,0.727837,0.0651955,0,3.90479,0
corrected,242-R-mPFC-S1-NE_2023_01_12,16,2,Engaged,2.28482e-06,0.242224,0.757774,0.066803,0,-0.142742,0
corrected,242-R-mPFC-S1-NE_2023_01_12,17,2,Engaged,2.16914e-06,0.226457,0.773541,0.177839,0,0.340781,0.05
corrected,242-R-mPFC-S1-NE_2023_01_12,18,2,Engaged,3.15382e-06,0.196135,0.803862,0.393712,0,0.143721,0.1
corrected,242-R-mPFC-S1-NE_2023_01_12,19,2,Engaged,6.39431e-06,0.0833757,0.916618,0.126611,0,-0.61101,0.025
corrected,242-R-mPFC-S1-NE_2023_01_12,20,2,Engaged,1.42788e-05,0.0110482,0.988938,0.95993,1,0.00378813,0.25
corrected,242-R-mPFC-S1-NE_2023_01_12,21,2,Engaged,1.21083e-05,0.0093124,0.990675,0.995173,1,0.0359877,1
corrected,242-R-mPFC-S1-NE_2023_01_12,22,2,Engaged,6.06115e-06,0.00936227,0.990632,0.134537,0,-0.203537,0.025
corrected,242-R-mPFC-S1-NE_2023_01_12,23,2,Engaged,4.29985e-06,0.00331045,0.996685,0.135184,0,-0.686821,0.025
corrected,242-R-mPFC-S1-NE_2023_01_12,24,2,Engaged,8.1939e-06,0.00178108,0.998211,0.998379,1,1.02878,0.5
corrected,242-R-mPFC-S1-NE_2023_01_12,25,2,Engaged,6.27608e-06,0.000539338,0.999454,0.969483,1,-0.413987,0.25
corrected,242-R-mPFC-S1-NE_2023_01_12,26,2,Engaged,3.43735e-06,0.0104151,0.989581,0.21885,0,0.748655,0.05
corrected,242-R-mPFC-S1-NE_2023_01_12,27,2,Engaged,2.71204e-06,0.0116075,0.98839,0.0791922,0,0.245607,0
corrected,242-R-mPFC-S1-NE_2023_01_12,28,2,Engaged,3.22981e-06,0.0081022,0.991895,0.0793808,0,-0.0106151,0
corrected,242-R-mPFC-S1-NE_2023_01_12,29,2,Engaged,6.30917e-06,0.00335546,0.996638,0.966923,1,0.266629,0.25
corrected,242-R-mPFC-S1-NE_2023_01_12,30,2,Engaged,4.82353e-06,0.00796297,0.992032,0.477262,0,-0.535108,0.1
corrected,242-R-mPFC-S1-NE_2023_01_12,31,2,Engaged,6.51483e-06,0.00760602,0.992387,0.996057,1,-0.207634,1
corrected,242-R-mPFC-S1-NE_2023_01_12,32,2,Engaged,4.65931e-06,0.00867559,0.99132,0.219181,0,-0.455377,0.05
corrected,242-R-mPFC-S1-NE_2023_01_12,33,2,Engaged,6.33132e-06,0.00625328,0.99374,0.996758,1,-0.394108,1
corrected,242-R-mPFC-S1-NE_2023_01_12,34,2,Engaged,4.24894e-06,0.0046406,0.995355,0.219946,0,-0.751888,0.05
corrected,242-R-mPFC-S1-NE_2023_01_12,35,2,Engaged,6.16971e-06,0.00197075,0.998023,0.968182,1,-0.165703,0.25
corrected,242-R-mPFC-S1-NE_2023_01_12,36,2,Engaged,4.66598e-06,0.00931573,0.99068,0.476661,0,-0.402886,0.1
corrected,242-R-mPFC-S1-NE_2023_01_12,37,2,Engaged,5.05413e-06,0.00663866,0.993356,0.994183,1,-0.902344,0.5
corrected,242-R-mPFC-S1-NE_2023_01_12,38,2,Engaged,2.54608e-06,0.0251268,0.974871,0.216057,0,-0.458137,0.05
corrected,242-R-mPFC-S1-NE_2023_01_12,39,2,Engaged,3.09868e-06,0.0691695,0.930827,0.12813,0,0.880652,0.025
corrected,242-R-mPFC-S1-NE_2023_01_12,40,2,Engaged,4.35043e-06,0.0736391,0.926357,0.206849,0,-0.620641,0.05
corrected,242-R-mPFC-S1-NE_2023_01_12,41,2,Engaged,9.8894e-06,0.074626,0.925364,0.935466,1,-0.557986,0.5
corrected,242-R-mPFC-S1-NE_2023_01_12,42,2,Engaged,9.21893e-06,0.140661,0.85933,0.0722632,0,-0.860489,0
corrected,242-R-mPFC-S1-NE_2023_01_12,43,2,Engaged,1.42661e-05,0.202732,0.797254,0.785704,0,-1.05721,0.25
corrected,242-R-mPFC-S1-NE_2023_01_12,44,2,Engaged,1.21515e-05,0.120923,0.879065,0.427109,0,-0.799331,0.1
corrected,242-R-mPFC-S1-NE_2023_01_12,45,2,Engaged,1.94179e-05,0.0622387,0.937742,0.946164,1,0.313702,0.5
corrected,242-R-mPFC-S1-NE_2023_01_12,46,2,Engaged,1.41977e-05,0.0500111,0.949975,0.211339,0,-0.676379,0.05
corrected,242-R-mPFC-S1-NE_2023_01_12,47,2,Engaged,1.8089e-05,0.0341263,0.965856,0.0779917,0,-0.621032,0
corrected,242-R-mPFC-S1-NE_2023_01_12,48,2,Engaged,3.44499e-05,0.0140617,0.985904,0.992711,1,-0.812288,1
corrected,242-R-mPFC-S1-NE_2023_01_12,49,2,Engaged,5.23405e-05,0.0194352,0.980512,0.0788016,0,1.0572,0
corrected,242-R-mPFC-S1-NE_2023_01_12,50,2,Engaged,9.45659e-05,0.0072027,0.992703,0.996266,1,-0.506013,1
corrected,242-R-mPFC-S1-NE_2023_01_12,51,2,Engaged,0.00013147,0.0030297,0.996839,0.967212,1,-0.18141,0.25
corrected,242-R-mPFC-S1-NE_2023_01_12,52,2,Engaged,0.000158029,0.00970685,0.990135,0.219066,1,-0.699055,0.05
corrected,242-R-mPFC-S1-NE_2023_01_12,53,2,Engaged,0.000129435,0.346527,0.653343,0.820365,1,1.64309,1
corrected,242-R-mPFC-S1-NE_2023_01_12,54,2,Engaged,9.41246e-05,0.47025,0.529656,0.756229,1,-0.598626,1
corrected,242-R-mPFC-S1-NE_2023_01_12,55,1,Conservative,2.03732e-05,0.798669,0.201311,0.126189,0,-0.465743,0.1
corrected,242-R-mPFC-S1-NE_2023_01_12,56,1,Conservative,5.65634e-06,0.963765,0.0362297,0.0939817,0,-0.732917,0.25
corrected,242-R-mPFC-S1-NE_2023_01_12,57,1,Conservative,7.70931e-09,1,4.51858e-11,0.481614,0,1.65122,1
corrected,242-R-mPFC-S1-NE_2023_01_12,58,1,Conservative,2.89739e-07,0.99299,0.00701,0.02647,0,-0.535112,0
corrected,242-R-mPFC-S1-NE_2023_01_12,59,1,Conservative,2.97457e-07,0.991464,0.00853564,0.026552,0,-0.201352,0
corrected,242-R-mPFC-S1-NE_2023_01_12,60,1,Conservative,3.26122e-07,0.99095,0.00904926,0.0294126,0,-0.63745,0.025
corrected,242-R-mPFC-S1-NE_2023_01_12,61,1,Conservative,1.90769e-07,0.997607,0.00239308,0.0632221,0,0.0361952,0.25
corrected,242-R-mPFC-S1-NE_2023_01_12,62,1,Conservative,5.39236e-07,0.976939,0.0230602,0.0470297,0,-0.767524,0.1
corrected,242-R-mPFC-S1-NE_2023_01_12,63,1,Conservative,9.01431e-07,0.940551,0.0594481,0.0422837,0,-0.993678,0.05
corrected,242-R-mPFC-S1-NE_2023_01_12,64,1,Conservative,1.04326e-06,0.927694,0.0723047,0.0688949,0,0.0187463,0.1
corrected,242-R-mPFC-S1-NE_2023_01_12,65,1,Conservative,2.22128e-06,0.901921,0.0980769,0.0496174,0,0.00603573,0.05
corrected,242-R-mPFC-S1-NE_2023_01_12,66,1,Conservative,7.56267e-06,0.841514,0.158478,0.563771,1,-0.884179,1
corrected,242-R-mPFC-S1-NE_2023_01_12,67,1,Conservative,5.66771e-06,0.838116,0.161878,0.0457832,0,-0.292674,0.025
corrected,242-R-mPFC-S1-NE_2023_01_12,68,1,Conservative,8.06946e-06,0.826337,0.173655,0.1139,0,-0.757768,0.1
corrected,242-R-mPFC-S1-NE_2023_01_12,69,1,Conservative,2.18008e-05,0.790094,0.209884,0.0708555,0,-1.09009,0.05
corrected,242-R-mPFC-S1-NE_2023_01_12,70,1,Conservative,6.44182e-05,0.7619,0.238035,0.038923,1,-0.856749,0
corrected,242-R-mPFC-S1-NE_2023_01_12,71,1,Conservative,3.48369e-05,0.778408,0.221557,0.0521944,0,-0.987666,0.025
corrected,242-R-mPFC-S1-NE_2023_01_12,72,1,Conservative,2.70087e-05,0.813742,0.186231,0.578167,1,-0.492049,1
corrected,242-R-mPFC-S1-NE_2023_01_12,73,1,Conservative,1.28012e-06,0.999964,3.48686e-05,0.136303,0,0.383452,0.5
corrected,242-R-mPFC-S1-NE_2023_01_12,74,1,Conservative,1.33949e-06,0.996037,0.00396172,0.0646489,0,-0.496114,0.25
corrected,242-R-mPFC-S1-NE_2023_01_12,75,1,Conservative,2.9489e-06,0.879744,0.120253,0.0901856,0,-0.602399,0.1
corrected,242-R-mPFC-S1-NE_2023_01_12,76,1,Conservative,5.57716e-06,0.625191,0.374803,0.0685859,0,-1.04338,0.025
corrected,242-R-mPFC-S1-NE_2023_01_12,77,2,Engaged,8.10782e-06,0.448566,0.551426,0.281633,0,-0.632594,0.1
corrected,242-R-mPFC-S1-NE_2023_01_12,78,2,Engaged,1.78403e-05,0.211375,0.788607,0.11291,0,-0.358916,0.025
corrected,242-R-mPFC-S1-NE_2023_01_12,79,2,Engaged,4.10113e-05,0.076431,0.923528,0.900501,1,0.422779,0.25
corrected,242-R-mPFC-S1-NE_2023_01_12,80,2,Engaged,3.62008e-05,0.0672196,0.932744,0.941862,1,-0.397465,0.5
corrected,242-R-mPFC-S1-NE_2023_01_12,81,1,Conservative,8.52132e-08,1,1.39504e-09,0.481614,0,3.69905,1
corrected,242-R-mPFC-S1-NE_2023_01_12,82,1,Conservative,1.80826e-06,0.953298,0.0467,0.0286032,0,-0.292202,0
corrected,242-R-mPFC-S1-NE_2023_01_12,83,1,Conservative,5.11038e-06,0.890865,0.10913,0.538188,1,-0.815845,1
corrected,242-R-mPFC-S1-NE_2023_01_12,84,1,Conservative,2.30212e-06,0.877393,0.122605,0.0326812,0,-0.54817,0
corrected,242-R-mPFC-S1-NE_2023_01_12,85,1,Conservative,1.2589e-06,0.879616,0.120382,0.0413362,0,0.0452653,0.025
corrected,242-R-mPFC-S1-NE_2023_01_12,86,1,Conservative,6.73495e-07,0.913423,0.0865766,0.0307446,0,1.34077,0
corrected,242-R-mPFC-S1-NE_2023_01_12,87,1,Conservative,8.0419e-07,0.910982,0.0890171,0.0308758,0,-0.44188,0
corrected,242-R-mPFC-S1-NE_2023_01_12,88,1,Conservative,3.20405e-07,0.960834,0.039166,0.0384332,0,1.57536,0.05
corrected,242-R-mPFC-S1-NE_2023_01_12,89,1,Conservative,2.94612e-07,0.971385,0.0286145,0.0315079,0,0.108085,0.025
corrected,242-R-mPFC-S1-NE_2023_01_12,90,1,Conservative,2.64594e-07,0.979744,0.0202561,0.0348435,0,-0.250759,0.05
corrected,242-R-mPFC-S1-NE_2023_01_12,91,1,Conservative,1.64843e-07,0.990711,0.00928903,0.0409149,0,-0.117021,0.1
corrected,242-R-mPFC-S1-NE_2023_01_12,92,1,Conservative,1.79438e-07,0.994135,0.00586481,0.0393946,0,-0.807623,0.1
corrected,242-R-mPFC-S1-NE_2023_01_12,93,1,Conservative,1.22551e-07,0.99905,0.000949752,0.0619102,0,-0.459618,0.25
corrected,242-R-mPFC-S1-NE_2023_01_12,94,1,Conservative,3.47405e-07,0.994029,0.00597036,0.0394416,0,-0.597918,0.1
corrected,242-R-mPFC-S1-NE_2023_01_12,95,1,Conservative,8.61579e-07,0.989336,0.0106627,0.0266666,0,-0.410458,0
corrected,242-R-mPFC-S1-NE_2023_01_12,96,1,Conservative,2.02535e-06,0.9882,0.0117983,0.0717724,0,-0.403492,0.25
corrected,242-R-mPFC-S1-NE_2023_01_12,97,1,Conservative,1.1417e-05,0.842837,0.157152,0.272005,1,-0.762128,0.5
corrected,242-R-mPFC-S1-NE_2023_01_12,98,1,Conservative,4.47358e-06,0.849012,0.150984,0.0446156,0,-0.270847,0.025
corrected,242-R-mPFC-S1-NE_2023_01_12,99,1,Conservative,2.65922e-06,0.838214,0.161783,0.0347861,0,-1.20009,0
corrected,242-R-mPFC-S1-NE_2023_01_12,100,1,Conservative,7.64908e-07,0.945885,0.0541146,0.0412712,0,1.77897,0.05
corrected,242-R-mPFC-S1-NE_2023_01_12,101,1,Conservative,1.04714e-06,0.952584,0.0474147,0.0578436,0,-0.855262,0.1
corrected,242-R-mPFC-S1-NE_2023_01_12,102,1,Conservative,2.39855e-06,0.959517,0.0404802,0.5026,1,-0.411023,1
corrected,242-R-mPFC-S1-NE_2023_01_12,103,1,Conservative,6.97087e-07,0.999956,4.33518e-05,0.13631,0,-0.00727811,0.5
corrected,242-R-mPFC-S1-NE_2023_01_12,104,1,Conservative,5.9115e-06,0.965882,0.0341125,0.165738,1,-1.19047,0.5
corrected,242-R-mPFC-S1-NE_2023_01_12,105,1,Conservative,2.12278e-06,0.976509,0.0234893,0.0354586,0,-1.2596,0.05
corrected,242-R-mPFC-S1-NE_2023_01_12,106,1,Conservative,6.45529e-07,0.999937,6.26239e-05,0.136326,0,-0.568702,0.5
corrected,242-R-mPFC-S1-NE_2023_01_12,107,1,Conservative,3.06407e-06,0.971575,0.0284224,0.0314892,0,-0.320128,0.025
corrected,242-R-mPFC-S1-NE_2023_01_12,108,1,Conservative,5.50563e-06,0.973876,0.0261185,0.158833,1,1.74107,0.5
corrected,242-R-mPFC-S1-NE_2023_01_12,109,1,Conservative,2.57345e-06,0.999894,0.000103327,0.136363,0,0.652409,0.5
corrected,242-R-mPFC-S1-NE_2023_01_12,110,1,Conservative,1.47976e-05,0.877589,0.122396,0.54507,1,-0.342966,1
corrected,242-R-mPFC-S1-NE_2023_01_12,111,1,Conservative,1.65835e-07,0.999818,0.000182236,0.0612126,0,5.19987,0.25
corrected,242-R-mPFC-S1-NE_2023_01_12,112,1,Conservative,2.08879e-07,0.996295,0.00370457,0.0288401,0,-0.102816,0.025
corrected,242-R-mPFC-S1-NE_2023_01_12,113,1,Conservative,3.52446e-07,0.99016,0.00983928,0.0328662,0,-1.27342,0.05
corrected,242-R-mPFC-S1-NE_2023_01_12,114,1,Conservative,1.76265e-07,0.994674,0.00532574,0.0391552,0,0.0490628,0.1
corrected,242-R-mPFC-S1-NE_2023_01_12,115,1,Conservative,1.17694e-09,1,1.43822e-11,0.481614,0,0.383949,1
corrected,242-R-mPFC-S1-NE_2023_01_12,116,1,Conservative,1.399e-07,0.997974,0.00202564,0.0286603,0,0.00382122,0.025
corrected,242-R-mPFC-S1-NE_2023_01_12,117,1,Conservative,1.81041e-07,0.997585,0.00241435,0.0314567,0,-0.470409,0.05
corrected,242-R-mPFC-S1-NE_2023_01_12,118,1,Conservative,1.61619e-07,0.999973,2.69173e-05,0.136295,0,-0.442067,0.5
corrected,242-R-mPFC-S1-NE_2023_01_12,119,1,Conservative,1.39625e-06,0.9318,0.0681985,0.067072,0,0.0316065,0.1
corrected,242-R-mPFC-S1-NE_2023_01_12,120,1,Conservative,1.13702e-06,0.935467,0.0645314,0.0432488,0,3.60954,0.05
corrected,242-R-mPFC-S1-NE_2023_01_12,121,1,Conservative,4.12239e-06,0.865149,0.134847,0.0966663,0,1.10955,0.1
corrected,242-R-mPFC-S1-NE_2023_01_12,122,2,Engaged,2.51674e-05,0.276895,0.72308,0.718295,1,-0.914928,0.25
corrected,242-R-mPFC-S1-NE_2023_01_12,123,2,Engaged,8.55079e-06,0.27658,0.723412,0.168327,0,-0.0964277,0.05
corrected,242-R-mPFC-S1-NE_2023_01_12,124,2,Engaged,4.25825e-06,0.291374,0.708622,0.165517,0,0.695965,0.05
corrected,242-R-mPFC-S1-NE_2023_01_12,125,2,Engaged,2.48804e-06,0.250768,0.74923,0.108682,0,-0.880125,0.025
corrected,242-R-mPFC-S1-NE_2023_01_12,126,2,Engaged,2.42709e-06,0.239095,0.760902,0.374637,0,0.0414038,0.1
corrected,242-R-mPFC-S1-NE_2023_01_12,127,2,Engaged,3.02592e-06,0.162008,0.837989,0.190073,0,-0.860474,0.05
corrected,242-R-mPFC-S1-NE_2023_01_12,128,2,Engaged,4.81545e-06,0.0906984,0.909297,0.203611,0,-0.640552,0.05
corrected,242-R-mPFC-S1-NE_2023_01_12,129,2,Engaged,1.09486e-05,0.0641125,0.935877,0.911699,1,0.72012,0.25
corrected,242-R-mPFC-S1-NE_2023_01_12,130,2,Engaged,7.25036e-06,0.0717349,0.928258,0.207212,0,-0.891302,0.05
corrected,242-R-mPFC-S1-NE_2023_01_12,131,2,Engaged,8.77437e-06,0.0751632,0.924828,0.961036,1,-0.925519,1
corrected,242-R-mPFC-S1-NE_2023_01_12,132,1,Conservative,2.28513e-06,0.743447,0.256551,0.0797001,0,3.4294,0.05
corrected,242-R-mPFC-S1-NE_2023_01_12,133,1,Conservative,2.21445e-06,0.761509,0.238488,0.142682,0,-0.296531,0.1
corrected,242-R-mPFC-S1-NE_2023_01_12,134,1,Conservative,3.93701e-06,0.789607,0.210389,0.590679,1,0.679481,1
corrected,242-R-mPFC-S1-NE_2023_01_12,135,1,Conservative,1.55765e-06,0.870618,0.12938,0.0423001,0,0.78496,0.025
corrected,242-R-mPFC-S1-NE_2023_01_12,136,1,Conservative,7.85525e-07,0.94282,0.0571791,0.0291655,0,0.736334,0
corrected,242-R-mPFC-S1-NE_2023_01_12,137,1,Conservative,6.4145e-07,0.981536,0.0184629,0.0778288,0,-0.0674211,0.25
corrected,242-R-mPFC-S1-NE_2023_01_12,138,1,Conservative,1.07489e-06,0.971047,0.028952,0.0364948,0,0.410508,0.05
corrected,242-R-mPFC-S1-NE_2023_01_12,139,1,Conservative,3.88924e-06,0.939386,0.0606101,0.0425064,0,-0.735959,0.05
corrected,242-R-mPFC-S1-NE_2023_01_12,140,1,Conservative,9.37553e-06,0.932169,0.0678214,0.1227,0,0.474457,0.25
corrected,242-R-mPFC-S1-NE_2023_01_12,141,2,Engaged,6.50162e-05,0.0986741,0.901261,0.880282,1,-0.52632,0.25
corrected,242-R-mPFC-S1-NE_2023_01_12,142,2,Engaged,4.14715e-05,0.0538362,0.946122,0.210627,0,-0.529911,0.05
corrected,242-R-mPFC-S1-NE_2023_01_12,143,2,Engaged,4.27996e-05,0.019375,0.980582,0.95236,1,0.0205621,0.25
corrected,242-R-mPFC-S1-NE_2023_01_12,144,2,Engaged,3.64646e-05,0.0301171,0.969846,0.942597,1,0.0749325,0.25
corrected,242-R-mPFC-S1-NE_2023_01_12,145,2,Engaged,1.29273e-05,0.159898,0.840089,0.11842,0,-0.622249,0.025
corrected,242-R-mPFC-S1-NE_2023_01_12,146,2,Engaged,5.80197e-06,0.298657,0.701337,0.103555,0,-0.532489,0.025
corrected,242-R-mPFC-S1-NE_2023_01_12,147,1,Conservative,3.27647e-06,0.578467,0.42153,0.0487403,0,0.407053,0
corrected,242-R-mPFC-S1-NE_2023_01_12,148,1,Conservative,1.07511e-06,0.965895,0.0341042,0.092046,0,0.853649,0.25
corrected,242-R-mPFC-S1-NE_2023_01_12,149,1,Conservative,5.85306e-07,0.971039,0.0289607,0.0364961,0,0.445028,0.05
corrected,242-R-mPFC-S1-NE_2023_01_12,150,1,Conservative,3.7626e-07,0.983679,0.0163209,0.0340966,0,1.06047,0.05
corrected,242-R-mPFC-S1-NE_2023_01_12,151,1,Conservative,3.50525e-07,0.997502,0.00249768,0.0378997,0,1.20401,0.1
corrected,242-R-mPFC-S1-NE_2023_01_12,152,1,Conservative,1.74629e-06,0.999972,2.59309e-05,0.136295,0,-0.41907,0.5
corrected,242-R-mPFC-S1-NE_2023_01_12,153,1,Conservative,1.88279e-05,0.985688,0.0142931,0.0268734,0,1.95064,0
corrected,242-R-mPFC-S1-NE_2023_01_12,154,1,Conservative,0.000108433,0.951765,0.0481264,0.0402116,0,0.883005,0.05
corrected,243-R-mPFC-S1-NE_2022_12_21,1,2,Engaged,0.0115605,0.00444288,0.983997,0.997688,1,-0.313747,1
corrected,243-R-mPFC-S1-NE_2022_12_21,2,2,Engaged,0.0091869,0.00132884,0.989484,0.998602,1,-0.256415,0.5
corrected,243-R-mPFC-S1-NE_2022_12_21,3,2,Engaged,0.00677004,0.00224079,0.990989,0.998833,1,-0.329598,1
corrected,243-R-mPFC-S1-NE_2022_12_21,4,2,Engaged,0.00423876,0.00288136,0.99288,0.997351,1,-0.473571,0.5
corrected,243-R-mPFC-S1-NE_2022_12_21,5,2,Engaged,0.00138802,0.0125042,0.986108,0.135003,0,-0.764698,0.025
corrected,243-R-mPFC-S1-NE_2022_12_21,6,2,Engaged,0.00051419,0.0214956,0.97799,0.133533,0,-0.529268,0.025
corrected,243-R-mPFC-S1-NE_2022_12_21,7,2,Engaged,0.000223777,0.0263716,0.973405,0.215937,0,-0.65465,0.05
corrected,243-R-mPFC-S1-NE_2022_12_21,8,2,Engaged,0.000130824,0.0264621,0.973407,0.469089,0,-0.742855,0.1
corrected,243-R-mPFC-S1-NE_2022_12_21,9,2,Engaged,9.84705e-05,0.0158271,0.984074,0.991795,1,-0.878187,1
corrected,243-R-mPFC-S1-NE_2022_12_21,10,2,Engaged,6.61965e-05,0.0157448,0.984189,0.986318,1,-0.473408,0.5
corrected,243-R-mPFC-S1-NE_2022_12_21,11,2,Engaged,2.27227e-05,0.0428803,0.957097,0.461764,0,-0.699,0.1
corrected,243-R-mPFC-S1-NE_2022_12_21,12,2,Engaged,8.68076e-06,0.0603907,0.939601,0.129074,0,-0.378158,0.025
corrected,243-R-mPFC-S1-NE_2022_12_21,13,2,Engaged,3.83682e-06,0.0689906,0.931006,0.0761102,0,-0.746635,0
corrected,243-R-mPFC-S1-NE_2022_12_21,14,2,Engaged,2.2528e-06,0.0775822,0.922416,0.127229,0,-0.703605,0.025
corrected,243-R-mPFC-S1-NE_2022_12_21,15,2,Engaged,2.10391e-06,0.0849345,0.915063,0.443085,0,-0.654665,0.1
corrected,243-R-mPFC-S1-NE_2022_12_21,16,2,Engaged,2.7186e-06,0.0782191,0.921778,0.446067,0,-0.706225,0.1
corrected,243-R-mPFC-S1-NE_2022_12_21,17,2,Engaged,8.85646e-06,0.177559,0.822432,0.0702808,0,3.58378,0
corrected,243-R-mPFC-S1-NE_2022_12_21,18,2,Engaged,1.97486e-05,0.10908,0.8909,0.200129,0,-0.718922,0.05
corrected,243-R-mPFC-S1-NE_2022_12_21,19,2,Engaged,5.96484e-05,0.0086259,0.991314,0.992466,1,-1.11181,0.5
corrected,243-R-mPFC-S1-NE_2022_12_21,20,2,Engaged,7.19015e-05,0.00152352,0.998405,0.220574,1,-0.483171,0.05
corrected,243-R-mPFC-S1-NE_2022_12_21,21,2,Engaged,5.0044e-05,0.000429228,0.999521,0.96958,1,-0.735919,0.25
corrected,243-R-mPFC-S1-NE_2022_12_21,22,2,Engaged,2.78654e-05,0.00370017,0.996272,0.479162,0,-0.524745,0.1
corrected,243-R-mPFC-S1-NE_2022_12_21,23,2,Engaged,2.05061e-05,0.000577076,0.999402,0.969448,1,-0.783167,0.25
corrected,243-R-mPFC-S1-NE_2022_12_21,24,2,Engaged,1.05884e-05,0.00211775,0.997872,0.135316,0,-0.811345,0.025
corrected,243-R-mPFC-S1-NE_2022_12_21,25,2,Engaged,8.88141e-06,0.000753048,0.999238,0.969288,1,-0.793064,0.25
corrected,243-R-mPFC-S1-NE_2022_12_21,26,2,Engaged,4.1257e-06,0.00497551,0.99502,0.135006,0,-0.9497,0.025
corrected,243-R-mPFC-S1-NE_2022_12_21,27,2,Engaged,3.26244e-06,0.00733861,0.992658,0.134752,0,-0.761239,0.025
corrected,243-R-mPFC-S1-NE_2022_12_21,28,2,Engaged,4.56625e-06,0.00639112,0.993604,0.994397,1,-0.86375,0.5
corrected,243-R-mPFC-S1-NE_2022_12_21,29,2,Engaged,2.24826e-06,0.0205678,0.97943,0.216922,0,-1.05201,0.05
corrected,243-R-mPFC-S1-NE_2022_12_21,30,2,Engaged,1.48969e-06,0.0296571,0.970341,0.0782218,0,-1.21099,0
corrected,243-R-mPFC-S1-NE_2022_12_21,31,2,Engaged,1.65625e-06,0.0494406,0.950558,0.458844,0,-0.426664,0.1
corrected,243-R-mPFC-S1-NE_2022_12_21,32,2,Engaged,1.56717e-06,0.0467167,0.953282,0.460054,0,-1.15936,0.1
corrected,243-R-mPFC-S1-NE_2022_12_21,33,2,Engaged,1.53513e-06,0.0327428,0.967256,0.078056,0,-1.22408,0
corrected,243-R-mPFC-S1-NE_2022_12_21,34,2,Engaged,2.4168e-06,0.030235,0.969763,0.1323,0,-0.199554,0.025
corrected,243-R-mPFC-S1-NE_2022_12_21,35,2,Engaged,3.82599e-06,0.00950092,0.990495,0.991711,1,-1.42137,0.5
corrected,243-R-mPFC-S1-NE_2022_12_21,36,2,Engaged,2.23641e-06,0.0189665,0.981031,0.217226,0,-0.392588,0.05
corrected,243-R-mPFC-S1-NE_2022_12_21,37,2,Engaged,1.8268e-06,0.0209378,0.97906,0.0786904,0,-0.759907,0
corrected,243-R-mPFC-S1-NE_2022_12_21,38,2,Engaged,1.85763e-06,0.0188657,0.981132,0.217245,0,-1.03681,0.05
corrected,243-R-mPFC-S1-NE_2022_12_21,39,2,Engaged,2.46957e-06,0.00990097,0.990097,0.0792837,0,-1.49346,0
corrected,243-R-mPFC-S1-NE_2022_12_21,40,2,Engaged,4.61791e-06,0.00149814,0.998497,0.998623,1,-1.34041,0.5
corrected,243-R-mPFC-S1-NE_2022_12_21,41,2,Engaged,4.26979e-06,0.0025917,0.997404,0.0796774,0,-0.673511,0
corrected,243-R-mPFC-S1-NE_2022_12_21,42,2,Engaged,6.35863e-06,0.000196318,0.999797,0.969794,1,-0.934888,0.25
corrected,243-R-mPFC-S1-NE_2022_12_21,43,2,Engaged,6.38704e-06,0.000366805,0.999627,0.969639,1,-0.541992,0.25
corrected,243-R-mPFC-S1-NE_2022_12_21,44,2,Engaged,3.29983e-06,0.00359037,0.996406,0.135154,0,-0.831776,0.025
corrected,243-R-mPFC-S1-NE_2022_12_21,45,2,Engaged,3.01554e-06,0.00450045,0.995497,0.0795741,0,-0.677436,0
corrected,243-R-mPFC-S1-NE_2022_12_21,46,2,Engaged,4.2206e-06,0.0016681,0.998328,0.998476,1,-0.978211,0.5
corrected,243-R-mPFC-S1-NE_2022_12_21,47,2,Engaged,2.6013e-06,0.00490554,0.995092,0.219895,0,-0.791711,0.05
corrected,243-R-mPFC-S1-NE_2022_12_21,48,2,Engaged,2.43851e-06,0.00331205,0.996686,0.0796376,0,-1.16244,0
corrected,243-R-mPFC-S1-NE_2022_12_21,49,2,Engaged,4.06563e-06,0.00058537,0.999411,0.969441,1,-0.812108,0.25
corrected,243-R-mPFC-S1-NE_2022_12_21,50,2,Engaged,2.72256e-06,0.00230021,0.997697,0.22039,0,-0.915164,0.05
corrected,243-R-mPFC-S1-NE_2022_12_21,51,2,Engaged,3.35664e-06,0.000824242,0.999172,0.969224,1,-0.883359,0.25
corrected,243-R-mPFC-S1-NE_2022_12_21,52,2,Engaged,2.07961e-06,0.0123755,0.987622,0.218477,0,-0.00926348,0.05
corrected,243-R-mPFC-S1-NE_2022_12_21,53,2,Engaged,1.73921e-06,0.0156711,0.984327,0.217851,0,-0.438162,0.05
corrected,243-R-mPFC-S1-NE_2022_12_21,54,2,Engaged,3.33655e-06,0.0238868,0.97611,0.470191,0,0.642237,0.1
corrected,243-R-mPFC-S1-NE_2022_12_21,55,2,Engaged,5.46156e-06,0.00412099,0.995874,0.966227,1,-0.933978,0.25
corrected,243-R-mPFC-S1-NE_2022_12_21,56,2,Engaged,3.20896e-06,0.00640603,0.993591,0.0794719,0,-1.07909,0
corrected,243-R-mPFC-S1-NE_2022_12_21,57,2,Engaged,3.30402e-06,0.00739718,0.9926,0.219423,0,-0.881893,0.05
corrected,243-R-mPFC-S1-NE_2022_12_21,58,2,Engaged,5.90751e-06,0.00460151,0.995393,0.997615,1,-0.962804,1
corrected,243-R-mPFC-S1-NE_2022_12_21,59,2,Engaged,6.35124e-06,0.0065789,0.993415,0.99659,1,-0.319425,1
corrected,243-R-mPFC-S1-NE_2022_12_21,60,2,Engaged,3.91082e-06,0.0125821,0.987414,0.0791405,0,-0.178074,0
corrected,243-R-mPFC-S1-NE_2022_12_21,61,2,Engaged,3.88297e-06,0.0148539,0.985142,0.0790185,0,-0.319832,0
corrected,243-R-mPFC-S1-NE_2022_12_21,62,2,Engaged,6.03122e-06,0.0124883,0.987506,0.475253,0,-0.619913,0.1
corrected,243-R-mPFC-S1-NE_2022_12_21,63,2,Engaged,1.30643e-05,0.0010671,0.99892,0.969003,1,-0.700463,0.25
corrected,243-R-mPFC-S1-NE_2022_12_21,64,2,Engaged,1.76183e-05,0.0026952,0.997287,0.135258,0,-0.0772204,0.025
corrected,243-R-mPFC-S1-NE_2022_12_21,65,2,Engaged,3.4936e-05,0.000308264,0.999657,0.48067,1,-0.331062,0.1
corrected,243-R-mPFC-S1-NE_2022_12_21,66,2,Engaged,3.96881e-05,0.000293712,0.999667,0.969704,1,-0.257445,0.25
corrected,243-R-mPFC-S1-NE_2022_12_21,67,2,Engaged,4.15124e-05,0.00249637,0.997462,0.479701,1,-0.431096,0.1
corrected,243-R-mPFC-S1-NE_2022_12_21,68,1,Conservative,6.44356e-06,0.948371,0.0516227,0.107974,0,4.31347,0.25
corrected,243-R-mPFC-S1-NE_2022_12_21,69,1,Conservative,4.9669e-06,0.860318,0.139677,0.0988114,0,-0.152188,0.1
corrected,243-R-mPFC-S1-NE_2022_12_21,70,1,Conservative,7.78434e-06,0.649366,0.350626,0.0975621,0,-0.626123,0.05
corrected,243-R-mPFC-S1-NE_2022_12_21,71,2,Engaged,1.69144e-05,0.354765,0.645218,0.060766,0,-0.990753,0
corrected,243-R-mPFC-S1-NE_2022_12_21,72,2,Engaged,3.8123e-05,0.0633042,0.936658,0.945244,1,-1.16075,0.5
corrected,243-R-mPFC-S1-NE_2022_12_21,73,2,Engaged,3.08482e-05,0.0483579,0.951611,0.974932,1,-0.355089,1
corrected,243-R-mPFC-S1-NE_2022_12_21,74,2,Engaged,1.94209e-05,0.0480727,0.951908,0.459458,0,-0.234863,0.1
corrected,243-R-mPFC-S1-NE_2022_12_21,75,2,Engaged,1.80048e-05,0.0323493,0.967633,0.132082,0,-0.435427,0.025
corrected,243-R-mPFC-S1-NE_2022_12_21,76,2,Engaged,2.73973e-05,0.0125594,0.987413,0.993489,1,-0.502231,1
corrected,243-R-mPFC-S1-NE_2022_12_21,77,2,Engaged,3.04063e-05,0.00140875,0.998561,0.9987,1,-0.75933,0.5
corrected,243-R-mPFC-S1-NE_2022_12_21,78,2,Engaged,3.06701e-05,0.000733922,0.999235,0.999282,1,-0.320835,0.5
corrected,243-R-mPFC-S1-NE_2022_12_21,79,2,Engaged,2.95982e-05,0.00383182,0.996139,0.998014,1,0.137429,1
corrected,243-R-mPFC-S1-NE_2022_12_21,80,2,Engaged,2.40188e-05,0.00667539,0.993301,0.47784,0,-0.266745,0.1
corrected,243-R-mPFC-S1-NE_2022_12_21,81,2,Engaged,2.81574e-05,0.00305793,0.996914,0.998415,1,-0.2645,1
corrected,243-R-mPFC-S1-NE_2022_12_21,82,2,Engaged,2.95286e-05,0.00131031,0.99866,0.998785,1,-0.0816547,0.5
corrected,243-R-mPFC-S1-NE_2022_12_21,83,2,Engaged,2.98036e-05,0.0061916,0.993779,0.478056,0,0.543362,0.1
corrected,243-R-mPFC-S1-NE_2022_12_21,84,2,Engaged,4.05724e-05,0.00226224,0.997697,0.967915,1,0.132708,0.25
corrected,243-R-mPFC-S1-NE_2022_12_21,85,2,Engaged,4.60132e-05,0.00754115,0.992413,0.993403,1,-0.269163,0.5
corrected,243-R-mPFC-S1-NE_2022_12_21,86,2,Engaged,4.7419e-05,0.0607248,0.939228,0.209323,0,-0.0445051,0.05
corrected,243-R-mPFC-S1-NE_2022_12_21,87,2,Engaged,7.07338e-05,0.097098,0.902831,0.881714,0,-0.249038,0.25
corrected,243-R-mPFC-S1-NE_2022_12_21,88,2,Engaged,8.54941e-05,0.0126123,0.987302,0.989023,1,-0.0157856,0.5
corrected,243-R-mPFC-S1-NE_2022_12_21,89,2,Engaged,8.08462e-05,0.0010913,0.998828,0.480337,1,-0.106583,0.1
corrected,243-R-mPFC-S1-NE_2022_12_21,90,2,Engaged,5.68781e-05,0.000256981,0.999686,0.969736,1,-0.194622,0.25
corrected,243-R-mPFC-S1-NE_2022_12_21,91,2,Engaged,4.64174e-05,0.0276892,0.972264,0.132598,0,3.00289,0.025
corrected,243-R-mPFC-S1-NE_2022_12_21,92,2,Engaged,4.72625e-05,0.0274857,0.972467,0.985752,1,1.54217,1
corrected,243-R-mPFC-S1-NE_2022_12_21,93,2,Engaged,4.16157e-05,0.0281011,0.971857,0.975647,1,1.00237,0.5
corrected,243-R-mPFC-S1-NE_2022_12_21,94,2,Engaged,2.78517e-05,0.0587618,0.94121,0.454714,0,0.6094,0.1
corrected,243-R-mPFC-S1-NE_2022_12_21,95,2,Engaged,2.64296e-05,0.0642094,0.935764,0.944462,1,0.227334,0.5
corrected,243-R-mPFC-S1-NE_2022_12_21,96,2,Engaged,1.19697e-05,0.420228,0.57976,0.141061,0,2.02341,0.05
corrected,243-R-mPFC-S1-NE_2022_12_21,97,1,Conservative,1.20467e-05,0.539509,0.460479,0.479599,0,0.982849,0.25
corrected,243-R-mPFC-S1-NE_2022_12_21,98,2,Engaged,9.14479e-06,0.451637,0.548354,0.0871744,0,1.06974,0.025
corrected,243-R-mPFC-S1-NE_2022_12_21,99,2,Engaged,1.38588e-05,0.261357,0.738629,0.107555,0,0.253423,0.025
corrected,243-R-mPFC-S1-NE_2022_12_21,100,2,Engaged,3.31237e-05,0.016047,0.98392,0.955386,1,0.0113613,0.25
corrected,243-R-mPFC-S1-NE_2022_12_21,101,2,Engaged,3.013e-05,0.0161241,0.983846,0.21778,0,1.64357,0.05
corrected,243-R-mPFC-S1-NE_2022_12_21,102,2,Engaged,3.85532e-05,0.00255384,0.997408,0.997711,1,0.818839,0.5
corrected,243-R-mPFC-S1-NE_2022_12_21,103,2,Engaged,4.05139e-05,0.000281315,0.999678,0.969715,1,0.627794,0.25
corrected,243-R-mPFC-S1-NE_2022_12_21,104,2,Engaged,4.12257e-05,0.000969586,0.998989,0.999497,1,1.00999,1
corrected,243-R-mPFC-S1-NE_2022_12_21,105,2,Engaged,3.89039e-05,0.000497671,0.999463,0.999486,1,1.06249,0.5
corrected,243-R-mPFC-S1-NE_2022_12_21,106,2,Engaged,3.20709e-05,0.000400989,0.999567,0.969607,1,0.728357,0.25
corrected,243-R-mPFC-S1-NE_2022_12_21,107,2,Engaged,2.89068e-05,0.0418565,0.958115,0.13107,0,3.70102,0.025
corrected,243-R-mPFC-S1-NE_2022_12_21,108,2,Engaged,3.11025e-05,0.0305249,0.969444,0.215047,0,1.10657,0.05
corrected,243-R-mPFC-S1-NE_2022_12_21,109,2,Engaged,5.21685e-05,0.0123017,0.987646,0.993623,1,1.13871,1
corrected,243-R-mPFC-S1-NE_2022_12_21,110,2,Engaged,6.85775e-05,0.00851356,0.991418,0.219245,1,1.90219,0.05
corrected,243-R-mPFC-S1-NE_2022_12_21,111,2,Engaged,4.4776e-05,0.00968822,0.990267,0.476509,0,0.759731,0.1
corrected,243-R-mPFC-S1-NE_2022_12_21,112,2,Engaged,4.00178e-05,0.00359625,0.996364,0.99681,1,0.872589,0.5
corrected,243-R-mPFC-S1-NE_2022_12_21,113,2,Engaged,3.066e-05,0.0053004,0.994669,0.478452,0,0.73481,0.1
corrected,243-R-mPFC-S1-NE_2022_12_21,114,2,Engaged,3.32519e-05,0.00109872,0.998868,0.998967,1,0.895052,0.5
corrected,243-R-mPFC-S1-NE_2022_12_21,115,2,Engaged,3.19834e-05,0.000720397,0.999248,0.999294,1,0.845502,0.5
corrected,243-R-mPFC-S1-NE_2022_12_21,116,2,Engaged,2.76405e-05,0.00239113,0.997581,0.99876,1,0.871215,1
corrected,243-R-mPFC-S1-NE_2022_12_21,117,2,Engaged,2.09941e-05,0.00537856,0.9946,0.134972,0,1.17181,0.025
corrected,243-R-mPFC-S1-NE_2022_12_21,118,2,Engaged,2.28655e-05,0.00197702,0.998,0.998975,1,0.590759,1
corrected,243-R-mPFC-S1-NE_2022_12_21,119,2,Engaged,2.36469e-05,0.00128766,0.998689,0.998804,1,1.42092,0.5
corrected,243-R-mPFC-S1-NE_2022_12_21,120,2,Engaged,1.78658e-05,0.00103229,0.99895,0.999025,1,0.363304,0.5
corrected,243-R-mPFC-S1-NE_2022_12_21,121,2,Engaged,1.06877e-05,0.00715433,0.992835,0.219473,0,0.963208,0.05
corrected,243-R-mPFC-S1-NE_2022_12_21,122,2,Engaged,1.00161e-05,0.00667142,0.993319,0.994155,1,0.60197,0.5
corrected,243-R-mPFC-S1-NE_2022_12_21,123,2,Engaged,5.71775e-06,0.023137,0.976857,0.216436,0,0.656434,0.05
corrected,243-R-mPFC-S1-NE_2022_12_21,124,2,Engaged,5.40464e-06,0.0292092,0.970785,0.215283,0,0.308622,0.05
corrected,243-R-mPFC-S1-NE_2022_12_21,125,2,Engaged,8.29814e-06,0.0235324,0.976459,0.987801,1,-0.346312,1
corrected,243-R-mPFC-S1-NE_2022_12_21,126,2,Engaged,8.53091e-06,0.0317306,0.968261,0.214806,0,0.295383,0.05
corrected,243-R-mPFC-S1-NE_2022_12_21,127,2,Engaged,1.51099e-05,0.0335819,0.966403,0.939449,1,0.209741,0.25
corrected,243-R-mPFC-S1-NE_2022_12_21,128,2,Engaged,1.5227e-05,0.173032,0.826953,0.910303,1,0.3957,1
corrected,243-R-mPFC-S1-NE_2022_12_21,129,2,Engaged,4.36076e-06,0.480969,0.519027,0.267245,0,0.423513,0.1
corrected,243-R-mPFC-S1-NE_2022_12_21,130,1,Conservative,2.12872e-06,0.560726,0.439271,0.114385,0,-0.559975,0.05
corrected,243-R-mPFC-S1-NE_2022_12_21,131,1,Conservative,1.56731e-06,0.65626,0.343739,0.0445602,0,-0.209343,0
corrected,243-R-mPFC-S1-NE_2022_12_21,132,1,Conservative,1.05341e-06,0.799761,0.200238,0.125698,0,0.25815,0.1
corrected,243-R-mPFC-S1-NE_2022_12_21,133,1,Conservative,1.15983e-06,0.856671,0.143328,0.0337937,0,-0.178376,0
corrected,243-R-mPFC-S1-NE_2022_12_21,134,1,Conservative,1.49371e-06,0.934484,0.0655149,0.0434358,0,0.12919,0.05
corrected,243-R-mPFC-S1-NE_2022_12_21,135,1,Conservative,3.63281e-06,0.968568,0.031428,0.0318115,0,-0.792833,0.025
corrected,243-R-mPFC-S1-NE_2022_12_21,136,1,Conservative,1.06735e-05,0.995535,0.00445402,0.140127,0,-1.30343,0.5
corrected,243-R-mPFC-S1-NE_2022_12_21,137,2,Engaged,7.66249e-05,0.0770579,0.922865,0.899929,1,-0.194741,0.25
corrected,243-R-mPFC-S1-NE_2022_12_21,138,2,Engaged,6.2271e-05,0.0697431,0.930195,0.076105,0,1.58186,0
corrected,243-R-mPFC-S1-NE_2022_12_21,139,2,Engaged,6.4485e-05,0.00466411,0.995271,0.96573,1,-0.232382,0.25
corrected,243-R-mPFC-S1-NE_2022_12_21,140,2,Engaged,5.43614e-05,0.000440605,0.999505,0.480618,1,-0.409153,0.1
corrected,243-R-mPFC-S1-NE_2022_12_21,141,2,Engaged,2.91803e-05,0.000492187,0.999479,0.0798052,0,-0.213904,0
corrected,243-R-mPFC-S1-NE_2022_12_21,142,2,Engaged,3.16624e-05,0.00266565,0.997303,0.997614,1,2.80919,0.5
corrected,243-R-mPFC-S1-NE_2022_12_21,143,2,Engaged,2.55623e-05,0.00609434,0.99388,0.219682,0,1.48373,0.05
corrected,243-R-mPFC-S1-NE_2022_12_21,144,2,Engaged,2.87745e-05,0.00134719,0.998624,0.480207,1,0.74732,0.1
corrected,243-R-mPFC-S1-NE_2022_12_21,145,2,Engaged,2.02266e-05,0.00277348,0.997206,0.135251,0,0.524034,0.025
corrected,243-R-mPFC-S1-NE_2022_12_21,146,2,Engaged,2.30578e-05,0.00195443,0.998023,0.479936,1,0.904652,0.1
corrected,243-R-mPFC-S1-NE_2022_12_21,147,2,Engaged,1.36261e-05,0.00724235,0.992744,0.219457,0,0.217452,0.05
corrected,243-R-mPFC-S1-NE_2022_12_21,148,2,Engaged,1.20276e-05,0.0055931,0.994395,0.478316,0,-0.311991,0.1
corrected,243-R-mPFC-S1-NE_2022_12_21,149,2,Engaged,1.9183e-05,0.00233229,0.997649,0.997902,1,0.694272,0.5
corrected,243-R-mPFC-S1-NE_2022_12_21,150,2,Engaged,2.34076e-05,0.00623207,0.993745,0.964307,1,0.952961,0.25
corrected,243-R-mPFC-S1-NE_2022_12_21,151,2,Engaged,2.28581e-05,0.0971321,0.902845,0.125147,0,1.2842,0.025
corrected,243-R-mPFC-S1-NE_2022_12_21,152,2,Engaged,3.32403e-05,0.133965,0.866001,0.121209,0,0.414799,0.025
corrected,243-R-mPFC-S1-NE_2022_12_21,153,2,Engaged,6.6151e-05,0.146125,0.853809,0.072004,0,-0.320236,0
corrected,243-R-mPFC-S1-NE_2022_12_21,154,2,Engaged,0.000173931,0.17041,0.829416,0.405189,0,0.204329,0.1
corrected,243-R-mPFC-S1-NE_2022_12_22,1,1,Conservative,0.000553106,0.999447,4.68411e-08,0.4819,0,-0.409199,1
corrected,243-R-mPFC-S1-NE_2022_12_22,2,1,Conservative,0.000431182,0.658703,0.340866,0.0446879,0,-0.431895,0
corrected,243-R-mPFC-S1-NE_2022_12_22,3,2,Engaged,0.000440303,0.452292,0.547268,0.1352,0,0.165316,0.05
corrected,243-R-mPFC-S1-NE_2022_12_22,4,2,Engaged,0.000673534,0.0709114,0.928415,0.938662,1,-0.447506,0.5
corrected,243-R-mPFC-S1-NE_2022_12_22,5,2,Engaged,0.000693446,0.0148305,0.984476,0.218375,1,-0.72453,0.05
corrected,243-R-mPFC-S1-NE_2022_12_22,6,2,Engaged,0.000562081,0.00816522,0.991273,0.0797143,0,-0.914229,0
corrected,243-R-mPFC-S1-NE_2022_12_22,7,2,Engaged,0.000536953,0.00151355,0.997949,0.9986,1,-0.6229,0.5
corrected,243-R-mPFC-S1-NE_2022_12_22,8,2,Engaged,0.000503574,0.000754552,0.998742,0.220947,1,-0.857559,0.05
corrected,243-R-mPFC-S1-NE_2022_12_22,9,2,Engaged,0.000340196,0.00271035,0.996949,0.998595,1,-0.772705,1
corrected,243-R-mPFC-S1-NE_2022_12_22,10,2,Engaged,0.000167404,0.00542622,0.994406,0.0796235,0,-0.880782,0
corrected,243-R-mPFC-S1-NE_2022_12_22,11,2,Engaged,0.000109624,0.00561317,0.994277,0.219817,0,-0.907104,0.05
corrected,243-R-mPFC-S1-NE_2022_12_22,12,2,Engaged,9.7099e-05,0.00261142,0.997291,0.998646,1,-0.864546,1
corrected,243-R-mPFC-S1-NE_2022_12_22,13,2,Engaged,8.15343e-05,0.000811423,0.999107,0.480462,1,-0.847674,0.1
corrected,243-R-mPFC-S1-NE_2022_12_22,14,2,Engaged,4.53019e-05,0.00446843,0.995486,0.0796013,0,-0.798243,0
corrected,243-R-mPFC-S1-NE_2022_12_22,15,2,Engaged,3.5757e-05,0.00596321,0.994001,0.0795153,0,-0.71434,0
corrected,243-R-mPFC-S1-NE_2022_12_22,16,2,Engaged,4.02715e-05,0.00520343,0.994756,0.135002,0,-0.648156,0.025
corrected,243-R-mPFC-S1-NE_2022_12_22,17,2,Engaged,6.47633e-05,0.000547294,0.999388,0.999443,1,-0.864468,0.5
corrected,243-R-mPFC-S1-NE_2022_12_22,18,2,Engaged,8.99304e-05,0.000344521,0.999566,0.999618,1,-0.230354,0.5
corrected,243-R-mPFC-S1-NE_2022_12_22,19,2,Engaged,0.000109809,0.000189425,0.999701,0.969795,1,-0.536968,0.25
corrected,243-R-mPFC-S1-NE_2022_12_22,20,2,Engaged,0.000126318,0.000911161,0.998963,0.999528,1,-0.778197,1
corrected,243-R-mPFC-S1-NE_2022_12_22,21,2,Engaged,0.000140297,0.000730077,0.99913,0.999621,1,-0.768323,1
corrected,243-R-mPFC-S1-NE_2022_12_22,22,2,Engaged,0.000156131,0.000347296,0.999497,0.999614,1,-0.225457,0.5
corrected,243-R-mPFC-S1-NE_2022_12_22,23,2,Engaged,0.00016837,0.000351533,0.99948,0.220847,1,-0.326252,0.05
corrected,243-R-mPFC-S1-NE_2022_12_22,24,2,Engaged,0.000131736,0.000358082,0.99951,0.480679,1,-0.650934,0.1
corrected,243-R-mPFC-S1-NE_2022_12_22,25,2,Engaged,5.82787e-05,0.00286264,0.997079,0.0796954,0,-0.759972,0
corrected,243-R-mPFC-S1-NE_2022_12_22,26,2,Engaged,3.38043e-05,0.00256093,0.997405,0.0796969,0,-0.80023,0
corrected,243-R-mPFC-S1-NE_2022_12_22,27,2,Engaged,3.02712e-05,0.00120946,0.99876,0.998872,1,-0.238223,0.5
corrected,243-R-mPFC-S1-NE_2022_12_22,28,2,Engaged,2.20515e-05,0.00230379,0.997674,0.135302,0,-0.671268,0.025
corrected,243-R-mPFC-S1-NE_2022_12_22,29,2,Engaged,2.47051e-05,0.000349554,0.999626,0.480649,1,-0.685461,0.1
corrected,243-R-mPFC-S1-NE_2022_12_22,30,2,Engaged,1.82938e-05,0.00101671,0.998965,0.999038,1,-0.562272,0.5
corrected,243-R-mPFC-S1-NE_2022_12_22,31,2,Engaged,9.86082e-06,0.00875356,0.991237,0.219169,0,-0.224851,0.05
corrected,243-R-mPFC-S1-NE_2022_12_22,32,2,Engaged,8.25234e-06,0.0100901,0.989902,0.994769,1,-0.588479,1
corrected,243-R-mPFC-S1-NE_2022_12_22,33,2,Engaged,3.54252e-06,0.0164647,0.983532,0.217701,0,-0.524938,0.05
corrected,243-R-mPFC-S1-NE_2022_12_22,34,2,Engaged,2.01274e-06,0.0173658,0.982632,0.21753,0,-0.717402,0.05
corrected,243-R-mPFC-S1-NE_2022_12_22,35,2,Engaged,1.95038e-06,0.0160243,0.983974,0.0789544,0,-0.509587,0
corrected,243-R-mPFC-S1-NE_2022_12_22,36,2,Engaged,2.69064e-06,0.0122131,0.987784,0.0791596,0,-0.525894,0
corrected,243-R-mPFC-S1-NE_2022_12_22,37,2,Engaged,5.97084e-06,0.00996586,0.990028,0.134472,0,0.0678312,0.025
corrected,243-R-mPFC-S1-NE_2022_12_22,38,2,Engaged,1.61807e-05,0.00406024,0.995924,0.997895,1,0.042736,1
corrected,243-R-mPFC-S1-NE_2022_12_22,39,2,Engaged,2.29134e-05,0.00100222,0.998975,0.969061,1,0.162788,0.25
corrected,243-R-mPFC-S1-NE_2022_12_22,40,2,Engaged,2.45137e-05,0.00228314,0.997692,0.0797062,0,-0.49529,0
corrected,243-R-mPFC-S1-NE_2022_12_22,41,2,Engaged,3.80308e-05,0.000191154,0.999771,0.969797,1,-0.686816,0.25
corrected,243-R-mPFC-S1-NE_2022_12_22,42,2,Engaged,5.00606e-05,0.000119797,0.99983,0.480759,1,-0.504795,0.1
corrected,243-R-mPFC-S1-NE_2022_12_22,43,2,Engaged,5.09332e-05,0.000334246,0.999615,0.999627,1,-0.27543,0.5
corrected,243-R-mPFC-S1-NE_2022_12_22,44,2,Engaged,4.8708e-05,0.000942681,0.999009,0.999511,1,-0.366094,1
corrected,243-R-mPFC-S1-NE_2022_12_22,45,2,Engaged,4.31444e-05,0.000329777,0.999627,0.999631,1,-0.473297,0.5
corrected,243-R-mPFC-S1-NE_2022_12_22,46,2,Engaged,3.50335e-05,0.000313728,0.999651,0.969686,1,-0.43986,0.25
corrected,243-R-mPFC-S1-NE_2022_12_22,47,2,Engaged,2.52511e-05,0.00388468,0.99609,0.997986,1,-0.304698,1
corrected,243-R-mPFC-S1-NE_2022_12_22,48,2,Engaged,1.02081e-05,0.00739425,0.992596,0.13475,0,-0.772029,0.025
corrected,243-R-mPFC-S1-NE_2022_12_22,49,2,Engaged,6.89125e-06,0.011085,0.988908,0.134353,0,-0.227222,0.025
corrected,243-R-mPFC-S1-NE_2022_12_22,50,2,Engaged,8.02096e-06,0.0104691,0.989523,0.47615,0,-0.401342,0.1
corrected,243-R-mPFC-S1-NE_2022_12_22,51,2,Engaged,1.43129e-05,0.00103499,0.998951,0.969032,1,-0.539696,0.25
corrected,243-R-mPFC-S1-NE_2022_12_22,52,2,Engaged,1.67841e-05,0.00147089,0.998512,0.999237,1,-0.539323,1
corrected,243-R-mPFC-S1-NE_2022_12_22,53,2,Engaged,1.72076e-05,0.0023145,0.997668,0.9988,1,-0.216508,1
corrected,243-R-mPFC-S1-NE_2022_12_22,54,2,Engaged,1.43548e-05,0.00296797,0.997018,0.135227,0,-0.33412,0.025
corrected,243-R-mPFC-S1-NE_2022_12_22,55,2,Engaged,1.99983e-05,0.000896422,0.999084,0.480404,1,-0.197429,0.1
corrected,243-R-mPFC-S1-NE_2022_12_22,56,2,Engaged,1.50209e-05,0.00235873,0.997626,0.0796964,0,-0.735021,0
corrected,243-R-mPFC-S1-NE_2022_12_22,57,2,Engaged,1.75199e-05,0.000787672,0.999195,0.999236,1,-0.842532,0.5
corrected,243-R-mPFC-S1-NE_2022_12_22,58,2,Engaged,1.8097e-05,0.00290608,0.997076,0.998494,1,-0.459537,1
corrected,243-R-mPFC-S1-NE_2022_12_22,59,2,Engaged,1.54279e-05,0.00575953,0.994225,0.079514,0,-0.564208,0
corrected,243-R-mPFC-S1-NE_2022_12_22,60,2,Engaged,2.08352e-05,0.00611212,0.993867,0.996832,1,-0.532397,1
corrected,243-R-mPFC-S1-NE_2022_12_22,61,2,Engaged,2.3672e-05,0.0101036,0.989873,0.994762,1,-0.330445,1
corrected,243-R-mPFC-S1-NE_2022_12_22,62,2,Engaged,2.2308e-05,0.0168352,0.983142,0.991273,1,-0.650442,1
corrected,243-R-mPFC-S1-NE_2022_12_22,63,2,Engaged,1.65946e-05,0.0301344,0.969849,0.984379,1,-0.928773,1
corrected,243-R-mPFC-S1-NE_2022_12_22,64,2,Engaged,6.70252e-06,0.0682431,0.93175,0.450498,0,-0.782536,0.1
corrected,243-R-mPFC-S1-NE_2022_12_22,65,2,Engaged,3.54679e-06,0.0888878,0.911109,0.44133,0,-0.718646,0.1
corrected,243-R-mPFC-S1-NE_2022_12_22,66,2,Engaged,2.97955e-06,0.0981356,0.901861,0.125028,0,-0.512778,0.025
corrected,243-R-mPFC-S1-NE_2022_12_22,67,2,Engaged,4.77168e-06,0.111243,0.888752,0.431405,0,-0.180338,0.1
corrected,243-R-mPFC-S1-NE_2022_12_22,68,2,Engaged,1.08226e-05,0.109793,0.890196,0.870179,1,-0.101321,0.25
corrected,243-R-mPFC-S1-NE_2022_12_22,69,1,Conservative,4.64537e-08,1,3.14849e-09,0.481614,0,1.94971,1
corrected,243-R-mPFC-S1-NE_2022_12_22,70,1,Conservative,2.91035e-07,0.991675,0.00832511,0.040487,0,1.06163,0.1
corrected,243-R-mPFC-S1-NE_2022_12_22,71,1,Conservative,9.00741e-07,0.965704,0.0342951,0.0279362,0,0.278439,0
corrected,243-R-mPFC-S1-NE_2022_12_22,72,1,Conservative,3.72338e-07,0.979438,0.0205612,0.027198,0,3.10941,0
corrected,243-R-mPFC-S1-NE_2022_12_22,73,1,Conservative,7.95307e-07,0.966492,0.0335071,0.0320322,0,0.470814,0.025
corrected,243-R-mPFC-S1-NE_2022_12_22,74,1,Conservative,1.16291e-07,0.996385,0.00361535,0.0288305,0,3.61075,0.025
corrected,243-R-mPFC-S1-NE_2022_12_22,75,1,Conservative,2.7966e-08,0.999945,5.46599e-05,0.0610965,0,1.10411,0.25
corrected,243-R-mPFC-S1-NE_2022_12_22,76,1,Conservative,9.61163e-08,0.999829,0.000170651,0.061202,0,-0.504744,0.25
corrected,243-R-mPFC-S1-NE_2022_12_22,77,1,Conservative,9.56635e-08,1,3.62824e-10,0.481614,0,0.953527,1
corrected,243-R-mPFC-S1-NE_2022_12_22,78,2,Engaged,7.29344e-05,0.298455,0.701472,0.348304,1,-0.272197,0.1
corrected,243-R-mPFC-S1-NE_2022_12_22,79,2,Engaged,3.52078e-05,0.246697,0.753268,0.371273,0,-0.485586,0.1
corrected,243-R-mPFC-S1-NE_2022_12_22,80,2,Engaged,2.40438e-05,0.147785,0.852191,0.0718894,0,-0.57404,0
corrected,243-R-mPFC-S1-NE_2022_12_22,81,2,Engaged,2.72346e-05,0.0589901,0.940983,0.94897,1,-0.497971,0.5
corrected,243-R-mPFC-S1-NE_2022_12_22,82,2,Engaged,1.90565e-05,0.0558364,0.944145,0.076826,0,-0.395832,0
corrected,243-R-mPFC-S1-NE_2022_12_22,83,2,Engaged,2.15922e-05,0.055718,0.94426,0.951796,1,-0.0314382,0.5
corrected,243-R-mPFC-S1-NE_2022_12_22,84,2,Engaged,1.71207e-05,0.102924,0.897058,0.124524,0,-0.406593,0.025
corrected,243-R-mPFC-S1-NE_2022_12_22,85,2,Engaged,2.21796e-05,0.140822,0.859156,0.120468,0,-0.594741,0.025
corrected,243-R-mPFC-S1-NE_2022_12_22,86,2,Engaged,4.58395e-05,0.186724,0.81323,0.800252,1,-0.327477,0.25
corrected,243-R-mPFC-S1-NE_2022_12_22,87,1,Conservative,4.39052e-05,0.999956,5.23641e-07,0.481637,0,-0.426745,1
corrected,243-R-mPFC-S1-NE_2022_12_22,88,2,Engaged,0.000426061,0.119526,0.880048,0.896681,1,-0.609059,0.5
corrected,243-R-mPFC-S1-NE_2022_12_22,89,2,Engaged,0.000456403,0.0216542,0.977889,0.981207,1,-0.513477,0.5
corrected,243-R-mPFC-S1-NE_2022_12_22,90,2,Engaged,0.000457669,0.0197567,0.979786,0.0790286,0,0.444335,0
corrected,243-R-mPFC-S1-NE_2022_12_22,91,2,Engaged,0.000516463,0.00742314,0.99206,0.996152,1,-0.298463,1
corrected,243-R-mPFC-S1-NE_2022_12_22,92,2,Engaged,0.000563101,0.000918436,0.998518,0.969107,1,-0.362207,0.25
corrected,243-R-mPFC-S1-NE_2022_12_22,93,2,Engaged,0.000607732,0.00258798,0.996804,0.135612,0,-0.135546,0.025
corrected,243-R-mPFC-S1-NE_2022_12_22,94,2,Engaged,0.000772458,0.000281172,0.998946,0.48092,1,-0.387518,0.1
corrected,243-R-mPFC-S1-NE_2022_12_22,95,2,Engaged,0.00086031,0.000240492,0.998899,0.999694,1,-0.258848,0.5
corrected,243-R-mPFC-S1-NE_2022_12_22,96,2,Engaged,0.000948218,0.000216956,0.998835,0.481006,1,-0.201312,0.1
corrected,243-R-mPFC-S1-NE_2022_12_22,97,2,Engaged,0.000976253,0.000681974,0.998342,0.999646,1,-0.517259,1
corrected,243-R-mPFC-S1-NE_2022_12_22,98,2,Engaged,0.00100544,0.000121022,0.998874,0.969808,1,-0.350598,0.25
corrected,243-R-mPFC-S1-NE_2022_12_22,99,2,Engaged,0.00103975,0.000195622,0.998765,0.999729,1,-0.155857,0.5
corrected,243-R-mPFC-S1-NE_2022_12_22,100,2,Engaged,0.00107745,0.000200952,0.998722,0.481055,1,0.0765316,0.1
corrected,243-R-mPFC-S1-NE_2022_12_22,101,2,Engaged,0.00106506,0.000644589,0.99829,0.221264,1,-0.145415,0.05
corrected,243-R-mPFC-S1-NE_2022_12_22,102,2,Engaged,0.000923542,0.00456757,0.994509,0.995955,1,0.140246,0.5
corrected,243-R-mPFC-S1-NE_2022_12_22,103,2,Engaged,0.000739979,0.0254154,0.973845,0.946832,1,-0.330178,0.25
corrected,243-R-mPFC-S1-NE_2022_12_22,104,2,Engaged,0.000198869,0.384188,0.615613,0.148001,0,-0.378713,0.05
corrected,243-R-mPFC-S1-NE_2022_12_22,105,1,Conservative,5.47972e-05,0.703035,0.29691,0.0420795,0,-0.384159,0
corrected,243-R-mPFC-S1-NE_2022_12_22,106,1,Conservative,1.04691e-05,0.999989,1.46851e-07,0.481619,0,-0.560896,1
corrected,243-R-mPFC-S1-NE_2022_12_22,107,1,Conservative,3.26402e-05,0.585116,0.414851,0.0728933,0,-0.0905183,0.025
corrected,243-R-mPFC-S1-NE_2022_12_22,108,2,Engaged,9.45112e-05,0.191,0.808906,0.834959,1,0.0270078,0.5
corrected,243-R-mPFC-S1-NE_2022_12_22,109,2,Engaged,8.88727e-05,0.156662,0.843249,0.411266,1,0.351739,0.1
corrected,243-R-mPFC-S1-NE_2022_12_22,110,2,Engaged,4.22185e-05,0.217164,0.782793,0.0681733,0,0.255277,0
corrected,243-R-mPFC-S1-NE_2022_12_22,111,1,Conservative,2.22752e-06,0.990973,0.00902469,0.0692515,0,3.73792,0.25
corrected,243-R-mPFC-S1-NE_2022_12_22,112,1,Conservative,7.29623e-07,0.993296,0.00670353,0.0397674,0,1.60413,0.1
corrected,243-R-mPFC-S1-NE_2022_12_22,113,1,Conservative,7.04634e-08,0.999997,3.2713e-06,0.136274,0,2.7254,0.5
corrected,243-R-mPFC-S1-NE_2022_12_22,114,1,Conservative,6.28312e-07,0.99346,0.00653942,0.0264449,0,2.58991,0
corrected,243-R-mPFC-S1-NE_2022_12_22,115,1,Conservative,9.63166e-09,1,2.494e-07,0.136272,0,5.62048,0.5
corrected,243-R-mPFC-S1-NE_2022_12_22,116,1,Conservative,8.3438e-07,0.978704,0.0212955,0.0350413,0,0.953816,0.05
corrected,243-R-mPFC-S1-NE_2022_12_22,117,1,Conservative,3.26162e-06,0.935889,0.0641078,0.0431699,0,0.24415,0.05
corrected,243-R-mPFC-S1-NE_2022_12_22,118,1,Conservative,9.10969e-06,0.907592,0.0923993,0.0485446,0,0.852356,0.05
corrected,243-R-mPFC-S1-NE_2022_12_22,119,1,Conservative,3.0211e-05,0.877052,0.122918,0.545348,1,0.955276,1
corrected,243-R-mPFC-S1-NE_2022_12_22,120,1,Conservative,4.24485e-05,0.851547,0.148411,0.55857,1,0.0690235,1
corrected,243-R-mPFC-S1-NE_2022_12_22,121,1,Conservative,4.4474e-05,0.8564,0.143556,0.0338344,0,0.23296,0
corrected,243-R-mPFC-S1-NE_2022_12_22,122,1,Conservative,6.42552e-05,0.85752,0.142416,0.0580786,1,-0.0509655,0.05
corrected,243-R-mPFC-S1-NE_2022_12_22,123,1,Conservative,2.504e-05,0.999975,1.19952e-07,0.481627,0,0.238085,1
corrected,243-R-mPFC-S1-NE_2022_12_22,124,2,Engaged,0.000117986,0.088892,0.91099,0.88917,1,0.444654,0.25
corrected,243-R-mPFC-S1-NE_2022_12_22,125,2,Engaged,9.12792e-05,0.0207158,0.979193,0.982024,1,0.152286,0.5
corrected,243-R-mPFC-S1-NE_2022_12_22,126,2,Engaged,5.55312e-05,0.0140654,0.985879,0.134062,0,0.187219,0.025
corrected,243-R-mPFC-S1-NE_2022_12_22,127,2,Engaged,4.80308e-05,0.00346103,0.996491,0.479275,1,0.168775,0.1
corrected,243-R-mPFC-S1-NE_2022_12_22,128,2,Engaged,2.17921e-05,0.00582198,0.994156,0.134925,0,-0.065488,0.025
corrected,243-R-mPFC-S1-NE_2022_12_22,129,2,Engaged,1.50566e-05,0.00586904,0.994116,0.0795079,0,0.15579,0
corrected,243-R-mPFC-S1-NE_2022_12_22,130,2,Engaged,1.69166e-05,0.00394582,0.996037,0.997955,1,0.394204,1
corrected,243-R-mPFC-S1-NE_2022_12_22,131,2,Engaged,1.52073e-05,0.00254163,0.997443,0.997722,1,0.271877,0.5
corrected,243-R-mPFC-S1-NE_2022_12_22,132,2,Engaged,9.50675e-06,0.00663009,0.99336,0.219571,0,-0.00945638,0.05
corrected,243-R-mPFC-S1-NE_2022_12_22,133,2,Engaged,9.96324e-06,0.00589932,0.994091,0.996942,1,-0.170612,1
corrected,243-R-mPFC-S1-NE_2022_12_22,134,2,Engaged,7.60908e-06,0.00808326,0.991909,0.0793844,0,0.00797473,0
corrected,243-R-mPFC-S1-NE_2022_12_22,135,2,Engaged,1.03437e-05,0.00862204,0.991368,0.476971,1,0.252835,0.1
corrected,243-R-mPFC-S1-NE_2022_12_22,136,2,Engaged,4.10257e-06,0.0581477,0.941848,0.209789,0,0.460491,0.05
corrected,243-R-mPFC-S1-NE_2022_12_22,137,2,Engaged,2.67999e-06,0.150871,0.849127,0.119381,0,1.55143,0.025
corrected,243-R-mPFC-S1-NE_2022_12_22,138,2,Engaged,2.49348e-06,0.183702,0.816295,0.115864,0,0.590646,0.025
corrected,243-R-mPFC-S1-NE_2022_12_22,139,2,Engaged,4.17165e-06,0.226717,0.773279,0.111259,0,1.03713,0.025
corrected,243-R-mPFC-S1-NE_2022_12_22,140,2,Engaged,9.90248e-06,0.263533,0.736457,0.863388,1,1.07624,1
corrected,243-R-mPFC-S1-NE_2022_12_22,141,2,Engaged,1.04977e-05,0.349124,0.650865,0.0981536,0,1.08196,0.025
corrected,243-R-mPFC-S1-NE_2022_12_22,142,2,Engaged,1.8239e-05,0.382835,0.617147,0.148162,0,0.259225,0.05
corrected,243-R-mPFC-S1-NE_2022_12_22,143,2,Engaged,4.89173e-05,0.44391,0.556042,0.283713,0,1.09412,0.1
corrected,243-R-mPFC-S1-NE_2022_12_22,144,1,Conservative,0.000161246,0.624619,0.375219,0.203513,0,3.35517,0.1
corrected,243-R-mPFC-S1-NE_2022_12_23,1,2,Engaged,0.0350565,0.00163939,0.963304,0.997863,1,-0.638633,0.5
corrected,243-R-mPFC-S1-NE_2022_12_23,2,2,Engaged,0.0324443,0.00050005,0.967056,0.998895,1,-0.765588,0.5
corrected,243-R-mPFC-S1-NE_2022_12_23,3,2,Engaged,0.0299042,0.000969299,0.969127,0.999475,1,-0.706603,1
corrected,243-R-mPFC-S1-NE_2022_12_23,4,2,Engaged,0.0273745,0.00060459,0.972021,0.998897,1,-0.692376,0.5
corrected,243-R-mPFC-S1-NE_2022_12_23,5,2,Engaged,0.0247711,0.00190576,0.973323,0.0946451,0,-0.819089,0
corrected,243-R-mPFC-S1-NE_2022_12_23,6,2,Engaged,0.0238884,0.000238775,0.975873,0.488403,1,-0.920657,0.1
corrected,243-R-mPFC-S1-NE_2022_12_23,7,2,Engaged,0.0223326,0.000116414,0.977551,0.968637,1,-0.999145,0.25
corrected,243-R-mPFC-S1-NE_2022_12_23,8,2,Engaged,0.0209567,0.000797736,0.978246,0.999571,1,-0.754643,1
corrected,243-R-mPFC-S1-NE_2022_12_23,9,2,Engaged,0.0195228,0.000175538,0.980302,0.487022,1,-0.90464,0.1
corrected,243-R-mPFC-S1-NE_2022_12_23,10,2,Engaged,0.0171497,0.000447402,0.982403,0.999218,1,-0.821589,0.5
corrected,243-R-mPFC-S1-NE_2022_12_23,11,2,Engaged,0.0146836,0.00184175,0.983475,0.0885673,0,-0.987214,0
corrected,243-R-mPFC-S1-NE_2022_12_23,12,2,Engaged,0.0138259,0.000216465,0.985958,0.485164,1,-1.13683,0.1
corrected,243-R-mPFC-S1-NE_2022_12_23,13,2,Engaged,0.0124125,0.000267582,0.98732,0.227317,1,-1.01516,0.05
corrected,243-R-mPFC-S1-NE_2022_12_23,14,2,Engaged,0.00734856,0.000336826,0.992315,0.969262,1,-1.18221,0.25
corrected,243-R-mPFC-S1-NE_2022_12_23,15,2,Engaged,0.00267412,0.00522396,0.992102,0.0811456,0,-0.999861,0
corrected,243-R-mPFC-S1-NE_2022_12_23,16,2,Engaged,0.000960209,0.00653567,0.992504,0.135394,0,-1.2772,0.025
corrected,243-R-mPFC-S1-NE_2022_12_23,17,2,Engaged,0.000395174,0.00517985,0.994425,0.0797741,0,-1.34418,0
corrected,243-R-mPFC-S1-NE_2022_12_23,18,2,Engaged,0.000239508,0.00483682,0.994924,0.135157,0,-0.576593,0.025
corrected,243-R-mPFC-S1-NE_2022_12_23,19,2,Engaged,0.000189373,0.000492759,0.999318,0.969515,1,-0.814185,0.25
corrected,243-R-mPFC-S1-NE_2022_12_23,20,2,Engaged,0.000135795,0.000639083,0.999225,0.969385,1,-1.01348,0.25
corrected,243-R-mPFC-S1-NE_2022_12_23,21,2,Engaged,8.00564e-05,0.0089411,0.990979,0.21917,0,-1.00559,0.05
corrected,243-R-mPFC-S1-NE_2022_12_23,22,2,Engaged,6.53294e-05,0.0129818,0.986953,0.134184,0,-1.14378,0.025
corrected,243-R-mPFC-S1-NE_2022_12_23,23,2,Engaged,7.12576e-05,0.0141732,0.985756,0.474526,1,-1.25191,0.1
corrected,243-R-mPFC-S1-NE_2022_12_23,24,2,Engaged,5.60188e-05,0.0861292,0.913815,0.442572,0,-1.2537,0.1
corrected,243-R-mPFC-S1-NE_2022_12_23,25,2,Engaged,6.24726e-05,0.139863,0.860075,0.842845,0,-1.01573,0.25
corrected,243-R-mPFC-S1-NE_2022_12_23,26,2,Engaged,5.42002e-05,0.0247484,0.975197,0.978542,1,-1.45595,0.5
corrected,243-R-mPFC-S1-NE_2022_12_23,27,2,Engaged,3.62522e-05,0.0186422,0.981322,0.47253,0,-0.960073,0.1
corrected,243-R-mPFC-S1-NE_2022_12_23,28,2,Engaged,3.53082e-05,0.00626203,0.993703,0.478027,1,-0.658728,0.1
corrected,243-R-mPFC-S1-NE_2022_12_23,29,2,Engaged,1.98665e-05,0.0130008,0.986979,0.47503,0,-0.75916,0.1
corrected,243-R-mPFC-S1-NE_2022_12_23,30,2,Engaged,1.51499e-05,0.0102936,0.989691,0.218879,0,-1.08471,0.05
corrected,243-R-mPFC-S1-NE_2022_12_23,31,2,Engaged,1.96107e-05,0.00523886,0.994742,0.997284,1,-0.936043,1
corrected,243-R-mPFC-S1-NE_2022_12_23,32,2,Engaged,2.03919e-05,0.00297587,0.997004,0.998457,1,-1.0018,1
corrected,243-R-mPFC-S1-NE_2022_12_23,33,2,Engaged,1.79081e-05,0.00177808,0.998204,0.999078,1,-1.05576,1
corrected,243-R-mPFC-S1-NE_2022_12_23,34,2,Engaged,1.18114e-05,0.000307269,0.999681,0.969693,1,-1.27949,0.25
corrected,243-R-mPFC-S1-NE_2022_12_23,35,2,Engaged,4.72299e-06,0.00286524,0.99713,0.220284,0,-0.773908,0.05
corrected,243-R-mPFC-S1-NE_2022_12_23,36,2,Engaged,3.51638e-06,0.00417281,0.995824,0.220035,0,-0.126889,0.05
corrected,243-R-mPFC-S1-NE_2022_12_23,37,2,Engaged,4.80628e-06,0.00150489,0.99849,0.968605,1,-0.178818,0.25
corrected,243-R-mPFC-S1-NE_2022_12_23,38,2,Engaged,2.80493e-06,0.0069655,0.993032,0.134792,0,-0.402686,0.025
corrected,243-R-mPFC-S1-NE_2022_12_23,39,2,Engaged,3.52493e-06,0.01361,0.986387,0.134081,0,0.258524,0.025
corrected,243-R-mPFC-S1-NE_2022_12_23,40,2,Engaged,5.77026e-06,0.010136,0.989858,0.96076,1,-0.682288,0.25
corrected,243-R-mPFC-S1-NE_2022_12_23,41,2,Engaged,4.10156e-06,0.0501984,0.949797,0.458509,0,-0.610395,0.1
corrected,243-R-mPFC-S1-NE_2022_12_23,42,2,Engaged,5.04733e-06,0.072847,0.927148,0.448453,0,-0.507109,0.1
corrected,243-R-mPFC-S1-NE_2022_12_23,43,2,Engaged,9.54609e-06,0.0794913,0.920499,0.931264,1,-0.552629,0.5
corrected,243-R-mPFC-S1-NE_2022_12_23,44,1,Conservative,2.9412e-07,0.99995,4.97613e-05,0.136315,0,2.25601,0.5
corrected,243-R-mPFC-S1-NE_2022_12_23,45,1,Conservative,8.85009e-10,1,1.57582e-12,0.481614,0,1.59663,1
corrected,243-R-mPFC-S1-NE_2022_12_23,46,1,Conservative,5.53571e-08,0.999545,0.000454966,0.0369925,0,1.08923,0.1
corrected,243-R-mPFC-S1-NE_2022_12_23,47,1,Conservative,3.31268e-08,0.999998,2.08814e-06,0.136273,0,0.282864,0.5
corrected,243-R-mPFC-S1-NE_2022_12_23,48,1,Conservative,1.64831e-07,0.99575,0.00425032,0.0386777,0,1.6252,0.1
corrected,243-R-mPFC-S1-NE_2022_12_23,49,1,Conservative,4.81011e-07,0.979353,0.0206466,0.045958,0,0.563155,0.1
corrected,243-R-mPFC-S1-NE_2022_12_23,50,1,Conservative,1.07803e-06,0.929509,0.0704898,0.0443798,0,-0.166624,0.05
corrected,243-R-mPFC-S1-NE_2022_12_23,51,1,Conservative,1.56747e-06,0.863469,0.13653,0.0430657,0,-0.413594,0.025
corrected,243-R-mPFC-S1-NE_2022_12_23,52,1,Conservative,1.88457e-06,0.820411,0.179587,0.06509,0,0.0641541,0.05
corrected,243-R-mPFC-S1-NE_2022_12_23,53,1,Conservative,3.38099e-06,0.771554,0.228442,0.0529101,0,0.0765191,0.025
corrected,243-R-mPFC-S1-NE_2022_12_23,54,1,Conservative,5.2752e-06,0.804014,0.195981,0.58321,1,2.8587,1
corrected,243-R-mPFC-S1-NE_2022_12_23,55,1,Conservative,4.13857e-06,0.821026,0.17897,0.116257,0,1.47179,0.1
corrected,243-R-mPFC-S1-NE_2022_12_23,56,1,Conservative,1.72193e-07,0.996307,0.0036928,0.0288389,0,5.93151,0.025
corrected,243-R-mPFC-S1-NE_2022_12_23,57,1,Conservative,3.25556e-08,1,3.30822e-10,0.481614,0,1.38734,1
corrected,243-R-mPFC-S1-NE_2022_12_23,58,1,Conservative,1.78864e-05,0.809083,0.190899,0.121564,0,0.334834,0.1
corrected,243-R-mPFC-S1-NE_2022_12_23,59,2,Engaged,0.000114145,0.233326,0.766559,0.798404,1,-0.390738,0.5
corrected,243-R-mPFC-S1-NE_2022_12_23,60,2,Engaged,0.000110415,0.201419,0.798471,0.3914,0,0.436472,0.1
corrected,243-R-mPFC-S1-NE_2022_12_23,61,2,Engaged,0.000158026,0.0839876,0.915854,0.204965,1,-0.277242,0.05
corrected,243-R-mPFC-S1-NE_2022_12_23,62,2,Engaged,0.000118809,0.0814302,0.918451,0.929588,1,0.0950481,0.5
corrected,243-R-mPFC-S1-NE_2022_12_23,63,2,Engaged,5.35734e-05,0.117994,0.881952,0.122931,0,-0.670512,0.025
corrected,243-R-mPFC-S1-NE_2022_12_23,64,2,Engaged,3.56723e-05,0.170818,0.829147,0.117264,0,-0.192228,0.025
corrected,243-R-mPFC-S1-NE_2022_12_23,65,2,Engaged,3.7257e-05,0.26032,0.739642,0.171429,0,0.532386,0.05
corrected,243-R-mPFC-S1-NE_2022_12_23,66,2,Engaged,5.65695e-05,0.29012,0.709824,0.706273,0,-0.401632,0.25
corrected,243-R-mPFC-S1-NE_2022_12_23,67,2,Engaged,9.35409e-05,0.0222118,0.977695,0.470964,1,-0.565804,0.1
corrected,243-R-mPFC-S1-NE_2022_12_23,68,2,Engaged,6.67063e-05,0.005312,0.994621,0.995328,1,-0.503347,0.5
corrected,243-R-mPFC-S1-NE_2022_12_23,69,2,Engaged,3.74392e-05,0.0059481,0.994014,0.219716,0,-0.30769,0.05
corrected,243-R-mPFC-S1-NE_2022_12_23,70,2,Engaged,3.12373e-05,0.00305736,0.996911,0.998415,1,-0.245504,1
corrected,243-R-mPFC-S1-NE_2022_12_23,71,2,Engaged,2.15123e-05,0.000957651,0.999021,0.969102,1,-0.324757,0.25
corrected,243-R-mPFC-S1-NE_2022_12_23,72,2,Engaged,8.41358e-06,0.00486209,0.995129,0.079558,0,-0.508637,0
corrected,243-R-mPFC-S1-NE_2022_12_23,73,2,Engaged,4.67487e-06,0.00764131,0.992354,0.0794064,0,-0.175538,0
corrected,243-R-mPFC-S1-NE_2022_12_23,74,2,Engaged,4.04323e-06,0.00679445,0.993202,0.134811,0,-0.329471,0.025
corrected,243-R-mPFC-S1-NE_2022_12_23,75,2,Engaged,6.02858e-06,0.00161251,0.998381,0.998524,1,-0.556617,0.5
corrected,243-R-mPFC-S1-NE_2022_12_23,76,2,Engaged,5.18674e-06,0.00295963,0.997035,0.0796582,0,-0.279552,0
corrected,243-R-mPFC-S1-NE_2022_12_23,77,2,Engaged,9.41291e-06,0.00459157,0.995399,0.99762,1,0.652452,1
corrected,243-R-mPFC-S1-NE_2022_12_23,78,2,Engaged,9.60186e-06,0.00531696,0.994673,0.219821,0,0.173628,0.05
corrected,243-R-mPFC-S1-NE_2022_12_23,79,2,Engaged,1.70607e-05,0.00249819,0.997485,0.997759,1,0.281356,0.5
corrected,243-R-mPFC-S1-NE_2022_12_23,80,2,Engaged,1.95236e-05,0.00394501,0.996035,0.997955,1,-0.243281,1
corrected,243-R-mPFC-S1-NE_2022_12_23,81,2,Engaged,1.97601e-05,0.00843231,0.991548,0.477058,0,0.060616,0.1
corrected,243-R-mPFC-S1-NE_2022_12_23,82,2,Engaged,2.81229e-05,0.0035235,0.996448,0.966769,1,-0.350577,0.25
corrected,243-R-mPFC-S1-NE_2022_12_23,83,2,Engaged,3.35831e-05,0.0174509,0.982516,0.133687,0,-0.121062,0.025
corrected,243-R-mPFC-S1-NE_2022_12_23,84,2,Engaged,5.82659e-05,0.0256412,0.974301,0.46943,0,-0.32274,0.1
corrected,243-R-mPFC-S1-NE_2022_12_23,85,2,Engaged,0.000128416,0.0223297,0.977542,0.470923,1,-0.524398,0.1
corrected,243-R-mPFC-S1-NE_2022_12_23,86,2,Engaged,0.00016016,0.0911653,0.908675,0.887102,0,-0.242189,0.25
corrected,243-R-mPFC-S1-NE_2022_12_23,87,2,Engaged,0.000171031,0.0183699,0.981459,0.984049,1,-0.697922,0.5
corrected,243-R-mPFC-S1-NE_2022_12_23,88,2,Engaged,0.000168592,0.0182371,0.981594,0.953388,1,0.182466,0.25
corrected,243-R-mPFC-S1-NE_2022_12_23,89,2,Engaged,0.000153799,0.0803822,0.919464,0.896903,0,-0.0531463,0.25
corrected,243-R-mPFC-S1-NE_2022_12_23,90,2,Engaged,0.000100587,0.00876908,0.99113,0.961997,1,-0.467866,0.25
corrected,243-R-mPFC-S1-NE_2022_12_23,91,2,Engaged,4.43771e-05,0.00727485,0.992681,0.219467,0,-0.30932,0.05
corrected,243-R-mPFC-S1-NE_2022_12_23,92,2,Engaged,2.74308e-05,0.0016713,0.998301,0.968453,1,-0.336126,0.25
corrected,243-R-mPFC-S1-NE_2022_12_23,93,2,Engaged,1.03715e-05,0.00871449,0.991275,0.219176,0,0.17505,0.05
corrected,243-R-mPFC-S1-NE_2022_12_23,94,2,Engaged,5.33193e-06,0.011721,0.988274,0.134284,0,0.242006,0.025
corrected,243-R-mPFC-S1-NE_2022_12_23,95,2,Engaged,3.62121e-06,0.00667781,0.993319,0.219559,0,-0.460688,0.05
corrected,243-R-mPFC-S1-NE_2022_12_23,96,2,Engaged,5.83572e-06,0.00331546,0.996679,0.997053,1,0.515935,0.5
corrected,243-R-mPFC-S1-NE_2022_12_23,97,2,Engaged,4.27425e-06,0.00615673,0.993839,0.134879,0,0.206479,0.025
corrected,243-R-mPFC-S1-NE_2022_12_23,98,2,Engaged,5.91929e-06,0.00620192,0.993792,0.0794845,0,0.346898,0
corrected,243-R-mPFC-S1-NE_2022_12_23,99,2,Engaged,1.17843e-05,0.00170672,0.998281,0.480042,1,0.0635862,0.1
corrected,243-R-mPFC-S1-NE_2022_12_23,100,2,Engaged,1.09104e-05,0.00968394,0.990305,0.99498,1,0.774452,1
corrected,243-R-mPFC-S1-NE_2022_12_23,101,2,Engaged,5.73914e-06,0.0193464,0.980648,0.217156,0,0.320687,0.05
corrected,243-R-mPFC-S1-NE_2022_12_23,102,2,Engaged,4.90843e-06,0.0215022,0.978493,0.216746,0,0.0607568,0.05
corrected,243-R-mPFC-S1-NE_2022_12_23,103,2,Engaged,7.99651e-06,0.0200628,0.979929,0.47189,0,0.19145,0.1
corrected,243-R-mPFC-S1-NE_2022_12_23,104,2,Engaged,1.73055e-05,0.00166862,0.998314,0.480061,1,-0.335272,0.1
corrected,243-R-mPFC-S1-NE_2022_12_23,105,2,Engaged,1.88802e-05,0.00533973,0.994641,0.478431,0,1.1492,0.1
corrected,243-R-mPFC-S1-NE_2022_12_23,106,2,Engaged,3.01155e-05,0.00260425,0.997366,0.997667,1,1.22368,0.5
corrected,243-R-mPFC-S1-NE_2022_12_23,107,2,Engaged,3.3537e-05,0.00222744,0.997739,0.967947,1,0.205121,0.25
corrected,243-R-mPFC-S1-NE_2022_12_23,108,2,Engaged,3.40528e-05,0.0212385,0.978727,0.216811,0,0.319033,0.05
corrected,243-R-mPFC-S1-NE_2022_12_23,109,2,Engaged,5.46826e-05,0.0424527,0.957493,0.461964,1,0.843658,0.1
corrected,243-R-mPFC-S1-NE_2022_12_23,110,2,Engaged,4.69897e-05,0.262795,0.737158,0.731109,0,0.449385,0.25
corrected,243-R-mPFC-S1-NE_2022_12_23,111,2,Engaged,3.49874e-05,0.249027,0.750938,0.108888,0,1.10416,0.025
corrected,243-R-mPFC-S1-NE_2022_12_23,112,2,Engaged,3.91871e-05,0.17278,0.827181,0.0705558,0,-0.231027,0
corrected,243-R-mPFC-S1-NE_2022_12_23,113,2,Engaged,6.78048e-05,0.0898486,0.910084,0.203805,0,-0.356604,0.05
corrected,243-R-mPFC-S1-NE_2022_12_23,114,2,Engaged,0.000170476,0.00489816,0.994931,0.965512,1,-0.191566,0.25
corrected,243-R-mPFC-S1-NE_2022_12_23,115,2,Engaged,0.000208448,0.00041203,0.99938,0.220857,1,-0.0812781,0.05
corrected,243-R-mPFC-S1-NE_2022_12_23,116,2,Engaged,0.000203696,0.000315914,0.99948,0.480721,1,1.00019,0.1
corrected,243-R-mPFC-S1-NE_2022_12_23,117,2,Engaged,0.000181066,0.00420396,0.995615,0.135191,0,1.65254,0.025
corrected,243-R-mPFC-S1-NE_2022_12_23,118,2,Engaged,0.000186321,0.000668642,0.999145,0.999336,1,0.769586,0.5
corrected,243-R-mPFC-S1-NE_2022_12_23,119,2,Engaged,0.000190206,0.000502962,0.999307,0.480634,1,1.12738,0.1
corrected,243-R-mPFC-S1-NE_2022_12_23,120,2,Engaged,0.000179486,0.00933491,0.990486,0.476709,0,2.14886,0.1
corrected,243-R-mPFC-S1-NE_2022_12_23,121,2,Engaged,0.000195483,0.00678609,0.993018,0.996482,1,1.7553,1
corrected,243-R-mPFC-S1-NE_2022_12_23,122,2,Engaged,0.000199066,0.00132106,0.99848,0.998772,1,0.877091,0.5
corrected,243-R-mPFC-S1-NE_2022_12_23,123,2,Engaged,0.000202594,0.00249809,0.997299,0.998705,1,1.49836,1
corrected,243-R-mPFC-S1-NE_2022_12_23,124,2,Engaged,0.000193332,0.000323687,0.999483,0.480715,1,0.486825,0.1
corrected,243-R-mPFC-S1-NE_2022_12_23,125,2,Engaged,0.000160584,0.000413068,0.999426,0.999557,1,0.587283,0.5
corrected,243-R-mPFC-S1-NE_2022_12_23,126,2,Engaged,0.000120391,0.000599241,0.99928,0.969422,1,0.237365,0.25
corrected,243-R-mPFC-S1-NE_2022_12_23,127,2,Engaged,8.19282e-05,0.0104082,0.98951,0.476201,0,0.65269,0.1
corrected,243-R-mPFC-S1-NE_2022_12_23,128,2,Engaged,7.50674e-05,0.0148267,0.985098,0.21805,0,1.14758,0.05
corrected,243-R-mPFC-S1-NE_2022_12_23,129,2,Engaged,8.60844e-05,0.00610252,0.993811,0.996836,1,0.121359,1
corrected,243-R-mPFC-S1-NE_2022_12_23,130,2,Engaged,9.28959e-05,0.00200836,0.997899,0.968143,1,0.238326,0.25
corrected,243-R-mPFC-S1-NE_2022_12_23,131,2,Engaged,9.57687e-05,0.00823675,0.991667,0.13471,0,0.181118,0.025
corrected,243-R-mPFC-S1-NE_2022_12_23,132,2,Engaged,0.00014504,0.0226819,0.977173,0.078683,0,1.48838,0
corrected,243-R-mPFC-S1-NE_2022_12_23,133,2,Engaged,0.000260926,0.0213224,0.978417,0.216915,0,0.357678,0.05
corrected,243-R-mPFC-S1-NE_2022_12_23,134,2,Engaged,0.000761964,0.029875,0.969363,0.974102,1,1.97124,0.5
corrected,243-R-mPFC-S1-NE_2022_12_28,1,2,Engaged,0.0238173,0.00117118,0.975011,0.998472,1,-0.954624,0.5
corrected,243-R-mPFC-S1-NE_2022_12_28,2,2,Engaged,0.0214164,0.00015446,0.978429,0.968653,1,-0.414117,0.25
corrected,243-R-mPFC-S1-NE_2022_12_28,3,2,Engaged,0.0192554,0.0003256,0.980419,0.999285,1,-0.215572,0.5
corrected,243-R-mPFC-S1-NE_2022_12_28,4,2,Engaged,0.0168716,0.000335242,0.982793,0.229655,1,-0.603903,0.05
corrected,243-R-mPFC-S1-NE_2022_12_28,5,2,Engaged,0.0124153,0.017377,0.970208,0.224071,0,2.17694,0.05
corrected,243-R-mPFC-S1-NE_2022_12_28,6,2,Engaged,0.0100125,0.00751977,0.982468,0.996094,1,0.0101051,1
corrected,243-R-mPFC-S1-NE_2022_12_28,7,2,Engaged,0.00745139,0.00133987,0.991209,0.998624,1,-0.199012,0.5
corrected,243-R-mPFC-S1-NE_2022_12_28,8,2,Engaged,0.0051867,0.00199552,0.992818,0.998099,1,0.249666,0.5
corrected,243-R-mPFC-S1-NE_2022_12_28,9,2,Engaged,0.00246235,0.00683291,0.990705,0.0809315,0,-0.350968,0
corrected,243-R-mPFC-S1-NE_2022_12_28,10,2,Engaged,0.00162409,0.0114495,0.986926,0.0801781,0,0.0842558,0
corrected,243-R-mPFC-S1-NE_2022_12_28,11,2,Engaged,0.00131544,0.0109105,0.987774,0.219447,0,-0.256439,0.05
corrected,243-R-mPFC-S1-NE_2022_12_28,12,2,Engaged,0.00121479,0.00247153,0.996314,0.99776,1,-0.813076,0.5
corrected,243-R-mPFC-S1-NE_2022_12_28,13,2,Engaged,0.00112942,0.00502007,0.993851,0.0802253,0,-0.212022,0
corrected,243-R-mPFC-S1-NE_2022_12_28,14,2,Engaged,0.00112553,0.00180264,0.997072,0.999065,1,-0.935464,1
corrected,243-R-mPFC-S1-NE_2022_12_28,15,2,Engaged,0.00113899,0.0019002,0.996961,0.999014,1,0.0746917,1
corrected,243-R-mPFC-S1-NE_2022_12_28,16,2,Engaged,0.00113822,0.000409525,0.998452,0.999542,1,-0.431359,0.5
corrected,243-R-mPFC-S1-NE_2022_12_28,17,2,Engaged,0.0011412,0.000557375,0.998301,0.221321,1,-0.124085,0.05
corrected,243-R-mPFC-S1-NE_2022_12_28,18,2,Engaged,0.000998292,0.00134621,0.997655,0.999301,1,-0.537664,1
corrected,243-R-mPFC-S1-NE_2022_12_28,19,2,Engaged,0.000884776,0.00429069,0.994825,0.220477,1,0.323683,0.05
corrected,243-R-mPFC-S1-NE_2022_12_28,20,2,Engaged,0.000304494,0.0151135,0.984582,0.0791857,0,-0.600684,0
corrected,243-R-mPFC-S1-NE_2022_12_28,21,2,Engaged,9.67661e-05,0.0219658,0.977937,0.13324,0,-0.809794,0.025
corrected,243-R-mPFC-S1-NE_2022_12_28,22,2,Engaged,2.97902e-05,0.0265214,0.973449,0.0784073,0,-0.79182,0
corrected,243-R-mPFC-S1-NE_2022_12_28,23,2,Engaged,1.46986e-05,0.0641232,0.935862,0.0763782,0,1.24627,0
corrected,243-R-mPFC-S1-NE_2022_12_28,24,2,Engaged,7.8453e-06,0.0646387,0.935354,0.0763464,0,-0.387249,0
corrected,243-R-mPFC-S1-NE_2022_12_28,25,2,Engaged,7.00525e-06,0.0661203,0.933873,0.45144,0,-0.197409,0.1
corrected,243-R-mPFC-S1-NE_2022_12_28,26,2,Engaged,1.05313e-05,0.0521087,0.947881,0.0770211,0,-0.315457,0
corrected,243-R-mPFC-S1-NE_2022_12_28,27,2,Engaged,2.28088e-05,0.0327849,0.967192,0.132038,0,-0.523041,0.025
corrected,243-R-mPFC-S1-NE_2022_12_28,28,2,Engaged,6.18275e-05,0.00317024,0.996768,0.220256,1,-0.909191,0.05
corrected,243-R-mPFC-S1-NE_2022_12_28,29,2,Engaged,5.93046e-05,0.00119279,0.998748,0.998886,1,-0.318482,0.5
corrected,243-R-mPFC-S1-NE_2022_12_28,30,2,Engaged,5.17079e-05,0.00187045,0.998078,0.99903,1,-0.701907,1
corrected,243-R-mPFC-S1-NE_2022_12_28,31,2,Engaged,4.51241e-05,0.00556224,0.994393,0.997117,1,0.120366,1
corrected,243-R-mPFC-S1-NE_2022_12_28,32,2,Engaged,2.99267e-05,0.00636709,0.993603,0.0794901,0,-0.948603,0
corrected,243-R-mPFC-S1-NE_2022_12_28,33,2,Engaged,3.06803e-05,0.00723219,0.992737,0.13478,0,-0.418243,0.025
corrected,243-R-mPFC-S1-NE_2022_12_28,34,2,Engaged,4.29806e-05,0.000702035,0.999255,0.480498,1,-1.27481,0.1
corrected,243-R-mPFC-S1-NE_2022_12_28,35,2,Engaged,4.452e-05,0.00204997,0.997906,0.0797308,0,-0.690907,0
corrected,243-R-mPFC-S1-NE_2022_12_28,36,2,Engaged,6.31763e-05,0.000172683,0.999764,0.48074,1,-0.864974,0.1
corrected,243-R-mPFC-S1-NE_2022_12_28,37,2,Engaged,7.04323e-05,0.000329782,0.9996,0.2208,1,-0.225219,0.05
corrected,243-R-mPFC-S1-NE_2022_12_28,38,2,Engaged,6.3184e-05,0.0252547,0.974682,0.0784955,0,3.05235,0
corrected,243-R-mPFC-S1-NE_2022_12_28,39,2,Engaged,6.04446e-05,0.00221155,0.997728,0.96796,1,-0.310017,0.25
corrected,243-R-mPFC-S1-NE_2022_12_28,40,2,Engaged,5.07022e-05,0.000857501,0.999092,0.480432,1,-0.623381,0.1
corrected,243-R-mPFC-S1-NE_2022_12_28,41,2,Engaged,2.27044e-05,0.00415702,0.99582,0.220048,0,-0.861317,0.05
corrected,243-R-mPFC-S1-NE_2022_12_28,42,2,Engaged,1.44738e-05,0.00361768,0.996368,0.135157,0,-0.992845,0.025
corrected,243-R-mPFC-S1-NE_2022_12_28,43,2,Engaged,1.49622e-05,0.000224771,0.99976,0.969768,1,-1.0233,0.25
corrected,243-R-mPFC-S1-NE_2022_12_28,44,2,Engaged,1.39272e-05,0.000305385,0.999681,0.969695,1,-0.570742,0.25
corrected,243-R-mPFC-S1-NE_2022_12_28,45,2,Engaged,1.15782e-05,0.00580362,0.994185,0.134921,0,-0.0582056,0.025
corrected,243-R-mPFC-S1-NE_2022_12_28,46,2,Engaged,1.32557e-05,0.00252327,0.997463,0.0796865,0,-1.30615,0
corrected,243-R-mPFC-S1-NE_2022_12_28,47,2,Engaged,3.07389e-05,0.00223941,0.99773,0.998839,1,0.342827,1
corrected,243-R-mPFC-S1-NE_2022_12_28,48,2,Engaged,4.22603e-05,0.000285563,0.999672,0.969711,1,-0.213379,0.25
corrected,243-R-mPFC-S1-NE_2022_12_28,49,2,Engaged,4.97751e-05,0.000186939,0.999763,0.969801,1,-0.515677,0.25
corrected,243-R-mPFC-S1-NE_2022_12_28,50,2,Engaged,5.36868e-05,0.000781422,0.999165,0.999595,1,-0.852355,1
corrected,243-R-mPFC-S1-NE_2022_12_28,51,2,Engaged,5.50542e-05,0.000373306,0.999572,0.999593,1,-0.813243,0.5
corrected,243-R-mPFC-S1-NE_2022_12_28,52,2,Engaged,5.33509e-05,0.000667754,0.999279,0.999654,1,-0.895925,1
corrected,243-R-mPFC-S1-NE_2022_12_28,53,2,Engaged,5.1298e-05,0.000592063,0.999357,0.999405,1,-0.386136,0.5
corrected,243-R-mPFC-S1-NE_2022_12_28,54,2,Engaged,4.37301e-05,0.00109655,0.99886,0.999432,1,-0.958661,1
corrected,243-R-mPFC-S1-NE_2022_12_28,55,2,Engaged,3.13403e-05,0.000219935,0.999749,0.969772,1,-1.35783,0.25
corrected,243-R-mPFC-S1-NE_2022_12_28,56,2,Engaged,1.96624e-05,0.00249555,0.997485,0.0796919,0,-0.801699,0
corrected,243-R-mPFC-S1-NE_2022_12_28,57,2,Engaged,1.79732e-05,0.00138244,0.9986,0.999283,1,-1.05681,1
corrected,243-R-mPFC-S1-NE_2022_12_28,58,2,Engaged,2.34504e-05,0.0422293,0.957747,0.212821,0,3.44395,0.05
corrected,243-R-mPFC-S1-NE_2022_12_28,59,2,Engaged,3.40506e-05,0.00195266,0.998013,0.968196,1,-0.406566,0.25
corrected,243-R-mPFC-S1-NE_2022_12_28,60,2,Engaged,4.15099e-05,0.00410526,0.995853,0.997872,1,1.23961,1
corrected,243-R-mPFC-S1-NE_2022_12_28,61,2,Engaged,4.03817e-05,0.00180018,0.998159,0.998361,1,-0.0762779,0.5
corrected,243-R-mPFC-S1-NE_2022_12_28,62,2,Engaged,3.6566e-05,0.0053253,0.994638,0.07955,0,0.0818221,0
corrected,243-R-mPFC-S1-NE_2022_12_28,63,2,Engaged,4.54035e-05,0.00455116,0.995403,0.079597,0,-0.210622,0
corrected,243-R-mPFC-S1-NE_2022_12_28,64,2,Engaged,8.42081e-05,0.00283906,0.997077,0.998528,1,0.273848,1
corrected,243-R-mPFC-S1-NE_2022_12_28,65,2,Engaged,0.000114552,0.000178281,0.999707,0.480754,1,-0.17219,0.1
corrected,243-R-mPFC-S1-NE_2022_12_28,66,2,Engaged,0.000132194,0.000577452,0.99929,0.969441,1,0.916058,0.25
corrected,243-R-mPFC-S1-NE_2022_12_28,67,2,Engaged,0.000138937,0.00252291,0.997338,0.135347,0,-0.187538,0.025
corrected,243-R-mPFC-S1-NE_2022_12_28,68,2,Engaged,0.000182895,0.000397435,0.99942,0.99957,1,-0.487622,0.5
corrected,243-R-mPFC-S1-NE_2022_12_28,69,2,Engaged,0.000228659,0.000258588,0.999513,0.480755,1,-0.0964107,0.1
corrected,243-R-mPFC-S1-NE_2022_12_28,70,2,Engaged,0.000236932,5.27286e-05,0.99971,0.969912,1,-0.9827,0.25
corrected,243-R-mPFC-S1-NE_2022_12_28,71,2,Engaged,0.000254495,0.000123866,0.999622,0.969847,1,-0.0495236,0.25
corrected,243-R-mPFC-S1-NE_2022_12_28,72,2,Engaged,0.000268293,0.000157644,0.999574,0.969815,1,-0.311882,0.25
corrected,243-R-mPFC-S1-NE_2022_12_28,73,2,Engaged,0.000298375,0.006238,0.993464,0.135042,0,1.14311,0.025
corrected,243-R-mPFC-S1-NE_2022_12_28,74,2,Engaged,0.0003775,0.00054146,0.999081,0.480677,1,-0.441664,0.1
corrected,243-R-mPFC-S1-NE_2022_12_28,75,2,Engaged,0.000409703,0.000171629,0.999419,0.480852,1,-0.43573,0.1
corrected,243-R-mPFC-S1-NE_2022_12_28,76,2,Engaged,0.000431094,0.00424808,0.995321,0.135332,0,1.03311,0.025
corrected,243-R-mPFC-S1-NE_2022_12_28,77,2,Engaged,0.000515837,0.00119577,0.998288,0.22087,1,0.173976,0.05
corrected,243-R-mPFC-S1-NE_2022_12_28,78,2,Engaged,0.000499173,0.000122055,0.999379,0.969835,1,-0.588423,0.25
corrected,243-R-mPFC-S1-NE_2022_12_28,79,2,Engaged,0.00049073,0.000395923,0.999113,0.480779,1,-0.0151142,0.1
corrected,243-R-mPFC-S1-NE_2022_12_28,80,2,Engaged,0.000438186,0.0023034,0.997258,0.220619,0,-0.523249,0.05
corrected,243-R-mPFC-S1-NE_2022_12_28,81,2,Engaged,0.000446251,0.000441733,0.999112,0.220976,1,-0.638164,0.05
corrected,243-R-mPFC-S1-NE_2022_12_28,82,2,Engaged,0.000377626,7.77459e-05,0.999545,0.969882,1,-0.585346,0.25
corrected,243-R-mPFC-S1-NE_2022_12_28,83,2,Engaged,0.000331076,0.000896057,0.998773,0.999137,1,0.485291,0.5
corrected,243-R-mPFC-S1-NE_2022_12_28,84,2,Engaged,0.000257879,0.00163038,0.998112,0.135511,0,-0.698195,0.025
corrected,243-R-mPFC-S1-NE_2022_12_28,85,2,Engaged,0.000249067,0.000165919,0.999585,0.969809,1,-0.338508,0.25
corrected,243-R-mPFC-S1-NE_2022_12_28,86,2,Engaged,0.000240955,0.000141072,0.999618,0.969832,1,-0.148608,0.25
corrected,243-R-mPFC-S1-NE_2022_12_28,87,2,Engaged,0.000228411,0.000212831,0.999559,0.999729,1,-0.478875,0.5
corrected,243-R-mPFC-S1-NE_2022_12_28,88,2,Engaged,0.000214693,0.000229192,0.999556,0.480763,1,-0.36976,0.1
corrected,243-R-mPFC-S1-NE_2022_12_28,89,2,Engaged,0.000168839,0.000717311,0.999114,0.999628,1,-0.7953,1
corrected,243-R-mPFC-S1-NE_2022_12_28,90,2,Engaged,0.000126199,0.000734632,0.999139,0.99928,1,-0.388034,0.5
corrected,243-R-mPFC-S1-NE_2022_12_28,91,2,Engaged,7.88632e-05,0.00300223,0.996919,0.220297,0,-0.514212,0.05
corrected,243-R-mPFC-S1-NE_2022_12_28,92,2,Engaged,6.79142e-05,0.00162411,0.998308,0.999158,1,-0.556941,1
corrected,243-R-mPFC-S1-NE_2022_12_28,93,2,Engaged,6.30671e-05,0.00537418,0.994563,0.997214,1,1.12895,1
corrected,243-R-mPFC-S1-NE_2022_12_28,94,2,Engaged,5.28978e-05,0.00942362,0.990523,0.134558,0,0.811466,0.025
corrected,243-R-mPFC-S1-NE_2022_12_28,95,2,Engaged,5.48695e-05,0.00115375,0.998791,0.998919,1,-0.568617,0.5
corrected,243-R-mPFC-S1-NE_2022_12_28,96,2,Engaged,5.36158e-05,0.000250959,0.999695,0.969742,1,-0.387399,0.25
corrected,243-R-mPFC-S1-NE_2022_12_28,97,2,Engaged,6.51411e-05,0.062612,0.937323,0.0764898,0,4.09847,0
corrected,243-R-mPFC-S1-NE_2022_12_28,98,2,Engaged,8.67361e-05,0.0284295,0.971484,0.215474,1,0.219687,0.05
corrected,243-R-mPFC-S1-NE_2022_12_28,99,2,Engaged,5.86733e-05,0.026503,0.973438,0.0784257,0,-0.227167,0
corrected,243-R-mPFC-S1-NE_2022_12_28,100,2,Engaged,5.17388e-05,0.015931,0.984017,0.0789894,0,-0.845662,0
corrected,243-R-mPFC-S1-NE_2022_12_28,101,2,Engaged,6.29701e-05,0.00394764,0.995989,0.997954,1,-0.844016,1
corrected,243-R-mPFC-S1-NE_2022_12_28,102,2,Engaged,7.22528e-05,0.000366511,0.999561,0.480656,1,-0.2269,0.1
corrected,243-R-mPFC-S1-NE_2022_12_28,103,2,Engaged,6.80014e-05,0.000309428,0.999623,0.969688,1,-0.0221536,0.25
corrected,243-R-mPFC-S1-NE_2022_12_28,104,2,Engaged,6.0766e-05,0.00256019,0.997379,0.998673,1,-0.180437,1
corrected,243-R-mPFC-S1-NE_2022_12_28,105,2,Engaged,4.98205e-05,0.00517053,0.99478,0.135011,0,-0.294661,0.025
corrected,243-R-mPFC-S1-NE_2022_12_28,106,2,Engaged,5.30933e-05,0.00156911,0.998378,0.999187,1,-1.04905,1
corrected,243-R-mPFC-S1-NE_2022_12_28,107,2,Engaged,5.62802e-05,0.000406712,0.999537,0.999565,1,-0.363884,0.5
corrected,243-R-mPFC-S1-NE_2022_12_28,108,2,Engaged,5.64274e-05,0.000201488,0.999742,0.480725,1,-0.398548,0.1
corrected,243-R-mPFC-S1-NE_2022_12_28,109,2,Engaged,4.18297e-05,0.000383172,0.999575,0.999585,1,-0.714949,0.5
corrected,243-R-mPFC-S1-NE_2022_12_28,110,2,Engaged,2.73322e-05,0.00288838,0.997084,0.135243,0,-0.215753,0.025
corrected,243-R-mPFC-S1-NE_2022_12_28,111,2,Engaged,2.48035e-05,0.00037734,0.999598,0.999591,1,-0.813799,0.5
corrected,243-R-mPFC-S1-NE_2022_12_28,112,2,Engaged,2.10766e-05,0.00019901,0.99978,0.969791,1,-0.306662,0.25
corrected,243-R-mPFC-S1-NE_2022_12_28,113,2,Engaged,1.45375e-05,0.00109144,0.998894,0.998974,1,-0.461289,0.5
corrected,243-R-mPFC-S1-NE_2022_12_28,114,2,Engaged,5.74461e-06,0.00982097,0.990173,0.07929,0,-0.153037,0
corrected,243-R-mPFC-S1-NE_2022_12_28,115,2,Engaged,3.03299e-06,0.0175952,0.982402,0.133654,0,0.059256,0.025
corrected,243-R-mPFC-S1-NE_2022_12_28,116,2,Engaged,1.9581e-06,0.0167123,0.983286,0.0789175,0,-0.581011,0
corrected,243-R-mPFC-S1-NE_2022_12_28,117,2,Engaged,2.06504e-06,0.0161596,0.983838,0.0789472,0,-0.225229,0
corrected,243-R-mPFC-S1-NE_2022_12_28,118,2,Engaged,3.31278e-06,0.0142114,0.985785,0.0790526,0,-0.0536629,0
corrected,243-R-mPFC-S1-NE_2022_12_28,119,2,Engaged,6.5333e-06,0.00605185,0.993942,0.996863,1,-0.495481,1
corrected,243-R-mPFC-S1-NE_2022_12_28,120,2,Engaged,9.45452e-06,0.0128887,0.987102,0.134161,0,1.52632,0.025
corrected,243-R-mPFC-S1-NE_2022_12_28,121,2,Engaged,1.66602e-05,0.00410879,0.995875,0.99787,1,-0.0190761,1
corrected,243-R-mPFC-S1-NE_2022_12_28,122,2,Engaged,2.10644e-05,0.000920466,0.999058,0.969135,1,0.435419,0.25
corrected,243-R-mPFC-S1-NE_2022_12_28,123,2,Engaged,2.2112e-05,0.00338526,0.996593,0.135187,0,0.327649,0.025
corrected,243-R-mPFC-S1-NE_2022_12_28,124,2,Engaged,3.31088e-05,0.000353343,0.999614,0.48065,1,-0.278978,0.1
corrected,243-R-mPFC-S1-NE_2022_12_28,125,2,Engaged,3.2565e-05,7.56317e-05,0.999892,0.999851,1,-0.336271,0.5
corrected,243-R-mPFC-S1-NE_2022_12_28,126,2,Engaged,4.19591e-05,0.0110808,0.988877,0.475889,1,4.22546,0.1
corrected,243-R-mPFC-S1-NE_2022_12_28,127,2,Engaged,1.72883e-05,0.011574,0.988409,0.0792027,0,0.114238,0
corrected,243-R-mPFC-S1-NE_2022_12_28,128,2,Engaged,6.91213e-06,0.00436796,0.995625,0.0795836,0,-0.596942,0
corrected,243-R-mPFC-S1-NE_2022_12_28,129,2,Engaged,7.29838e-06,0.00629455,0.993698,0.134866,0,1.874,0.025
corrected,243-R-mPFC-S1-NE_2022_12_28,130,2,Engaged,1.25295e-05,0.00359857,0.996389,0.479202,1,1.77446,0.1
corrected,243-R-mPFC-S1-NE_2022_12_28,131,2,Engaged,8.22984e-06,0.0112505,0.988741,0.134336,0,1.3799,0.025
corrected,243-R-mPFC-S1-NE_2022_12_28,132,2,Engaged,6.51453e-06,0.00352363,0.99647,0.996874,1,-0.265647,0.5
corrected,243-R-mPFC-S1-NE_2022_12_28,133,2,Engaged,2.94371e-06,0.0104325,0.989565,0.134421,0,0.675861,0.025
corrected,243-R-mPFC-S1-NE_2022_12_28,134,2,Engaged,2.5439e-06,0.0198221,0.980175,0.0787508,0,1.44102,0
corrected,243-R-mPFC-S1-NE_2022_12_28,135,2,Engaged,4.21782e-06,0.037111,0.962885,0.131564,0,2.41103,0.025
corrected,243-R-mPFC-S1-NE_2022_12_28,136,2,Engaged,9.0585e-06,0.04474,0.955251,0.212337,0,2.23169,0.05
corrected,243-R-mPFC-S1-NE_2022_12_28,137,2,Engaged,2.30088e-05,0.0383465,0.96163,0.213558,0,1.73371,0.05
corrected,243-R-mPFC-S1-NE_2022_12_28,138,2,Engaged,6.78117e-05,0.00582007,0.994112,0.964679,1,0.799171,0.25
corrected,243-R-mPFC-S1-NE_2022_12_28,139,2,Engaged,9.73436e-05,0.00980415,0.990099,0.0793461,0,1.4302,0
corrected,243-R-mPFC-S1-NE_2022_12_28,140,2,Engaged,0.000174628,0.00550236,0.994323,0.219873,0,0.666958,0.05
corrected,243-R-mPFC-S1-NE_2022_12_28,141,2,Engaged,0.000458831,0.000839144,0.998702,0.969185,1,1.41656,0.25
corrected,243-R-mPFC-S1-NE_2022_12_28,142,2,Engaged,0.000694123,0.0010385,0.998267,0.999007,1,1.00669,0.5
corrected,243-R-mPFC-S1-NE_2022_12_28,143,2,Engaged,0.000937355,0.00608854,0.992974,0.0800521,0,1.267,0
corrected,243-R-mPFC-S1-NE_2022_12_28,144,2,Engaged,0.00168698,0.00890128,0.989412,0.477388,1,1.5204,0.1
corrected,243-R-mPFC-S1-NE_2022_12_29,1,2,Engaged,0.00638888,0.0006774,0.992934,0.969006,1,0.430578,0.25
corrected,243-R-mPFC-S1-NE_2022_12_29,2,2,Engaged,0.00420933,0.00125251,0.994538,0.999348,1,-0.103609,1
corrected,243-R-mPFC-S1-NE_2022_12_29,3,2,Engaged,0.00265763,0.00592654,0.991416,0.221101,0,1.32932,0.05
corrected,243-R-mPFC-S1-NE_2022_12_29,4,2,Engaged,0.00197747,0.000371726,0.997651,0.969526,1,0.169005,0.25
corrected,243-R-mPFC-S1-NE_2022_12_29,5,2,Engaged,0.00140701,0.000524899,0.998068,0.969419,1,0.684316,0.25
corrected,243-R-mPFC-S1-NE_2022_12_29,6,2,Engaged,0.000767683,0.0038965,0.995336,0.22049,0,0.220715,0.05
corrected,243-R-mPFC-S1-NE_2022_12_29,7,2,Engaged,0.000521525,0.000749949,0.998729,0.969263,1,-0.487244,0.25
corrected,243-R-mPFC-S1-NE_2022_12_29,8,2,Engaged,0.000287783,0.00349205,0.99622,0.220314,0,-0.38653,0.05
corrected,243-R-mPFC-S1-NE_2022_12_29,9,2,Engaged,0.000219376,0.00318355,0.996597,0.220336,0,-0.221039,0.05
corrected,243-R-mPFC-S1-NE_2022_12_29,10,2,Engaged,0.000213036,0.00108855,0.998698,0.998973,1,0.333145,0.5
corrected,243-R-mPFC-S1-NE_2022_12_29,11,2,Engaged,0.000206948,0.00359842,0.996195,0.135271,0,0.766705,0.025
corrected,243-R-mPFC-S1-NE_2022_12_29,12,2,Engaged,0.00023563,0.000658453,0.999106,0.48058,1,0.243927,0.1
corrected,243-R-mPFC-S1-NE_2022_12_29,13,2,Engaged,0.000231173,0.000287761,0.999481,0.480743,1,-0.482456,0.1
corrected,243-R-mPFC-S1-NE_2022_12_29,14,2,Engaged,0.000205679,0.00234684,0.997447,0.47982,1,-0.21849,0.1
corrected,243-R-mPFC-S1-NE_2022_12_29,15,2,Engaged,0.00014019,0.0348439,0.965016,0.131886,0,-0.0975799,0.025
corrected,243-R-mPFC-S1-NE_2022_12_29,16,2,Engaged,0.000125067,0.0570106,0.942864,0.970446,1,-0.379937,1
corrected,243-R-mPFC-S1-NE_2022_12_29,17,2,Engaged,0.000103798,0.147854,0.852043,0.0719338,0,0.31079,0
corrected,243-R-mPFC-S1-NE_2022_12_29,18,2,Engaged,0.00011275,0.221902,0.777985,0.178762,0,0.0965836,0.05
corrected,243-R-mPFC-S1-NE_2022_12_29,19,2,Engaged,0.000163821,0.263968,0.735868,0.771939,1,-0.320133,0.5
corrected,243-R-mPFC-S1-NE_2022_12_29,20,1,Conservative,0.000196016,0.979119,0.020685,0.154302,0,0.511127,0.5
corrected,243-R-mPFC-S1-NE_2022_12_29,21,2,Engaged,0.00030038,0.161049,0.838651,0.860823,1,-0.321948,0.5
corrected,243-R-mPFC-S1-NE_2022_12_29,22,2,Engaged,0.000258352,0.0209367,0.978805,0.471583,1,-0.791963,0.1
corrected,243-R-mPFC-S1-NE_2022_12_29,23,2,Engaged,0.000165661,0.0200149,0.979819,0.0788387,0,-0.0273278,0
corrected,243-R-mPFC-S1-NE_2022_12_29,24,2,Engaged,0.000133169,0.0117023,0.988164,0.0792657,0,-0.55867,0
corrected,243-R-mPFC-S1-NE_2022_12_29,25,2,Engaged,0.000134996,0.00178746,0.998078,0.480046,1,-0.494467,0.1
corrected,243-R-mPFC-S1-NE_2022_12_29,26,2,Engaged,0.000114527,0.00263493,0.997251,0.135321,0,-0.598675,0.025
corrected,243-R-mPFC-S1-NE_2022_12_29,27,2,Engaged,0.000123693,0.00084839,0.999028,0.220729,1,-0.458625,0.05
corrected,243-R-mPFC-S1-NE_2022_12_29,28,2,Engaged,9.36517e-05,0.00201854,0.997888,0.0797621,0,-0.326148,0
corrected,243-R-mPFC-S1-NE_2022_12_29,29,2,Engaged,9.14584e-05,0.000261206,0.999647,0.969731,1,-0.320957,0.25
corrected,243-R-mPFC-S1-NE_2022_12_29,30,2,Engaged,9.17366e-05,0.00225226,0.997656,0.998832,1,0.439304,1
corrected,243-R-mPFC-S1-NE_2022_12_29,31,2,Engaged,8.41291e-05,0.00187584,0.99804,0.999028,1,-0.345034,1
corrected,243-R-mPFC-S1-NE_2022_12_29,32,2,Engaged,7.28155e-05,0.0010835,0.998844,0.480338,1,-0.451967,0.1
corrected,243-R-mPFC-S1-NE_2022_12_29,33,2,Engaged,4.86259e-05,0.0154774,0.984474,0.217913,0,0.418426,0.05
corrected,243-R-mPFC-S1-NE_2022_12_29,34,2,Engaged,4.60419e-05,0.023063,0.976891,0.470571,1,0.310386,0.1
corrected,243-R-mPFC-S1-NE_2022_12_29,35,2,Engaged,1.56573e-05,0.110213,0.889771,0.123742,0,-0.236377,0.025
corrected,243-R-mPFC-S1-NE_2022_12_29,36,2,Engaged,6.38325e-06,0.210089,0.789905,0.0685318,0,0.0100277,0
corrected,243-R-mPFC-S1-NE_2022_12_29,37,2,Engaged,3.43193e-06,0.302005,0.697992,0.163498,0,-0.0929851,0.05
corrected,243-R-mPFC-S1-NE_2022_12_29,38,1,Conservative,1.44974e-06,0.717557,0.282442,0.0846143,0,2.06413,0.05
corrected,243-R-mPFC-S1-NE_2022_12_29,39,1,Conservative,1.23821e-06,0.769882,0.230117,0.0384561,0,-0.201479,0
corrected,243-R-mPFC-S1-NE_2022_12_29,40,1,Conservative,1.36415e-06,0.82847,0.171528,0.0635598,0,-0.150142,0.05
corrected,243-R-mPFC-S1-NE_2022_12_29,41,1,Conservative,1.61868e-06,0.998933,0.00106557,0.137193,0,1.3519,0.5
corrected,243-R-mPFC-S1-NE_2022_12_29,42,1,Conservative,7.72313e-06,0.84353,0.156462,0.0452046,0,0.786156,0.025
corrected,243-R-mPFC-S1-NE_2022_12_29,43,1,Conservative,2.77978e-05,0.568434,0.431538,0.0492941,0,0.153255,0
corrected,243-R-mPFC-S1-NE_2022_12_29,44,2,Engaged,8.47145e-05,0.260094,0.739822,0.733563,1,-0.00596285,0.25
corrected,243-R-mPFC-S1-NE_2022_12_29,45,1,Conservative,1.22925e-05,0.999816,0.000172088,0.136431,0,6.69043,0.5
corrected,243-R-mPFC-S1-NE_2022_12_29,46,2,Engaged,6.65005e-05,0.193446,0.806488,0.794142,1,0.0651233,0.25
corrected,243-R-mPFC-S1-NE_2022_12_29,47,2,Engaged,4.13719e-05,0.144901,0.855058,0.120042,0,-0.0633335,0.025
corrected,243-R-mPFC-S1-NE_2022_12_29,48,2,Engaged,3.94723e-05,0.0812966,0.918664,0.957857,1,-0.292175,1
corrected,243-R-mPFC-S1-NE_2022_12_29,49,2,Engaged,3.07016e-05,0.0642636,0.935706,0.452272,0,0.137616,0.1
corrected,243-R-mPFC-S1-NE_2022_12_29,50,2,Engaged,3.61513e-05,0.00848836,0.991475,0.962256,1,-0.346801,0.25
corrected,243-R-mPFC-S1-NE_2022_12_29,51,2,Engaged,3.19813e-05,0.00806653,0.991901,0.219311,0,-0.280849,0.05
corrected,243-R-mPFC-S1-NE_2022_12_29,52,2,Engaged,4.09055e-05,0.00183057,0.998129,0.998335,1,-0.604213,0.5
corrected,243-R-mPFC-S1-NE_2022_12_29,53,2,Engaged,4.74461e-05,0.00344162,0.996511,0.479283,0,-0.208314,0.1
corrected,243-R-mPFC-S1-NE_2022_12_29,54,2,Engaged,7.74267e-05,0.000521561,0.999401,0.969495,1,0.0924586,0.25
corrected,243-R-mPFC-S1-NE_2022_12_29,55,2,Engaged,9.83239e-05,0.000328996,0.999573,0.480682,1,-0.587082,0.1
corrected,243-R-mPFC-S1-NE_2022_12_29,56,2,Engaged,0.000105572,0.00420955,0.995685,0.220082,1,-0.0697939,0.05
corrected,243-R-mPFC-S1-NE_2022_12_29,57,2,Engaged,7.2769e-05,0.0511704,0.948757,0.21115,0,0.549364,0.05
corrected,243-R-mPFC-S1-NE_2022_12_29,58,2,Engaged,6.64242e-05,0.063833,0.936101,0.076425,0,-0.489513,0
corrected,243-R-mPFC-S1-NE_2022_12_29,59,2,Engaged,8.06184e-05,0.0742791,0.92564,0.961495,1,-0.546154,1
corrected,243-R-mPFC-S1-NE_2022_12_29,60,2,Engaged,8.94174e-05,0.106248,0.893662,0.944922,1,-0.589313,1
corrected,243-R-mPFC-S1-NE_2022_12_29,61,2,Engaged,9.11652e-05,0.177838,0.822071,0.907811,1,-0.73387,1
corrected,243-R-mPFC-S1-NE_2022_12_29,62,2,Engaged,8.1701e-05,0.328258,0.671661,0.158556,0,-0.950786,0.05
corrected,243-R-mPFC-S1-NE_2022_12_29,63,1,Conservative,0.000115333,0.986595,0.01329,0.147847,0,1.10696,0.5
corrected,243-R-mPFC-S1-NE_2022_12_29,64,2,Engaged,0.000269813,0.0820429,0.917687,0.444455,1,-0.271573,0.1
corrected,243-R-mPFC-S1-NE_2022_12_29,65,2,Engaged,0.000199043,0.00609111,0.99371,0.964426,1,-0.538802,0.25
corrected,243-R-mPFC-S1-NE_2022_12_29,66,2,Engaged,0.000126958,0.00341697,0.996456,0.996964,1,-0.322059,0.5
corrected,243-R-mPFC-S1-NE_2022_12_29,67,2,Engaged,4.73401e-05,0.00867843,0.991274,0.134634,0,-0.450976,0.025
corrected,243-R-mPFC-S1-NE_2022_12_29,68,2,Engaged,1.92591e-05,0.00895262,0.991028,0.134589,0,-0.798227,0.025
corrected,243-R-mPFC-S1-NE_2022_12_29,69,2,Engaged,1.01554e-05,0.00549227,0.994498,0.134954,0,-0.986777,0.025
corrected,243-R-mPFC-S1-NE_2022_12_29,70,2,Engaged,1.03091e-05,0.00289396,0.997096,0.997417,1,-0.23149,0.5
corrected,243-R-mPFC-S1-NE_2022_12_29,71,2,Engaged,6.54461e-06,0.00621785,0.993776,0.134874,0,-0.56414,0.025
corrected,243-R-mPFC-S1-NE_2022_12_29,72,2,Engaged,7.3809e-06,0.00648513,0.993507,0.219598,0,-0.57529,0.05
corrected,243-R-mPFC-S1-NE_2022_12_29,73,2,Engaged,1.40257e-05,0.00252282,0.997463,0.998692,1,-0.697427,1
corrected,243-R-mPFC-S1-NE_2022_12_29,74,2,Engaged,1.80705e-05,0.000734945,0.999247,0.999282,1,-0.416455,0.5
corrected,243-R-mPFC-S1-NE_2022_12_29,75,2,Engaged,1.81127e-05,0.000608742,0.999373,0.999391,1,-0.771887,0.5
corrected,243-R-mPFC-S1-NE_2022_12_29,76,2,Engaged,1.50919e-05,0.0023692,0.997616,0.135291,0,-0.863503,0.025
corrected,243-R-mPFC-S1-NE_2022_12_29,77,2,Engaged,2.0391e-05,0.00116312,0.998816,0.999397,1,-0.883653,1
corrected,243-R-mPFC-S1-NE_2022_12_29,78,2,Engaged,2.35878e-05,0.000136773,0.99984,0.969848,1,-0.602163,0.25
corrected,243-R-mPFC-S1-NE_2022_12_29,79,2,Engaged,2.51038e-05,0.000139927,0.999835,0.969845,1,-0.391602,0.25
corrected,243-R-mPFC-S1-NE_2022_12_29,80,2,Engaged,2.33936e-05,0.000317167,0.999659,0.999643,1,-0.695923,0.5
corrected,243-R-mPFC-S1-NE_2022_12_29,81,2,Engaged,1.84858e-05,0.000785132,0.999196,0.999238,1,-0.852718,0.5
corrected,243-R-mPFC-S1-NE_2022_12_29,82,2,Engaged,1.03943e-05,0.00462004,0.99537,0.0795722,0,-0.941017,0
corrected,243-R-mPFC-S1-NE_2022_12_29,83,2,Engaged,9.56353e-06,0.00662645,0.993364,0.0794639,0,-0.814004,0
corrected,243-R-mPFC-S1-NE_2022_12_29,84,2,Engaged,1.53654e-05,0.00764191,0.992343,0.963026,1,-0.508645,0.25
corrected,243-R-mPFC-S1-NE_2022_12_29,85,2,Engaged,1.93468e-05,0.177848,0.822133,0.187075,0,0.973718,0.05
corrected,243-R-mPFC-S1-NE_2022_12_29,86,2,Engaged,3.66111e-05,0.246862,0.753101,0.745592,0,0.132425,0.25
corrected,243-R-mPFC-S1-NE_2022_12_29,87,2,Engaged,5.64306e-05,0.0244834,0.97546,0.978771,1,-0.750449,0.5
corrected,243-R-mPFC-S1-NE_2022_12_29,88,2,Engaged,4.78024e-05,0.00326174,0.99669,0.479363,1,-0.463612,0.1
corrected,243-R-mPFC-S1-NE_2022_12_29,89,2,Engaged,2.57684e-05,0.00619104,0.993783,0.134888,0,0.238982,0.025
corrected,243-R-mPFC-S1-NE_2022_12_29,90,2,Engaged,1.72699e-05,0.000855975,0.999127,0.969194,1,-0.785192,0.25
corrected,243-R-mPFC-S1-NE_2022_12_29,91,2,Engaged,7.3554e-06,0.00342068,0.996572,0.22018,0,-0.450539,0.05
corrected,243-R-mPFC-S1-NE_2022_12_29,92,2,Engaged,5.89355e-06,0.00493228,0.995062,0.135011,0,0.241444,0.025
corrected,243-R-mPFC-S1-NE_2022_12_29,93,2,Engaged,8.01746e-06,0.0017946,0.998197,0.220489,0,-0.049798,0.05
corrected,243-R-mPFC-S1-NE_2022_12_29,94,2,Engaged,2.44903e-05,0.0010517,0.998924,0.969016,1,1.97394,0.25
corrected,243-R-mPFC-S1-NE_2022_12_29,95,2,Engaged,2.88651e-05,0.000118944,0.999852,0.969863,1,-0.234109,0.25
corrected,243-R-mPFC-S1-NE_2022_12_29,96,2,Engaged,3.23509e-05,0.000148487,0.999819,0.969836,1,0.166827,0.25
corrected,243-R-mPFC-S1-NE_2022_12_29,97,2,Engaged,3.23768e-05,0.000300834,0.999667,0.969698,1,-0.164349,0.25
corrected,243-R-mPFC-S1-NE_2022_12_29,98,2,Engaged,3.09827e-05,0.00453025,0.995439,0.997652,1,0.0995636,1
corrected,243-R-mPFC-S1-NE_2022_12_29,99,2,Engaged,2.76543e-05,0.0153868,0.984586,0.133904,0,0.505373,0.025
corrected,243-R-mPFC-S1-NE_2022_12_29,100,2,Engaged,3.41994e-05,0.0157506,0.984215,0.991835,1,-0.27824,1
corrected,243-R-mPFC-S1-NE_2022_12_29,101,2,Engaged,3.68074e-05,0.0210731,0.97889,0.471451,1,-0.366705,0.1
corrected,243-R-mPFC-S1-NE_2022_12_29,102,2,Engaged,1.11346e-05,0.454517,0.545472,0.0554038,0,1.41431,0
corrected,243-R-mPFC-S1-NE_2022_12_29,103,1,Conservative,6.20679e-06,0.593574,0.406419,0.108152,0,0.0361073,0.05
corrected,243-R-mPFC-S1-NE_2022_12_29,104,1,Conservative,4.70316e-06,0.99927,0.000724882,0.136902,0,1.6292,0.5
corrected,243-R-mPFC-S1-NE_2022_12_29,105,1,Conservative,1.0729e-06,0.999234,0.000764807,0.0311442,0,7.23769,0.05
corrected,243-R-mPFC-S1-NE_2022_12_29,106,1,Conservative,9.7299e-06,0.733113,0.266878,0.0570307,0,-0.0886335,0.025
corrected,243-R-mPFC-S1-NE_2022_12_29,107,2,Engaged,2.82693e-05,0.443427,0.556544,0.136666,0,-0.160533,0.05
corrected,243-R-mPFC-S1-NE_2022_12_29,108,2,Engaged,9.92886e-05,0.0199676,0.979933,0.471962,1,-0.499934,0.1
corrected,243-R-mPFC-S1-NE_2022_12_29,109,2,Engaged,8.23706e-05,0.00772136,0.992196,0.993247,1,0.572998,0.5
corrected,243-R-mPFC-S1-NE_2022_12_29,110,2,Engaged,5.26499e-05,0.00536,0.994587,0.134993,0,-0.376778,0.025
corrected,243-R-mPFC-S1-NE_2022_12_29,111,2,Engaged,4.81719e-05,0.000427788,0.999524,0.969582,1,-0.259862,0.25
corrected,243-R-mPFC-S1-NE_2022_12_29,112,2,Engaged,4.06222e-05,0.000124561,0.999835,0.969858,1,-0.35226,0.25
corrected,243-R-mPFC-S1-NE_2022_12_29,113,2,Engaged,3.25886e-05,0.000714128,0.999253,0.9993,1,-0.0169618,0.5
corrected,243-R-mPFC-S1-NE_2022_12_29,114,2,Engaged,2.08456e-05,0.00366767,0.996311,0.479174,0,-0.181897,0.1
corrected,243-R-mPFC-S1-NE_2022_12_29,115,2,Engaged,1.99409e-05,0.00189684,0.998083,0.998278,1,0.0791127,0.5
corrected,243-R-mPFC-S1-NE_2022_12_29,116,2,Engaged,1.44635e-05,0.00365208,0.996333,0.998107,1,-0.396765,1
corrected,243-R-mPFC-S1-NE_2022_12_29,117,2,Engaged,7.61049e-06,0.0106812,0.989311,0.134397,0,0.239648,0.025
corrected,243-R-mPFC-S1-NE_2022_12_29,118,2,Engaged,4.99041e-06,0.00779692,0.992198,0.219348,0,-0.782724,0.05
corrected,243-R-mPFC-S1-NE_2022_12_29,119,2,Engaged,6.27484e-06,0.00203886,0.997955,0.998156,1,-0.657273,0.5
corrected,243-R-mPFC-S1-NE_2022_12_29,120,2,Engaged,4.42053e-06,0.00333389,0.996662,0.0796376,0,-0.562632,0
corrected,243-R-mPFC-S1-NE_2022_12_29,121,2,Engaged,5.87515e-06,0.00287964,0.997114,0.0796629,0,-0.252194,0
corrected,243-R-mPFC-S1-NE_2022_12_29,122,2,Engaged,1.26597e-05,0.000336077,0.999651,0.969667,1,0.00187395,0.25
corrected,243-R-mPFC-S1-NE_2022_12_29,123,2,Engaged,1.60019e-05,0.000271318,0.999713,0.999682,1,-0.232533,0.5
corrected,243-R-mPFC-S1-NE_2022_12_29,124,2,Engaged,1.66412e-05,0.000360915,0.999622,0.999605,1,-0.210267,0.5
corrected,243-R-mPFC-S1-NE_2022_12_29,125,2,Engaged,1.47552e-05,0.00132851,0.998657,0.998769,1,-0.110196,0.5
corrected,243-R-mPFC-S1-NE_2022_12_29,126,2,Engaged,8.80341e-06,0.00656422,0.993427,0.0794668,0,-0.496682,0
corrected,243-R-mPFC-S1-NE_2022_12_29,127,2,Engaged,8.63381e-06,0.009278,0.990713,0.99519,1,-0.482478,1
corrected,243-R-mPFC-S1-NE_2022_12_29,128,2,Engaged,5.25253e-06,0.0166056,0.983389,0.133761,0,-0.494778,0.025
corrected,243-R-mPFC-S1-NE_2022_12_29,129,2,Engaged,5.56792e-06,0.0199249,0.98007,0.989671,1,-0.62279,1
corrected,243-R-mPFC-S1-NE_2022_12_29,130,2,Engaged,3.54007e-06,0.0466116,0.953385,0.460101,0,0.253699,0.1
corrected,243-R-mPFC-S1-NE_2022_12_29,131,2,Engaged,2.78097e-06,0.0462039,0.953793,0.212056,0,-0.540061,0.05
corrected,243-R-mPFC-S1-NE_2022_12_29,132,2,Engaged,5.66677e-06,0.0630037,0.936991,0.452824,0,1.01387,0.1
corrected,243-R-mPFC-S1-NE_2022_12_29,133,2,Engaged,1.2015e-05,0.0432207,0.956767,0.977595,1,-0.289541,1
corrected,243-R-mPFC-S1-NE_2022_12_29,134,2,Engaged,1.34976e-05,0.0393443,0.960642,0.979604,1,-0.139163,1
corrected,243-R-mPFC-S1-NE_2022_12_29,135,2,Engaged,1.06553e-05,0.0430036,0.956986,0.130937,0,-0.34577,0.025
corrected,243-R-mPFC-S1-NE_2022_12_29,136,2,Engaged,1.42727e-05,0.0418899,0.958096,0.931898,1,-0.495512,0.25
corrected,243-R-mPFC-S1-NE_2022_12_29,137,1,Conservative,5.31018e-06,0.702461,0.297533,0.0420805,0,1.78346,0
corrected,243-R-mPFC-S1-NE_2022_12_29,138,1,Conservative,3.23093e-06,0.998295,0.00170213,0.137744,0,0.859457,0.5
corrected,243-R-mPFC-S1-NE_2022_12_29,139,1,Conservative,6.94218e-06,0.868834,0.131159,0.0950309,0,0.383977,0.1
corrected,243-R-mPFC-S1-NE_2022_12_29,140,1,Conservative,1.62006e-05,0.774221,0.225763,0.137043,0,1.52089,0.1
corrected,243-R-mPFC-S1-NE_2022_12_29,141,2,Engaged,0.000109193,0.104529,0.895361,0.909639,1,-0.197591,0.5
corrected,243-R-mPFC-S1-NE_2022_12_29,142,2,Engaged,9.93788e-05,0.0180789,0.981822,0.984301,1,-0.250823,0.5
corrected,243-R-mPFC-S1-NE_2022_12_29,143,2,Engaged,7.7957e-05,0.0101592,0.989763,0.994734,1,-0.0391265,1
corrected,243-R-mPFC-S1-NE_2022_12_29,144,2,Engaged,5.21073e-05,0.00664718,0.993301,0.0794884,0,-0.0983798,0
corrected,243-R-mPFC-S1-NE_2022_12_29,145,2,Engaged,4.87224e-05,0.000979853,0.998971,0.96908,1,0.0270384,0.25
corrected,243-R-mPFC-S1-NE_2022_12_29,146,2,Engaged,4.22224e-05,0.00242389,0.997534,0.135301,0,0.00279183,0.025
corrected,243-R-mPFC-S1-NE_2022_12_29,147,2,Engaged,5.19063e-05,0.000819643,0.999128,0.969225,1,0.0811184,0.25
corrected,243-R-mPFC-S1-NE_2022_12_29,148,2,Engaged,5.71367e-05,0.00373033,0.996213,0.13517,0,-0.277018,0.025
corrected,243-R-mPFC-S1-NE_2022_12_29,149,2,Engaged,9.35062e-05,0.00555333,0.994353,0.995119,1,0.255861,0.5
corrected,243-R-mPFC-S1-NE_2022_12_29,150,2,Engaged,0.000120924,0.0201534,0.979726,0.0788043,0,-0.229067,0
corrected,243-R-mPFC-S1-NE_2022_12_29,151,2,Engaged,0.000210249,0.0315756,0.968214,0.0782446,0,-0.293614,0
corrected,243-R-mPFC-S1-NE_2023_01_05,1,0,Liberal,0.998806,1.56877e-05,0.00117841,0.681951,1,0.545002,0
corrected,243-R-mPFC-S1-NE_2023_01_05,2,0,Liberal,0.998911,6.49608e-05,0.00102395,0.715815,0,1.94763,0.025
corrected,243-R-mPFC-S1-NE_2023_01_05,3,0,Liberal,0.999173,1.36524e-05,0.000812979,0.80342,1,0.196773,0.1
corrected,243-R-mPFC-S1-NE_2023_01_05,4,0,Liberal,0.999275,2.15189e-05,0.000703207,0.716031,0,-0.538081,0.025
corrected,243-R-mPFC-S1-NE_2023_01_05,5,0,Liberal,0.999669,5.18208e-06,0.000325364,0.682472,1,-0.0989188,0
corrected,243-R-mPFC-S1-NE_2023_01_05,6,0,Liberal,0.9997,8.3146e-06,0.000291827,0.747809,0,-0.436604,0.05
corrected,243-R-mPFC-S1-NE_2023_01_05,7,0,Liberal,0.999856,3.59948e-07,0.00014384,0.682585,1,0.141441,0
corrected,243-R-mPFC-S1-NE_2023_01_05,8,0,Liberal,0.999873,2.18318e-07,0.000127213,0.914887,1,1.32701,0.25
corrected,243-R-mPFC-S1-NE_2023_01_05,9,0,Liberal,0.999886,3.31062e-07,0.000114154,0.98172,1,0.441801,0.5
corrected,243-R-mPFC-S1-NE_2023_01_05,10,0,Liberal,0.999896,2.83867e-07,0.00010401,0.747914,1,-0.313555,0.05
corrected,243-R-mPFC-S1-NE_2023_01_05,11,0,Liberal,0.999886,1.06095e-05,0.000103613,0.682602,0,1.63287,0
corrected,243-R-mPFC-S1-NE_2023_01_05,12,0,Liberal,0.9999,2.97743e-06,9.68194e-05,0.999253,1,-0.696042,1
corrected,243-R-mPFC-S1-NE_2023_01_05,13,0,Liberal,0.999918,3.31453e-07,8.17319e-05,0.914885,1,-0.118723,0.25
corrected,243-R-mPFC-S1-NE_2023_01_05,14,0,Liberal,0.999933,6.93322e-08,6.6803e-05,0.914884,1,-0.771736,0.25
corrected,243-R-mPFC-S1-NE_2023_01_05,15,0,Liberal,0.999956,9.07587e-08,4.3996e-05,0.803679,1,-0.307714,0.1
corrected,243-R-mPFC-S1-NE_2023_01_05,16,0,Liberal,0.999965,9.59688e-08,3.5034e-05,0.981719,1,-1.14852,0.5
corrected,243-R-mPFC-S1-NE_2023_01_05,17,0,Liberal,0.999978,4.66406e-08,2.15364e-05,0.716442,1,-0.872887,0.025
corrected,243-R-mPFC-S1-NE_2023_01_05,18,0,Liberal,0.999973,3.02187e-08,2.72577e-05,0.803685,1,-1.04951,0.1
corrected,243-R-mPFC-S1-NE_2023_01_05,19,0,Liberal,0.999965,3.62381e-07,3.47867e-05,0.999254,1,-0.406441,1
corrected,243-R-mPFC-S1-NE_2023_01_05,20,0,Liberal,0.99996,3.14578e-07,3.96549e-05,0.999254,1,-0.415825,1
corrected,243-R-mPFC-S1-NE_2023_01_05,21,0,Liberal,0.99996,5.76113e-08,3.96363e-05,0.803681,1,0.1076,0.1
corrected,243-R-mPFC-S1-NE_2023_01_05,22,0,Liberal,0.999954,3.11557e-08,4.61688e-05,0.914883,1,-0.188766,0.25
corrected,243-R-mPFC-S1-NE_2023_01_05,23,0,Liberal,0.999956,2.32822e-07,4.42207e-05,0.981719,1,0.891939,0.5
corrected,243-R-mPFC-S1-NE_2023_01_05,24,0,Liberal,0.999955,1.7156e-07,4.48431e-05,0.981719,1,-0.324174,0.5
corrected,243-R-mPFC-S1-NE_2023_01_05,25,0,Liberal,0.99996,9.39885e-07,3.95014e-05,0.999254,1,0.249832,1
corrected,243-R-mPFC-S1-NE_2023_01_05,26,0,Liberal,0.999964,7.976e-07,3.54429e-05,0.999254,1,-0.608997,1
corrected,243-R-mPFC-S1-NE_2023_01_05,27,0,Liberal,0.99997,4.30002e-07,2.95824e-05,0.999254,1,-0.838338,1
corrected,243-R-mPFC-S1-NE_2023_01_05,28,0,Liberal,0.999982,8.18221e-08,1.82234e-05,0.68266,1,-0.207358,0
corrected,243-R-mPFC-S1-NE_2023_01_05,29,0,Liberal,0.999967,3.22175e-08,3.29416e-05,0.914882,1,-0.715135,0.25
corrected,243-R-mPFC-S1-NE_2023_01_05,30,0,Liberal,0.999959,1.20696e-07,4.06647e-05,0.981719,1,-0.069693,0.5
corrected,243-R-mPFC-S1-NE_2023_01_05,31,0,Liberal,0.999953,1.19595e-07,4.72936e-05,0.747944,1,-0.476853,0.05
corrected,243-R-mPFC-S1-NE_2023_01_05,32,0,Liberal,0.999928,4.59849e-06,6.69306e-05,0.74793,0,1.10005,0.05
corrected,243-R-mPFC-S1-NE_2023_01_05,33,0,Liberal,0.999932,1.36765e-06,6.65724e-05,0.914883,1,0.153191,0.25
corrected,243-R-mPFC-S1-NE_2023_01_05,34,0,Liberal,0.999935,4.91173e-06,5.98125e-05,0.716416,0,0.109757,0.025
corrected,243-R-mPFC-S1-NE_2023_01_05,35,0,Liberal,0.999969,2.21133e-07,3.09716e-05,0.747952,1,-0.777579,0.05
corrected,243-R-mPFC-S1-NE_2023_01_05,36,0,Liberal,0.999976,1.26588e-08,2.42737e-05,0.803686,1,-0.643178,0.1
corrected,243-R-mPFC-S1-NE_2023_01_05,37,0,Liberal,0.999989,5.65575e-07,1.02651e-05,0.981718,1,2.50085,0.5
corrected,243-R-mPFC-S1-NE_2023_01_05,38,0,Liberal,0.999996,3.39539e-08,4.1849e-06,0.747967,1,-0.550096,0.05
corrected,243-R-mPFC-S1-NE_2023_01_05,39,0,Liberal,0.999998,2.6681e-08,2.00924e-06,0.747968,1,0.0311765,0.05
corrected,243-R-mPFC-S1-NE_2023_01_05,40,0,Liberal,0.999998,2.0038e-08,2.23441e-06,0.68267,1,-0.569913,0
corrected,243-R-mPFC-S1-NE_2023_01_05,41,0,Liberal,0.999988,3.29677e-08,1.16171e-05,0.80369,1,-0.598198,0.1
corrected,243-R-mPFC-S1-NE_2023_01_05,42,0,Liberal,0.999972,8.22043e-08,2.78148e-05,0.716438,1,-1.07529,0.025
corrected,243-R-mPFC-S1-NE_2023_01_05,43,0,Liberal,0.999925,8.58758e-06,6.62665e-05,0.803665,0,1.80385,0.1
corrected,243-R-mPFC-S1-NE_2023_01_05,44,0,Liberal,0.99991,1.17208e-06,8.8532e-05,0.716402,1,0.18631,0.025
corrected,243-R-mPFC-S1-NE_2023_01_05,45,0,Liberal,0.999792,1.14951e-06,0.000206562,0.682546,1,0.27604,0
corrected,243-R-mPFC-S1-NE_2023_01_05,46,0,Liberal,0.998606,1.8364e-06,0.00139223,0.747234,1,-0.249462,0.05
corrected,243-R-mPFC-S1-NE_2023_01_05,47,0,Liberal,0.99602,8.71403e-05,0.00389334,0.999212,1,1.5783,1
corrected,243-R-mPFC-S1-NE_2023_01_05,48,0,Liberal,0.991546,2.61473e-05,0.00842805,0.981849,1,-0.430982,0.5
corrected,243-R-mPFC-S1-NE_2023_01_05,49,0,Liberal,0.987314,6.58973e-05,0.0126199,0.67502,1,-0.252139,0
corrected,243-R-mPFC-S1-NE_2023_01_05,50,0,Liberal,0.948041,0.000714345,0.0512448,0.651309,1,-0.503491,0
corrected,243-R-mPFC-S1-NE_2023_01_05,51,0,Liberal,0.517698,0.0091793,0.473122,0.435294,0,-1.37686,0.025
corrected,243-R-mPFC-S1-NE_2023_01_05,52,2,Engaged,0.381643,0.00729869,0.611058,0.42062,0,-1.28482,0.05
corrected,243-R-mPFC-S1-NE_2023_01_05,53,2,Engaged,0.338873,0.00110099,0.660026,0.950303,1,-1.2288,0.25
corrected,243-R-mPFC-S1-NE_2023_01_05,54,2,Engaged,0.305963,0.00659933,0.687438,0.263912,0,-0.352661,0
corrected,243-R-mPFC-S1-NE_2023_01_05,55,2,Engaged,0.293288,0.00698777,0.699725,0.374103,0,-0.831812,0.05
corrected,243-R-mPFC-S1-NE_2023_01_05,56,2,Engaged,0.289717,0.00612607,0.704157,0.303182,0,-0.431841,0.025
corrected,243-R-mPFC-S1-NE_2023_01_05,57,2,Engaged,0.288541,0.000152494,0.711306,0.953938,1,-1.07814,0.25
corrected,243-R-mPFC-S1-NE_2023_01_05,58,2,Engaged,0.287936,0.000115428,0.711948,0.573718,1,0.282984,0.1
corrected,243-R-mPFC-S1-NE_2023_01_05,59,2,Engaged,0.286429,4.44081e-05,0.713526,0.954153,1,0.0208203,0.25
corrected,243-R-mPFC-S1-NE_2023_01_05,60,2,Engaged,0.285624,0.00116766,0.713208,0.99371,1,1.61088,0.5
corrected,243-R-mPFC-S1-NE_2023_01_05,61,2,Engaged,0.284832,0.0578728,0.657295,0.969787,1,4.64858,1
corrected,243-R-mPFC-S1-NE_2023_01_05,62,2,Engaged,0.282199,0.0366389,0.681162,0.362629,0,-0.0929052,0.05
corrected,243-R-mPFC-S1-NE_2023_01_05,63,2,Engaged,0.281844,0.00753652,0.710619,0.568456,1,-0.17888,0.1
corrected,243-R-mPFC-S1-NE_2023_01_05,64,2,Engaged,0.279972,0.00440409,0.715624,0.997508,1,-1.11957,1
corrected,243-R-mPFC-S1-NE_2023_01_05,65,2,Engaged,0.278264,0.00466005,0.717076,0.296686,0,-0.797657,0.025
corrected,243-R-mPFC-S1-NE_2023_01_05,66,2,Engaged,0.278123,0.0023301,0.719547,0.992843,1,-0.941974,0.5
corrected,243-R-mPFC-S1-NE_2023_01_05,67,2,Engaged,0.27788,0.00549342,0.716627,0.568083,1,-1.17739,0.1
corrected,243-R-mPFC-S1-NE_2023_01_05,68,1,Conservative,0.27514,0.673282,0.0515783,0.342851,0,2.11026,0.25
corrected,243-R-mPFC-S1-NE_2023_01_05,69,1,Conservative,0.27547,0.672253,0.0522775,0.343768,0,0.644843,0.25
corrected,243-R-mPFC-S1-NE_2023_01_05,70,2,Engaged,0.284654,0.015251,0.700094,0.565939,1,-0.82951,0.1
corrected,243-R-mPFC-S1-NE_2023_01_05,71,2,Engaged,0.284649,0.00218938,0.713162,0.952301,1,0.774262,0.25
corrected,243-R-mPFC-S1-NE_2023_01_05,72,2,Engaged,0.284358,0.00156925,0.714073,0.998975,1,0.223923,1
corrected,243-R-mPFC-S1-NE_2023_01_05,73,2,Engaged,0.28407,0.00102864,0.714902,0.993859,1,0.290255,0.5
corrected,243-R-mPFC-S1-NE_2023_01_05,74,2,Engaged,0.283493,0.0015082,0.714999,0.999007,1,-0.593455,1
corrected,243-R-mPFC-S1-NE_2023_01_05,75,2,Engaged,0.283489,0.0119687,0.704542,0.250075,0,1.53209,0
corrected,243-R-mPFC-S1-NE_2023_01_05,76,2,Engaged,0.284253,0.00682229,0.708925,0.369372,0,-0.470082,0.05
corrected,243-R-mPFC-S1-NE_2023_01_05,77,2,Engaged,0.288053,0.00190474,0.710042,0.302668,1,0.207869,0.025
corrected,243-R-mPFC-S1-NE_2023_01_05,78,2,Engaged,0.288219,0.00113214,0.710649,0.999198,1,0.0850712,1
corrected,243-R-mPFC-S1-NE_2023_01_05,79,2,Engaged,0.288432,0.000456265,0.711112,0.953668,1,0.308787,0.25
corrected,243-R-mPFC-S1-NE_2023_01_05,80,2,Engaged,0.288499,0.00186524,0.709636,0.253637,0,-0.275504,0
corrected,243-R-mPFC-S1-NE_2023_01_05,81,2,Engaged,0.289833,0.000106487,0.71006,0.574335,1,-0.740146,0.1
corrected,243-R-mPFC-S1-NE_2023_01_05,82,2,Engaged,0.291788,0.00824466,0.699968,0.304158,0,2.91556,0.025
corrected,243-R-mPFC-S1-NE_2023_01_05,83,2,Engaged,0.296212,0.00410087,0.699687,0.376193,1,1.38618,0.05
corrected,243-R-mPFC-S1-NE_2023_01_05,84,2,Engaged,0.296833,0.00452002,0.698647,0.997436,1,0.561061,1
corrected,243-R-mPFC-S1-NE_2023_01_05,85,2,Engaged,0.296908,9.92645e-05,0.702993,0.953525,1,-1.26178,0.25
corrected,243-R-mPFC-S1-NE_2023_01_05,86,2,Engaged,0.297466,8.3807e-05,0.70245,0.953509,1,0.304149,0.25
corrected,243-R-mPFC-S1-NE_2023_01_05,87,2,Engaged,0.298034,5.60447e-05,0.70191,0.953503,1,0.178781,0.25
corrected,243-R-mPFC-S1-NE_2023_01_05,88,2,Engaged,0.298879,0.000317661,0.700803,0.994203,1,0.827942,0.5
corrected,243-R-mPFC-S1-NE_2023_01_05,89,2,Engaged,0.299491,0.000334165,0.700175,0.95317,1,0.17649,0.25
corrected,243-R-mPFC-S1-NE_2023_01_05,90,2,Engaged,0.299872,0.00155678,0.698571,0.309571,0,-0.669762,0.025
corrected,243-R-mPFC-S1-NE_2023_01_05,91,2,Engaged,0.302051,0.000166565,0.697783,0.578253,1,-0.856523,0.1
corrected,243-R-mPFC-S1-NE_2023_01_05,92,2,Engaged,0.30339,0.000551979,0.696058,0.999488,1,-0.338228,1
corrected,243-R-mPFC-S1-NE_2023_01_05,93,2,Engaged,0.304878,0.000410611,0.694712,0.312601,1,-0.0406031,0.025
corrected,243-R-mPFC-S1-NE_2023_01_05,94,2,Engaged,0.304091,0.00012484,0.695784,0.953106,1,-0.390258,0.25
corrected,243-R-mPFC-S1-NE_2023_01_05,95,2,Engaged,0.303214,0.000138407,0.696647,0.994279,1,-0.80925,0.5
corrected,243-R-mPFC-S1-NE_2023_01_05,96,2,Engaged,0.302678,0.00104947,0.696273,0.578064,1,0.1104,0.1
corrected,243-R-mPFC-S1-NE_2023_01_06,1,0,Liberal,0.999058,8.25105e-06,0.000933386,0.981728,1,2.247,0.5
corrected,243-R-mPFC-S1-NE_2023_01_06,2,0,Liberal,0.999878,3.2749e-06,0.000118471,0.716383,1,0.900975,0.025
corrected,243-R-mPFC-S1-NE_2023_01_06,3,0,Liberal,0.999972,1.64648e-07,2.81368e-05,0.716438,1,-0.953382,0.025
corrected,243-R-mPFC-S1-NE_2023_01_06,4,0,Liberal,0.999993,6.82178e-08,6.7649e-06,0.682667,1,-0.150626,0
corrected,243-R-mPFC-S1-NE_2023_01_06,5,0,Liberal,0.999992,2.43928e-08,7.51843e-06,0.803691,1,-0.883105,0.1
corrected,243-R-mPFC-S1-NE_2023_01_06,6,0,Liberal,0.999991,2.8399e-08,9.22999e-06,0.914881,1,-1.06391,0.25
corrected,243-R-mPFC-S1-NE_2023_01_06,7,0,Liberal,0.999992,1.91429e-08,7.84282e-06,0.747965,1,-1.1439,0.05
corrected,243-R-mPFC-S1-NE_2023_01_06,8,0,Liberal,0.999988,3.86138e-08,1.16622e-05,0.682664,1,-0.823983,0
corrected,243-R-mPFC-S1-NE_2023_01_06,9,0,Liberal,0.999944,1.60102e-07,5.53974e-05,0.981719,1,-0.736614,0.5
corrected,243-R-mPFC-S1-NE_2023_01_06,10,0,Liberal,0.999896,5.15609e-08,0.000103801,0.80366,1,-1.33702,0.1
corrected,243-R-mPFC-S1-NE_2023_01_06,11,0,Liberal,0.999832,3.98749e-07,0.000167932,0.68257,1,-0.599129,0
corrected,243-R-mPFC-S1-NE_2023_01_06,12,0,Liberal,0.999278,3.52324e-06,0.000718354,0.999253,1,-0.487886,1
corrected,243-R-mPFC-S1-NE_2023_01_06,13,0,Liberal,0.998736,1.76488e-06,0.0012619,0.98174,1,-0.428695,0.5
corrected,243-R-mPFC-S1-NE_2023_01_06,14,0,Liberal,0.998156,6.71523e-07,0.00184367,0.914981,1,-0.745759,0.25
corrected,243-R-mPFC-S1-NE_2023_01_06,15,0,Liberal,0.997624,2.11576e-06,0.00237413,0.915009,1,-0.647677,0.25
corrected,243-R-mPFC-S1-NE_2023_01_06,16,0,Liberal,0.997108,2.94989e-05,0.00286247,0.999241,1,-0.66109,1
corrected,243-R-mPFC-S1-NE_2023_01_06,17,0,Liberal,0.996556,7.83064e-05,0.00336608,0.746138,0,-0.854531,0.05
corrected,243-R-mPFC-S1-NE_2023_01_06,18,0,Liberal,0.99641,8.54392e-05,0.00350483,0.680502,0,-0.85979,0
corrected,243-R-mPFC-S1-NE_2023_01_06,19,0,Liberal,0.996458,8.15315e-05,0.00346053,0.680532,0,-0.533202,0
corrected,243-R-mPFC-S1-NE_2023_01_06,20,0,Liberal,0.99672,1.39496e-05,0.00326618,0.99925,1,-1.02359,1
corrected,243-R-mPFC-S1-NE_2023_01_06,21,0,Liberal,0.997116,5.57043e-06,0.0028781,0.915034,1,0.822558,0.25
corrected,243-R-mPFC-S1-NE_2023_01_06,22,0,Liberal,0.99736,2.77211e-06,0.00263764,0.999255,1,-0.961875,1
corrected,243-R-mPFC-S1-NE_2023_01_06,23,0,Liberal,0.997833,9.06806e-06,0.00215746,0.914991,1,1.39473,0.25
corrected,243-R-mPFC-S1-NE_2023_01_06,24,0,Liberal,0.998118,2.26219e-05,0.00185981,0.999244,1,-0.556092,1
corrected,243-R-mPFC-S1-NE_2023_01_06,25,0,Liberal,0.998509,9.72579e-05,0.00139348,0.715578,0,0.578909,0.025
corrected,243-R-mPFC-S1-NE_2023_01_06,26,0,Liberal,0.999484,4.751e-06,0.000510876,0.68236,1,-0.503404,0
corrected,243-R-mPFC-S1-NE_2023_01_06,27,0,Liberal,0.999595,1.20467e-06,0.000403877,0.682427,1,-0.215912,0
corrected,243-R-mPFC-S1-NE_2023_01_06,28,0,Liberal,0.999556,8.73215e-07,0.000443136,0.999254,1,-0.839989,1
corrected,243-R-mPFC-S1-NE_2023_01_06,29,0,Liberal,0.999531,3.53087e-07,0.000468889,0.981726,1,-0.18375,0.5
corrected,243-R-mPFC-S1-NE_2023_01_06,30,0,Liberal,0.999517,1.04157e-06,0.00048245,0.68238,1,0.354649,0
corrected,243-R-mPFC-S1-NE_2023_01_06,31,0,Liberal,0.999127,8.60068e-07,0.000871992,0.747508,1,-0.768784,0.05
corrected,243-R-mPFC-S1-NE_2023_01_06,32,0,Liberal,0.997824,3.0923e-06,0.00217256,0.746821,1,-0.704526,0.05
corrected,243-R-mPFC-S1-NE_2023_01_06,33,0,Liberal,0.993737,4.31647e-05,0.0062194,0.999237,1,-0.390687,1
corrected,243-R-mPFC-S1-NE_2023_01_06,34,0,Liberal,0.988595,5.60476e-06,0.0113995,0.800008,1,-1.23694,0.1
corrected,243-R-mPFC-S1-NE_2023_01_06,35,0,Liberal,0.980978,1.06693e-05,0.0190115,0.982055,1,-0.803783,0.5
corrected,243-R-mPFC-S1-NE_2023_01_06,36,0,Liberal,0.974384,1.42594e-05,0.0256022,0.916279,1,-0.339633,0.25
corrected,243-R-mPFC-S1-NE_2023_01_06,37,0,Liberal,0.966865,4.94765e-05,0.0330853,0.982278,1,-0.995684,0.5
corrected,243-R-mPFC-S1-NE_2023_01_06,38,0,Liberal,0.960788,0.000615792,0.0385962,0.916481,1,-0.129499,0.25
corrected,243-R-mPFC-S1-NE_2023_01_06,39,0,Liberal,0.95078,0.00770877,0.0415114,0.995295,1,-0.774752,1
corrected,243-R-mPFC-S1-NE_2023_01_06,40,0,Liberal,0.936288,0.026581,0.0371313,0.676596,0,-0.72263,0.025
corrected,243-R-mPFC-S1-NE_2023_01_06,41,0,Liberal,0.928959,0.0710409,6.02077e-09,0.962481,0,0.967577,1
corrected,243-R-mPFC-S1-NE_2023_01_06,42,0,Liberal,0.933954,0.00364355,0.0624023,0.915207,1,-0.981817,0.25
corrected,243-R-mPFC-S1-NE_2023_01_06,43,0,Liberal,0.934207,0.000534123,0.0652587,0.91802,1,-0.794532,0.25
corrected,243-R-mPFC-S1-NE_2023_01_06,44,0,Liberal,0.93455,0.00188887,0.0635615,0.998324,1,1.2025,1
corrected,243-R-mPFC-S1-NE_2023_01_06,45,0,Liberal,0.934873,0.00492828,0.060199,0.780476,0,1.34952,0.1
corrected,243-R-mPFC-S1-NE_2023_01_06,46,0,Liberal,0.935907,0.00362035,0.0604726,0.678834,0,-0.62628,0.025
corrected,243-R-mPFC-S1-NE_2023_01_06,47,0,Liberal,0.93947,0.00154413,0.0589858,0.998499,1,-0.502315,1
corrected,243-R-mPFC-S1-NE_2023_01_06,48,0,Liberal,0.942558,0.000745429,0.0566963,0.917367,1,-0.384869,0.25
corrected,243-R-mPFC-S1-NE_2023_01_06,49,0,Liberal,0.945621,0.00319775,0.0511814,0.718696,0,-0.078115,0.05
corrected,243-R-mPFC-S1-NE_2023_01_06,50,0,Liberal,0.954363,0.0036463,0.0419905,0.723219,0,-0.586591,0.05
corrected,243-R-mPFC-S1-NE_2023_01_06,51,0,Liberal,0.9805,0.000192797,0.0193067,0.737653,1,-0.957134,0.05
corrected,243-R-mPFC-S1-NE_2023_01_06,52,0,Liberal,0.987959,0.000166902,0.0118742,0.999177,1,-0.665013,1
corrected,243-R-mPFC-S1-NE_2023_01_06,53,0,Liberal,0.995443,1.73493e-05,0.00453948,0.713805,1,-0.661062,0.025
corrected,243-R-mPFC-S1-NE_2023_01_06,54,0,Liberal,0.996785,4.19068e-06,0.00321043,0.680733,1,-0.800965,0
corrected,243-R-mPFC-S1-NE_2023_01_06,55,0,Liberal,0.996923,3.31112e-06,0.00307358,0.981771,1,-0.640752,0.5
corrected,243-R-mPFC-S1-NE_2023_01_06,56,0,Liberal,0.997048,8.10868e-06,0.00294345,0.999253,1,-0.973114,1
corrected,243-R-mPFC-S1-NE_2023_01_06,57,0,Liberal,0.997339,0.000106146,0.00255436,0.746546,0,1.64845,0.05
corrected,243-R-mPFC-S1-NE_2023_01_06,58,0,Liberal,0.998123,4.29024e-05,0.00183444,0.803068,1,0.773446,0.1
corrected,243-R-mPFC-S1-NE_2023_01_06,59,0,Liberal,0.998393,6.80413e-05,0.00153859,0.747109,0,-0.861466,0.05
corrected,243-R-mPFC-S1-NE_2023_01_06,60,0,Liberal,0.999258,3.66317e-06,0.000738211,0.716023,1,-1.03843,0.025
corrected,243-R-mPFC-S1-NE_2023_01_06,61,0,Liberal,0.999434,3.6182e-06,0.000562342,0.999253,1,-0.480536,1
corrected,243-R-mPFC-S1-NE_2023_01_06,62,0,Liberal,0.999631,5.09161e-07,0.000368834,0.747774,1,-0.143671,0.05
corrected,243-R-mPFC-S1-NE_2023_01_06,63,0,Liberal,0.999686,7.14631e-07,0.00031378,0.803592,1,0.0933904,0.1
corrected,243-R-mPFC-S1-NE_2023_01_06,64,0,Liberal,0.999721,1.57531e-05,0.000262891,0.716291,0,0.927318,0.025
corrected,243-R-mPFC-S1-NE_2023_01_06,65,0,Liberal,0.999853,1.08922e-05,0.00013607,0.999249,1,0.459786,1
corrected,243-R-mPFC-S1-NE_2023_01_06,66,0,Liberal,0.999952,4.7535e-07,4.77503e-05,0.682642,1,-0.773485,0
corrected,243-R-mPFC-S1-NE_2023_01_06,67,0,Liberal,0.999959,6.20168e-08,4.07823e-05,0.80368,1,-0.492569,0.1
corrected,243-R-mPFC-S1-NE_2023_01_06,68,0,Liberal,0.99996,5.49545e-08,3.95738e-05,0.914883,1,-0.586218,0.25
corrected,243-R-mPFC-S1-NE_2023_01_06,69,0,Liberal,0.999964,2.0348e-08,3.64357e-05,0.914882,1,-0.997184,0.25
corrected,243-R-mPFC-S1-NE_2023_01_06,70,0,Liberal,0.999978,6.87229e-08,2.1806e-05,0.747957,1,0.667782,0.05
corrected,243-R-mPFC-S1-NE_2023_01_06,71,0,Liberal,0.999976,4.08922e-08,2.37568e-05,0.914882,1,-0.140784,0.25
corrected,243-R-mPFC-S1-NE_2023_01_06,72,0,Liberal,0.999978,4.1581e-08,2.22934e-05,0.747957,1,-0.142367,0.05
corrected,243-R-mPFC-S1-NE_2023_01_06,73,0,Liberal,0.999966,1.7814e-07,3.37983e-05,0.716435,1,-0.175416,0.025
corrected,243-R-mPFC-S1-NE_2023_01_06,74,0,Liberal,0.999887,2.36918e-06,0.000110578,0.747909,0,-0.489708,0.05
corrected,243-R-mPFC-S1-NE_2023_01_06,75,0,Liberal,0.999878,1.67307e-06,0.000120808,0.999254,1,0.455369,1
corrected,243-R-mPFC-S1-NE_2023_01_06,76,0,Liberal,0.999866,2.48256e-07,0.000133705,0.80365,1,-0.156625,0.1
corrected,243-R-mPFC-S1-NE_2023_01_06,77,0,Liberal,0.999849,3.6675e-06,0.000146936,0.999253,1,1.15344,1
corrected,243-R-mPFC-S1-NE_2023_01_06,78,0,Liberal,0.999822,4.62157e-06,0.000173089,0.716351,0,-0.273279,0.025
corrected,243-R-mPFC-S1-NE_2023_01_06,79,0,Liberal,0.999855,5.99863e-06,0.000139246,0.999252,1,1.56132,1
corrected,243-R-mPFC-S1-NE_2023_01_06,80,0,Liberal,0.999875,2.85146e-06,0.000122091,0.999253,1,-0.0337825,1
corrected,243-R-mPFC-S1-NE_2023_01_06,81,0,Liberal,0.999894,1.37096e-07,0.000105767,0.914886,1,-0.413596,0.25
corrected,243-R-mPFC-S1-NE_2023_01_06,82,0,Liberal,0.999926,1.04304e-07,7.36081e-05,0.74793,1,0.730464,0.05
corrected,243-R-mPFC-S1-NE_2023_01_06,83,0,Liberal,0.99993,5.69803e-07,6.92415e-05,0.999254,1,1.13859,1
corrected,243-R-mPFC-S1-NE_2023_01_06,84,0,Liberal,0.999936,1.88852e-07,6.40047e-05,0.914884,1,0.956494,0.25
corrected,243-R-mPFC-S1-NE_2023_01_06,85,0,Liberal,0.999938,9.45458e-08,6.18376e-05,0.981719,1,-0.296195,0.5
corrected,243-R-mPFC-S1-NE_2023_01_06,86,0,Liberal,0.999948,1.917e-07,5.20026e-05,0.68264,1,0.557811,0
corrected,243-R-mPFC-S1-NE_2023_01_06,87,0,Liberal,0.9999,6.14207e-07,9.96246e-05,0.981719,1,-0.250449,0.5
corrected,243-R-mPFC-S1-NE_2023_01_06,88,0,Liberal,0.999847,3.07421e-06,0.00015027,0.747887,0,-0.723117,0.05
corrected,243-R-mPFC-S1-NE_2023_01_06,89,0,Liberal,0.999843,1.98468e-07,0.000156859,0.803643,1,-0.947748,0.1
corrected,243-R-mPFC-S1-NE_2023_01_06,90,0,Liberal,0.999831,8.84688e-07,0.000167818,0.68257,1,-0.0930274,0
corrected,243-R-mPFC-S1-NE_2023_01_06,91,0,Liberal,0.999701,5.12734e-05,0.000247975,0.716275,0,2.42229,0.025
corrected,243-R-mPFC-S1-NE_2023_01_06,92,0,Liberal,0.999625,1.56008e-05,0.000359235,0.999247,1,-1.42156,1
corrected,243-R-mPFC-S1-NE_2023_01_06,93,0,Liberal,0.999583,1.60522e-05,0.000400592,0.747746,0,0.477241,0.05
corrected,243-R-mPFC-S1-NE_2023_01_06,94,0,Liberal,0.999607,6.3759e-07,0.000392082,0.803566,1,0.123944,0.1
corrected,243-R-mPFC-S1-NE_2023_01_06,95,0,Liberal,0.99961,4.95161e-07,0.000389026,0.747763,1,1.00045,0.05
corrected,243-R-mPFC-S1-NE_2023_01_06,96,0,Liberal,0.999532,1.68875e-06,0.000466769,0.999254,1,0.460609,1
corrected,243-R-mPFC-S1-NE_2023_01_06,97,0,Liberal,0.999442,3.2155e-07,0.000557735,0.747674,1,-0.0252993,0.05
corrected,243-R-mPFC-S1-NE_2023_01_06,98,0,Liberal,0.999165,7.99917e-07,0.000834131,0.981733,1,0.591094,0.5
corrected,243-R-mPFC-S1-NE_2023_01_06,99,0,Liberal,0.998891,1.44112e-06,0.00110779,0.747384,1,0.604145,0.05
corrected,243-R-mPFC-S1-NE_2023_01_06,100,0,Liberal,0.997695,1.56433e-06,0.00230386,0.915006,1,-0.215119,0.25
corrected,243-R-mPFC-S1-NE_2023_01_06,101,0,Liberal,0.996775,2.89787e-05,0.00319616,0.680726,1,0.633744,0
corrected,243-R-mPFC-S1-NE_2023_01_06,102,0,Liberal,0.985802,0.00779717,0.00640106,0.739004,0,5.4597,0.05
corrected,243-R-mPFC-S1-NE_2023_01_06,103,0,Liberal,0.981996,0.00698055,0.0110231,0.671443,1,1.99489,0
corrected,243-R-mPFC-S1-NE_2023_01_06,104,0,Liberal,0.928606,0.00757355,0.0638204,0.639224,0,0.202577,0
corrected,243-R-mPFC-S1-NE_2023_01_06,105,0,Liberal,0.909975,0.00603223,0.0839924,0.699368,0,0.149289,0.05
corrected,243-R-mPFC-S1-NE_2023_01_06,106,0,Liberal,0.90563,0.0057914,0.0885783,0.996323,1,1.52238,1
corrected,243-R-mPFC-S1-NE_2023_01_06,107,0,Liberal,0.899463,0.00473746,0.0957993,0.694072,0,0.26167,0.05
corrected,243-R-mPFC-S1-NE_2023_01_06,108,0,Liberal,0.897609,0.00298323,0.099408,0.693428,0,0.364259,0.05
corrected,243-R-mPFC-S1-NE_2023_01_06,109,0,Liberal,0.897283,0.000264331,0.102453,0.770409,1,0.320015,0.1
corrected,243-R-mPFC-S1-NE_2023_01_06,110,0,Liberal,0.896231,1.09398e-05,0.103758,0.983597,1,0.0283243,0.5
corrected,243-R-mPFC-S1-NE_2023_01_06,111,0,Liberal,0.895802,4.64594e-05,0.104152,0.920579,1,2.5189,0.25
corrected,243-R-mPFC-S1-NE_2023_01_06,112,0,Liberal,0.895038,7.50727e-05,0.104887,0.983563,1,1.19212,0.5
corrected,243-R-mPFC-S1-NE_2023_01_06,113,0,Liberal,0.893981,7.56782e-05,0.105944,0.618753,1,0.294037,0
corrected,243-R-mPFC-S1-NE_2023_01_06,114,0,Liberal,0.88605,0.000354748,0.113595,0.983486,1,1.28721,0.5
corrected,243-R-mPFC-S1-NE_2023_01_06,115,0,Liberal,0.873675,0.000764462,0.12556,0.762564,0,-0.298484,0.1
corrected,243-R-mPFC-S1-NE_2023_01_06,116,0,Liberal,0.870511,0.000967376,0.128521,0.983239,1,1.15357,0.5
corrected,243-R-mPFC-S1-NE_2023_01_06,117,0,Liberal,0.86617,0.00230871,0.131521,0.998157,1,0.179971,1
corrected,243-R-mPFC-S1-NE_2023_01_09,1,0,Liberal,0.980051,0.000425162,0.019524,0.670622,0,0.0248141,0
corrected,243-R-mPFC-S1-NE_2023_01_09,2,0,Liberal,0.982031,3.60604e-05,0.0179334,0.915838,1,-0.130945,0.25
corrected,243-R-mPFC-S1-NE_2023_01_09,3,0,Liberal,0.983788,2.10499e-05,0.0161914,0.915754,1,-0.292996,0.25
corrected,243-R-mPFC-S1-NE_2023_01_09,4,0,Liberal,0.985729,0.000242719,0.0140281,0.674055,0,-0.0877241,0
corrected,243-R-mPFC-S1-NE_2023_01_09,5,0,Liberal,0.991417,4.6311e-05,0.00853683,0.981834,1,-0.162343,0.5
corrected,243-R-mPFC-S1-NE_2023_01_09,6,0,Liberal,0.997366,7.59031e-06,0.0026267,0.746579,1,0.0679694,0.05
corrected,243-R-mPFC-S1-NE_2023_01_09,7,0,Liberal,0.999371,4.03186e-06,0.000625066,0.747636,1,0.625291,0.05
corrected,243-R-mPFC-S1-NE_2023_01_09,8,0,Liberal,0.999871,6.25256e-07,0.000128823,0.682593,1,0.0567762,0
corrected,243-R-mPFC-S1-NE_2023_01_09,9,0,Liberal,0.999937,2.31764e-07,6.30907e-05,0.803673,1,0.626313,0.1
corrected,243-R-mPFC-S1-NE_2023_01_09,10,0,Liberal,0.999967,7.10978e-08,3.31773e-05,0.747951,1,-0.283171,0.05
corrected,243-R-mPFC-S1-NE_2023_01_09,11,0,Liberal,0.999973,3.81542e-08,2.71051e-05,0.914882,1,-0.295808,0.25
corrected,243-R-mPFC-S1-NE_2023_01_09,12,0,Liberal,0.999985,2.61378e-08,1.5333e-05,0.803688,1,0.207422,0.1
corrected,243-R-mPFC-S1-NE_2023_01_09,13,0,Liberal,0.999995,5.16235e-08,5.2041e-06,0.682668,1,1.02772,0
corrected,243-R-mPFC-S1-NE_2023_01_09,14,0,Liberal,0.999993,1.10787e-06,5.67238e-06,0.999254,1,2.29748,1
corrected,243-R-mPFC-S1-NE_2023_01_09,15,0,Liberal,0.999992,4.12382e-07,7.90439e-06,0.999254,1,-0.264317,1
corrected,243-R-mPFC-S1-NE_2023_01_09,16,0,Liberal,0.999994,1.33171e-07,5.72125e-06,0.981718,1,0.575178,0.5
corrected,243-R-mPFC-S1-NE_2023_01_09,17,0,Liberal,0.999999,3.22112e-08,1.21459e-06,0.716454,1,0.283818,0.025
corrected,243-R-mPFC-S1-NE_2023_01_09,18,0,Liberal,0.999999,1.7236e-08,5.04404e-07,0.716454,1,-0.232686,0.025
corrected,243-R-mPFC-S1-NE_2023_01_09,19,0,Liberal,1,1.23551e-08,3.04542e-07,0.682671,1,-0.412655,0
corrected,243-R-mPFC-S1-NE_2023_01_09,20,0,Liberal,1,4.13684e-08,4.28644e-07,0.716454,1,0.0109274,0.025
corrected,243-R-mPFC-S1-NE_2023_01_09,21,0,Liberal,0.999998,3.07029e-07,1.41846e-06,0.747968,1,-1.12686,0.05
corrected,243-R-mPFC-S1-NE_2023_01_09,22,0,Liberal,0.999986,1.37872e-05,2.17053e-08,0.981706,0,-0.0815955,0.5
corrected,243-R-mPFC-S1-NE_2023_01_09,23,0,Liberal,0.999997,1.20631e-06,1.85247e-06,0.803692,1,0.623432,0.1
corrected,243-R-mPFC-S1-NE_2023_01_09,24,0,Liberal,0.999997,2.40756e-08,3.22477e-06,0.747967,1,-0.962705,0.05
corrected,243-R-mPFC-S1-NE_2023_01_09,25,0,Liberal,0.999995,6.75625e-08,4.58654e-06,0.682669,1,1.15879,0
corrected,243-R-mPFC-S1-NE_2023_01_09,26,0,Liberal,0.999966,1.71173e-07,3.38217e-05,0.981719,1,-0.0586418,0.5
corrected,243-R-mPFC-S1-NE_2023_01_09,27,0,Liberal,0.999937,4.40792e-07,6.27199e-05,0.981719,1,-0.379223,0.5
corrected,243-R-mPFC-S1-NE_2023_01_09,28,0,Liberal,0.999909,2.8291e-06,8.81101e-05,0.999253,1,-0.431084,1
corrected,243-R-mPFC-S1-NE_2023_01_09,29,0,Liberal,0.999881,7.00145e-06,0.000112343,0.682599,0,-0.697504,0
corrected,243-R-mPFC-S1-NE_2023_01_09,30,0,Liberal,0.999888,6.13757e-06,0.000105598,0.682604,0,-0.813194,0
corrected,243-R-mPFC-S1-NE_2023_01_09,31,0,Liberal,0.999951,2.54457e-07,4.86208e-05,0.747943,1,-0.138298,0.05
corrected,243-R-mPFC-S1-NE_2023_01_09,32,0,Liberal,0.99997,4.17509e-08,3.01202e-05,0.803684,1,0.43264,0.1
corrected,243-R-mPFC-S1-NE_2023_01_09,33,0,Liberal,0.999985,1.03993e-07,1.5348e-05,0.803688,1,1.27971,0.1
corrected,243-R-mPFC-S1-NE_2023_01_09,34,0,Liberal,0.999989,4.55821e-08,1.07973e-05,0.914881,1,-0.35762,0.25
corrected,243-R-mPFC-S1-NE_2023_01_09,35,0,Liberal,0.999997,2.66329e-08,3.35081e-06,0.747967,1,-0.526272,0.05
corrected,243-R-mPFC-S1-NE_2023_01_09,36,0,Liberal,0.999999,1.75788e-08,1.00752e-06,0.716454,1,-0.610371,0.025
corrected,243-R-mPFC-S1-NE_2023_01_09,37,0,Liberal,0.999999,1.613e-08,6.73056e-07,0.716454,1,-0.629198,0.025
corrected,243-R-mPFC-S1-NE_2023_01_09,38,0,Liberal,0.999999,1.70786e-08,1.28136e-06,0.747968,1,-0.794218,0.05
corrected,243-R-mPFC-S1-NE_2023_01_09,39,0,Liberal,0.999997,2.05236e-08,2.99524e-06,0.914881,1,-1.03061,0.25
corrected,243-R-mPFC-S1-NE_2023_01_09,40,0,Liberal,0.999999,1.46197e-08,1.33058e-06,0.682671,1,-0.766973,0
corrected,243-R-mPFC-S1-NE_2023_01_09,41,0,Liberal,0.999997,3.40138e-08,3.44484e-06,0.914881,1,-0.355397,0.25
corrected,243-R-mPFC-S1-NE_2023_01_09,42,0,Liberal,0.999997,1.80313e-08,3.35656e-06,0.747967,1,-1.05011,0.05
corrected,243-R-mPFC-S1-NE_2023_01_09,43,0,Liberal,0.999994,2.45153e-08,6.26657e-06,0.803691,1,-1.03116,0.1
corrected,243-R-mPFC-S1-NE_2023_01_09,44,0,Liberal,0.999989,4.13221e-08,1.11238e-05,0.981718,1,-1.5943,0.5
corrected,243-R-mPFC-S1-NE_2023_01_09,45,0,Liberal,0.999988,1.42912e-08,1.16877e-05,0.80369,1,-1.04817,0.1
corrected,243-R-mPFC-S1-NE_2023_01_09,46,0,Liberal,0.999989,8.94798e-08,1.08825e-05,0.981718,1,0.158185,0.5
corrected,243-R-mPFC-S1-NE_2023_01_09,47,0,Liberal,0.999992,3.15622e-08,8.24928e-06,0.747964,1,-0.313212,0.05
corrected,243-R-mPFC-S1-NE_2023_01_09,48,0,Liberal,0.99999,5.81812e-07,9.28292e-06,0.999254,1,0.778592,1
corrected,243-R-mPFC-S1-NE_2023_01_09,49,0,Liberal,0.999989,1.00044e-07,1.13524e-05,0.981718,1,-0.963322,0.5
corrected,243-R-mPFC-S1-NE_2023_01_09,50,0,Liberal,0.99999,2.37822e-08,9.52211e-06,0.747964,1,-0.581254,0.05
corrected,243-R-mPFC-S1-NE_2023_01_09,51,0,Liberal,0.999986,2.3543e-08,1.38328e-05,0.914881,1,-0.297047,0.25
corrected,243-R-mPFC-S1-NE_2023_01_09,52,0,Liberal,0.999987,5.00543e-08,1.32236e-05,0.914881,1,0.359581,0.25
corrected,243-R-mPFC-S1-NE_2023_01_09,53,0,Liberal,0.999989,3.28379e-08,1.09552e-05,0.80369,1,-0.288112,0.1
corrected,243-R-mPFC-S1-NE_2023_01_09,54,0,Liberal,0.999989,2.62995e-08,1.10464e-05,0.80369,1,-0.730041,0.1
corrected,243-R-mPFC-S1-NE_2023_01_09,55,0,Liberal,0.999987,5.81226e-08,1.27457e-05,0.981718,1,-0.860011,0.5
corrected,243-R-mPFC-S1-NE_2023_01_09,56,0,Liberal,0.999989,2.20048e-08,1.10454e-05,0.80369,1,-0.677421,0.1
corrected,243-R-mPFC-S1-NE_2023_01_09,57,0,Liberal,0.99999,1.64722e-08,1.00419e-05,0.682665,1,-0.386788,0
corrected,243-R-mPFC-S1-NE_2023_01_09,58,0,Liberal,0.999975,3.26685e-08,2.54038e-05,0.803685,1,0.723879,0.1
corrected,243-R-mPFC-S1-NE_2023_01_09,59,0,Liberal,0.999952,1.71449e-07,4.80944e-05,0.747943,1,1.0418,0.05
corrected,243-R-mPFC-S1-NE_2023_01_09,60,0,Liberal,0.999847,8.59703e-07,0.000152539,0.98172,1,0.155912,0.5
corrected,243-R-mPFC-S1-NE_2023_01_09,61,0,Liberal,0.99972,3.21681e-06,0.0002768,0.747821,0,-0.580239,0.05
corrected,243-R-mPFC-S1-NE_2023_01_09,62,0,Liberal,0.999697,5.25675e-07,0.000302016,0.981723,1,-0.118034,0.5
corrected,243-R-mPFC-S1-NE_2023_01_09,63,0,Liberal,0.99968,1.7285e-07,0.000320286,0.80359,1,0.0714707,0.1
corrected,243-R-mPFC-S1-NE_2023_01_09,64,0,Liberal,0.999632,4.27281e-07,0.000367769,0.981724,1,-0.207875,0.5
corrected,243-R-mPFC-S1-NE_2023_01_09,65,0,Liberal,0.999575,4.67237e-07,0.000424618,0.682415,1,-0.878703,0
corrected,243-R-mPFC-S1-NE_2023_01_09,66,0,Liberal,0.999056,1.4644e-06,0.000942888,0.803388,1,-0.655464,0.1
corrected,243-R-mPFC-S1-NE_2023_01_09,67,0,Liberal,0.998479,0.000390358,0.00113067,0.803029,0,3.7393,0.1
corrected,243-R-mPFC-S1-NE_2023_01_09,68,0,Liberal,0.998117,9.51535e-05,0.00178814,0.803043,1,-0.603397,0.1
corrected,243-R-mPFC-S1-NE_2023_01_09,69,0,Liberal,0.997437,0.000114783,0.0024478,0.802815,0,-0.663653,0.1
corrected,243-R-mPFC-S1-NE_2023_01_09,70,0,Liberal,0.997205,6.74695e-05,0.00272767,0.714824,1,-0.698996,0.025
corrected,243-R-mPFC-S1-NE_2023_01_09,71,0,Liberal,0.996084,0.000273456,0.00364301,0.745852,1,0.350694,0.05
corrected,243-R-mPFC-S1-NE_2023_01_09,72,0,Liberal,0.985574,0.0119756,0.00245005,0.738091,0,2.09113,0.05
corrected,243-R-mPFC-S1-NE_2023_01_09,73,0,Liberal,0.984297,0.0132251,0.00247806,0.672494,0,-0.0918727,0
corrected,243-R-mPFC-S1-NE_2023_01_09,74,0,Liberal,0.983948,0.01383,0.00222195,0.992097,1,-0.50492,1
corrected,243-R-mPFC-S1-NE_2023_01_09,75,0,Liberal,0.983134,0.0168659,7.12672e-10,0.990524,0,0.308476,1
corrected,243-R-mPFC-S1-NE_2023_01_09,76,0,Liberal,0.987707,0.00586617,0.00642671,0.910226,1,0.310343,0.25
corrected,243-R-mPFC-S1-NE_2023_01_09,77,0,Liberal,0.987731,0.0117423,0.000526614,0.70807,0,6.98526,0.025
corrected,243-R-mPFC-S1-NE_2023_01_09,78,0,Liberal,0.988951,0.0106336,0.000414985,0.708897,0,1.59893,0.025
corrected,243-R-mPFC-S1-NE_2023_01_09,79,0,Liberal,0.999492,0.000344557,0.000163775,0.682347,1,-0.548352,0
corrected,243-R-mPFC-S1-NE_2023_01_09,80,0,Liberal,0.999913,1.15256e-05,7.56362e-05,0.716403,1,-0.417023,0.025
corrected,243-R-mPFC-S1-NE_2023_01_09,81,0,Liberal,0.999947,5.41207e-06,4.78051e-05,0.999252,1,0.770551,1
corrected,243-R-mPFC-S1-NE_2023_01_09,82,0,Liberal,0.999977,3.04249e-07,2.3157e-05,0.747956,1,0.141694,0.05
corrected,243-R-mPFC-S1-NE_2023_01_09,83,0,Liberal,0.999981,5.04417e-08,1.84705e-05,0.747959,1,-0.0725873,0.05
corrected,243-R-mPFC-S1-NE_2023_01_09,84,0,Liberal,0.999976,1.94032e-07,2.36145e-05,0.716441,1,0.129698,0.025
corrected,243-R-mPFC-S1-NE_2023_01_09,85,0,Liberal,0.999932,3.28941e-06,6.43864e-05,0.68263,0,0.052865,0
corrected,243-R-mPFC-S1-NE_2023_01_09,86,0,Liberal,0.999923,1.13318e-06,7.63079e-05,0.999254,1,-0.671278,1
corrected,243-R-mPFC-S1-NE_2023_01_09,87,0,Liberal,0.999918,2.93863e-07,8.14243e-05,0.981719,1,-0.111097,0.5
corrected,243-R-mPFC-S1-NE_2023_01_09,88,0,Liberal,0.999915,2.06247e-07,8.43066e-05,0.98172,1,-0.289915,0.5
corrected,243-R-mPFC-S1-NE_2023_01_09,89,0,Liberal,0.999912,7.89463e-08,8.79953e-05,0.914885,1,-0.924716,0.25
corrected,243-R-mPFC-S1-NE_2023_01_09,90,0,Liberal,0.999925,3.76054e-06,7.16461e-05,0.999253,1,1.22301,1
corrected,243-R-mPFC-S1-NE_2023_01_09,91,0,Liberal,0.999939,9.89721e-06,5.15671e-05,0.716418,0,1.17368,0.025
corrected,243-R-mPFC-S1-NE_2023_01_09,92,0,Liberal,0.999991,5.92764e-07,8.26672e-06,0.716449,1,-0.109391,0.025
corrected,243-R-mPFC-S1-NE_2023_01_09,93,0,Liberal,0.999998,3.3292e-08,1.72674e-06,0.68267,1,-0.906898,0
corrected,243-R-mPFC-S1-NE_2023_01_09,94,0,Liberal,0.999999,1.9725e-08,1.4557e-06,0.716454,1,-0.464412,0.025
corrected,243-R-mPFC-S1-NE_2023_01_09,95,0,Liberal,0.999996,5.30826e-08,4.09727e-06,0.981718,1,-0.590738,0.5
corrected,243-R-mPFC-S1-NE_2023_01_09,96,0,Liberal,0.999996,7.99305e-08,3.53954e-06,0.716452,1,-0.385362,0.025
corrected,243-R-mPFC-S1-NE_2023_01_09,97,0,Liberal,0.99999,1.55173e-06,8.6819e-06,0.716448,0,-0.250082,0.025
corrected,243-R-mPFC-S1-NE_2023_01_09,98,0,Liberal,0.999996,8.5543e-08,3.73672e-06,0.716452,1,-0.616433,0.025
corrected,243-R-mPFC-S1-NE_2023_01_09,99,0,Liberal,0.999995,2.56896e-08,5.13759e-06,0.716451,1,-0.796679,0.025
corrected,243-R-mPFC-S1-NE_2023_01_09,100,0,Liberal,0.999983,6.37424e-08,1.74301e-05,0.981718,1,-0.794941,0.5
corrected,243-R-mPFC-S1-NE_2023_01_09,101,0,Liberal,0.999975,1.93261e-07,2.45778e-05,0.71644,1,-0.259791,0.025
corrected,243-R-mPFC-S1-NE_2023_01_09,102,0,Liberal,0.999919,2.72806e-06,7.81724e-05,0.716407,0,-0.656444,0.025
corrected,243-R-mPFC-S1-NE_2023_01_09,103,0,Liberal,0.999907,4.34661e-07,9.29565e-05,0.803663,1,-1.18107,0.1
corrected,243-R-mPFC-S1-NE_2023_01_09,104,0,Liberal,0.999884,3.33135e-06,0.000112439,0.803655,0,-0.54232,0.1
corrected,243-R-mPFC-S1-NE_2023_01_09,105,0,Liberal,0.999898,1.11223e-06,0.000101226,0.914885,1,-0.125923,0.25
corrected,243-R-mPFC-S1-NE_2023_01_09,106,0,Liberal,0.999911,5.31719e-06,8.37993e-05,0.716402,0,-0.31055,0.025
corrected,243-R-mPFC-S1-NE_2023_01_09,107,0,Liberal,0.999969,1.21893e-07,3.07707e-05,0.682653,1,-0.996426,0
corrected,243-R-mPFC-S1-NE_2023_01_09,108,0,Liberal,0.999977,1.38162e-07,2.25288e-05,0.914881,1,0.891559,0.25
corrected,243-R-mPFC-S1-NE_2023_01_09,109,0,Liberal,0.999984,1.93645e-07,1.61779e-05,0.999254,1,-0.539882,1
corrected,243-R-mPFC-S1-NE_2023_01_09,110,0,Liberal,0.999997,4.88328e-08,2.6969e-06,0.68267,1,0.647987,0
corrected,243-R-mPFC-S1-NE_2023_01_09,111,0,Liberal,0.999998,2.08168e-08,2.21486e-06,0.803693,1,0.214443,0.1
corrected,243-R-mPFC-S1-NE_2023_01_09,112,0,Liberal,0.999999,1.95046e-08,8.57056e-07,0.682671,1,0.203596,0
corrected,243-R-mPFC-S1-NE_2023_01_09,113,0,Liberal,0.999997,1.95505e-08,2.64044e-06,0.716453,1,-0.0202143,0.025
corrected,243-R-mPFC-S1-NE_2023_01_09,114,0,Liberal,0.999988,6.44034e-08,1.1764e-05,0.981718,1,0.136227,0.5
corrected,243-R-mPFC-S1-NE_2023_01_09,115,0,Liberal,0.999982,7.03202e-08,1.75061e-05,0.981718,1,0.300249,0.5
corrected,243-R-mPFC-S1-NE_2023_01_09,116,0,Liberal,0.99998,7.1537e-08,1.95819e-05,0.68266,1,0.580015,0
corrected,243-R-mPFC-S1-NE_2023_01_09,117,0,Liberal,0.999926,2.62331e-08,7.41549e-05,0.914884,1,0.0521343,0.25
corrected,243-R-mPFC-S1-NE_2023_01_09,118,0,Liberal,0.999895,9.03058e-08,0.000104934,0.803659,1,1.61406,0.1
corrected,243-R-mPFC-S1-NE_2023_01_09,119,0,Liberal,0.999842,9.16403e-07,0.00015745,0.747885,1,1.83396,0.05
corrected,243-R-mPFC-S1-NE_2023_01_09,120,0,Liberal,0.9995,2.16256e-06,0.000497902,0.68237,1,-0.255571,0
corrected,243-R-mPFC-S1-NE_2023_01_09,121,0,Liberal,0.997038,4.60119e-05,0.00291574,0.680883,0,0.454701,0
corrected,243-R-mPFC-S1-NE_2023_01_09,122,0,Liberal,0.996397,6.35501e-05,0.00353978,0.999224,1,1.62061,1
corrected,243-R-mPFC-S1-NE_2023_01_09,123,0,Liberal,0.995461,4.28634e-05,0.0044962,0.679933,1,0.284002,0
corrected,243-R-mPFC-S1-NE_2023_01_09,124,0,Liberal,0.98615,0.000128046,0.0137221,0.999198,1,-0.195484,1
corrected,243-R-mPFC-S1-NE_2023_01_09,125,0,Liberal,0.976182,0.000163655,0.023654,0.999187,1,-0.427863,1
corrected,243-R-mPFC-S1-NE_2023_01_09,126,0,Liberal,0.967403,0.000327589,0.0322698,0.730723,0,0.083462,0.05
corrected,243-R-mPFC-S1-NE_2023_01_09,127,0,Liberal,0.964392,5.60721e-05,0.0355521,0.792171,1,-0.172025,0.1
corrected,243-R-mPFC-S1-NE_2023_01_09,128,0,Liberal,0.959464,0.000198341,0.0403377,0.982285,1,-0.000385127,0.5
corrected,243-R-mPFC-S1-NE_2023_01_10,1,0,Liberal,0.990582,1.84098e-05,0.0094,0.981874,1,2.46417,0.5
corrected,243-R-mPFC-S1-NE_2023_01_10,2,0,Liberal,0.991239,4.1208e-06,0.00875725,0.800863,1,0.170705,0.1
corrected,243-R-mPFC-S1-NE_2023_01_10,3,0,Liberal,0.991584,9.34132e-06,0.00840672,0.981863,1,-0.00338681,0.5
corrected,243-R-mPFC-S1-NE_2023_01_10,4,0,Liberal,0.991878,2.48934e-05,0.00809665,0.981844,1,-0.544703,0.5
corrected,243-R-mPFC-S1-NE_2023_01_10,5,0,Liberal,0.992323,0.000446265,0.00723027,0.711947,0,0.771741,0.025
corrected,243-R-mPFC-S1-NE_2023_01_10,6,0,Liberal,0.99348,0.000460115,0.0060594,0.712618,0,-0.259024,0.025
corrected,243-R-mPFC-S1-NE_2023_01_10,7,0,Liberal,0.997034,1.82721e-05,0.00294809,0.680882,1,-0.417079,0
corrected,243-R-mPFC-S1-NE_2023_01_10,8,0,Liberal,0.997593,2.67721e-05,0.00238014,0.999242,1,1.17397,1
corrected,243-R-mPFC-S1-NE_2023_01_10,9,0,Liberal,0.99803,3.48859e-06,0.00196684,0.914986,1,0.243472,0.25
corrected,243-R-mPFC-S1-NE_2023_01_10,10,0,Liberal,0.998454,5.67503e-06,0.00154,0.999253,1,0.102992,1
corrected,243-R-mPFC-S1-NE_2023_01_10,11,0,Liberal,0.998994,1.78781e-06,0.00100383,0.914934,1,1.00983,0.25
corrected,243-R-mPFC-S1-NE_2023_01_10,12,0,Liberal,0.999541,2.51315e-06,0.000456182,0.914903,1,0.962094,0.25
corrected,243-R-mPFC-S1-NE_2023_01_10,13,0,Liberal,0.999943,5.40912e-07,5.62703e-05,0.682637,1,-0.326592,0
corrected,243-R-mPFC-S1-NE_2023_01_10,14,0,Liberal,0.999992,7.38851e-08,8.08974e-06,0.682667,1,-0.188474,0
corrected,243-R-mPFC-S1-NE_2023_01_10,15,0,Liberal,0.999998,2.39425e-08,1.90936e-06,0.68267,1,0.25919,0
corrected,243-R-mPFC-S1-NE_2023_01_10,16,0,Liberal,0.999998,2.64999e-08,2.37564e-06,0.747967,1,0.417146,0.05
corrected,243-R-mPFC-S1-NE_2023_01_10,17,0,Liberal,0.999994,3.11195e-08,6.15862e-06,0.747965,1,-0.200097,0.05
corrected,243-R-mPFC-S1-NE_2023_01_10,18,0,Liberal,0.999978,3.77327e-08,2.15801e-05,0.914882,1,-0.750922,0.25
corrected,243-R-mPFC-S1-NE_2023_01_10,19,0,Liberal,0.999966,6.46651e-08,3.35674e-05,0.803682,1,-0.832512,0.1
corrected,243-R-mPFC-S1-NE_2023_01_10,20,0,Liberal,0.999948,1.17896e-06,5.08919e-05,0.68264,0,-0.488493,0
corrected,243-R-mPFC-S1-NE_2023_01_10,21,0,Liberal,0.999956,7.68895e-08,4.36099e-05,0.981719,1,-0.0100831,0.5
corrected,243-R-mPFC-S1-NE_2023_01_10,22,0,Liberal,0.99998,1.78724e-07,1.99889e-05,0.803687,1,2.43207,0.1
corrected,243-R-mPFC-S1-NE_2023_01_10,23,0,Liberal,0.999987,4.82598e-08,1.32625e-05,0.682663,1,0.413034,0
corrected,243-R-mPFC-S1-NE_2023_01_10,24,0,Liberal,0.999973,1.2615e-07,2.64253e-05,0.981719,1,0.544015,0.5
corrected,243-R-mPFC-S1-NE_2023_01_10,25,0,Liberal,0.999962,3.53009e-07,3.71548e-05,0.999254,1,0.450343,1
corrected,243-R-mPFC-S1-NE_2023_01_10,26,0,Liberal,0.999956,4.26398e-07,4.31579e-05,0.914882,1,0.947589,0.25
corrected,243-R-mPFC-S1-NE_2023_01_10,27,0,Liberal,0.999947,2.25143e-06,5.09742e-05,0.682639,0,-0.314125,0
corrected,243-R-mPFC-S1-NE_2023_01_10,28,0,Liberal,0.99996,8.53631e-08,4.01715e-05,0.914883,1,-0.761053,0.25
corrected,243-R-mPFC-S1-NE_2023_01_10,29,0,Liberal,0.999985,1.13637e-07,1.47832e-05,0.803689,1,0.83173,0.1
corrected,243-R-mPFC-S1-NE_2023_01_10,30,0,Liberal,0.999996,2.42578e-08,4.0707e-06,0.682669,1,-0.511553,0
corrected,243-R-mPFC-S1-NE_2023_01_10,31,0,Liberal,0.999996,2.62045e-08,4.26181e-06,0.747966,1,0.0954759,0.05
corrected,243-R-mPFC-S1-NE_2023_01_10,32,0,Liberal,0.999991,5.07071e-08,9.25397e-06,0.682666,1,-0.257027,0
corrected,243-R-mPFC-S1-NE_2023_01_10,33,0,Liberal,0.999943,4.47858e-07,5.66517e-05,0.747939,1,-0.176534,0.05
corrected,243-R-mPFC-S1-NE_2023_01_10,34,0,Liberal,0.999808,1.84026e-05,0.000174019,0.716341,0,0.890801,0.025
corrected,243-R-mPFC-S1-NE_2023_01_10,35,0,Liberal,0.999747,9.80906e-06,0.000243055,0.682519,0,-1.04394,0
corrected,243-R-mPFC-S1-NE_2023_01_10,36,0,Liberal,0.999757,6.98158e-07,0.000242575,0.74784,1,-0.0742608,0.05
corrected,243-R-mPFC-S1-NE_2023_01_10,37,0,Liberal,0.99973,2.71866e-06,0.000267757,0.747826,1,1.46044,0.05
corrected,243-R-mPFC-S1-NE_2023_01_10,38,0,Liberal,0.999542,1.76401e-05,0.000440497,0.747724,0,0.0760095,0.05
corrected,243-R-mPFC-S1-NE_2023_01_10,39,0,Liberal,0.999514,3.22359e-05,0.000453454,0.716169,0,1.54852,0.025
corrected,243-R-mPFC-S1-NE_2023_01_10,40,0,Liberal,0.99954,1.03122e-05,0.000449578,0.99925,1,-0.244027,1
corrected,243-R-mPFC-S1-NE_2023_01_10,41,0,Liberal,0.999566,2.06535e-06,0.000431972,0.999254,1,0.114883,1
corrected,243-R-mPFC-S1-NE_2023_01_10,42,0,Liberal,0.999617,8.53079e-07,0.000382528,0.803569,1,1.86698,0.1
corrected,243-R-mPFC-S1-NE_2023_01_10,43,0,Liberal,0.999615,5.80613e-07,0.000384577,0.803569,1,0.138623,0.1
corrected,243-R-mPFC-S1-NE_2023_01_10,44,0,Liberal,0.999599,1.28965e-05,0.000388298,0.71622,0,1.12108,0.025
corrected,243-R-mPFC-S1-NE_2023_01_10,45,0,Liberal,0.999631,4.78311e-06,0.000364199,0.999252,1,-0.26179,1
corrected,243-R-mPFC-S1-NE_2023_01_10,46,0,Liberal,0.999665,4.00716e-07,0.000334764,0.914898,1,-0.141071,0.25
corrected,243-R-mPFC-S1-NE_2023_01_10,47,0,Liberal,0.999703,2.29927e-07,0.00029631,0.914897,1,0.000408126,0.25
corrected,243-R-mPFC-S1-NE_2023_01_10,48,0,Liberal,0.99974,2.09884e-07,0.000259337,0.981723,1,-0.460549,0.5
corrected,243-R-mPFC-S1-NE_2023_01_10,49,0,Liberal,0.999794,1.66873e-07,0.000205641,0.74786,1,0.358924,0.05
corrected,243-R-mPFC-S1-NE_2023_01_10,50,0,Liberal,0.999796,2.04766e-07,0.000203709,0.747861,1,0.340211,0.05
corrected,243-R-mPFC-S1-NE_2023_01_10,51,0,Liberal,0.999735,1.42268e-07,0.000265203,0.803608,1,-0.522637,0.1
corrected,243-R-mPFC-S1-NE_2023_01_10,52,0,Liberal,0.999626,6.89443e-07,0.000373106,0.999254,1,-0.601756,1
corrected,243-R-mPFC-S1-NE_2023_01_10,53,0,Liberal,0.999539,2.1474e-07,0.000460928,0.914906,1,0.0130509,0.25
corrected,243-R-mPFC-S1-NE_2023_01_10,54,0,Liberal,0.999453,2.63284e-07,0.000546951,0.91491,1,-0.212631,0.25
corrected,243-R-mPFC-S1-NE_2023_01_10,55,0,Liberal,0.999367,1.38717e-06,0.000631305,0.716087,0,-0.458362,0.025
corrected,243-R-mPFC-S1-NE_2023_01_10,56,0,Liberal,0.999423,8.25244e-06,0.000569187,0.747663,1,3.172,0.05
corrected,243-R-mPFC-S1-NE_2023_01_10,57,0,Liberal,0.999341,1.44373e-05,0.000644798,0.71607,0,0.390831,0.025
corrected,243-R-mPFC-S1-NE_2023_01_10,58,0,Liberal,0.999342,6.6881e-06,0.000650936,0.716072,0,-0.00770356,0.025
corrected,243-R-mPFC-S1-NE_2023_01_10,59,0,Liberal,0.999527,6.98093e-06,0.00046643,0.981721,1,3.15006,0.5
corrected,243-R-mPFC-S1-NE_2023_01_10,60,0,Liberal,0.999616,1.25298e-06,0.000382487,0.716231,1,0.637111,0.025
corrected,243-R-mPFC-S1-NE_2023_01_10,61,0,Liberal,0.999591,3.36624e-07,0.000408474,0.803561,1,-0.245992,0.1
corrected,243-R-mPFC-S1-NE_2023_01_10,62,0,Liberal,0.999521,8.16104e-07,0.000477852,0.716176,0,-0.894757,0.025
corrected,243-R-mPFC-S1-NE_2023_01_10,63,0,Liberal,0.999568,8.48391e-07,0.000431633,0.803553,1,1.98206,0.1
corrected,243-R-mPFC-S1-NE_2023_01_10,64,0,Liberal,0.999554,2.81648e-07,0.000445944,0.981726,1,-0.248663,0.5
corrected,243-R-mPFC-S1-NE_2023_01_10,65,0,Liberal,0.99955,3.00355e-07,0.000449674,0.914905,1,0.247941,0.25
corrected,243-R-mPFC-S1-NE_2023_01_10,66,0,Liberal,0.999541,9.10604e-07,0.000458022,0.716188,1,-0.480605,0.025
corrected,243-R-mPFC-S1-NE_2023_01_10,67,0,Liberal,0.999364,6.11306e-06,0.00062987,0.803485,0,-0.962689,0.1
corrected,243-R-mPFC-S1-NE_2023_01_10,68,0,Liberal,0.999323,1.26894e-06,0.000675709,0.981729,1,-0.520981,0.5
corrected,243-R-mPFC-S1-NE_2023_01_10,69,0,Liberal,0.999281,8.15257e-07,0.000718634,0.981731,1,-0.709897,0.5
corrected,243-R-mPFC-S1-NE_2023_01_10,70,0,Liberal,0.99924,2.65446e-06,0.000757361,0.716013,0,-0.775609,0.025
corrected,243-R-mPFC-S1-NE_2023_01_10,71,0,Liberal,0.999324,2.99684e-06,0.000672857,0.682264,1,1.0567,0
corrected,243-R-mPFC-S1-NE_2023_01_10,72,0,Liberal,0.999176,3.86954e-07,0.000823302,0.914925,1,-1.01837,0.25
corrected,243-R-mPFC-S1-NE_2023_01_10,73,0,Liberal,0.999057,2.09548e-06,0.000941009,0.91493,1,-0.580193,0.25
corrected,243-R-mPFC-S1-NE_2023_01_10,74,0,Liberal,0.998936,3.6693e-05,0.00102704,0.682028,0,-0.513695,0
corrected,243-R-mPFC-S1-NE_2023_01_10,75,0,Liberal,0.998927,5.15102e-05,0.00102102,0.715826,0,-0.75261,0.025
corrected,243-R-mPFC-S1-NE_2023_01_10,76,0,Liberal,0.999065,7.14035e-05,0.000863346,0.80336,0,0.207955,0.1
corrected,243-R-mPFC-S1-NE_2023_01_10,77,0,Liberal,0.999477,4.9841e-06,0.000517661,0.71615,1,-0.00855402,0.025
corrected,243-R-mPFC-S1-NE_2023_01_10,78,0,Liberal,0.999527,3.26011e-07,0.000472748,0.80354,1,-0.545951,0.1
corrected,243-R-mPFC-S1-NE_2023_01_10,79,0,Liberal,0.999549,1.3701e-07,0.000450745,0.803548,1,-0.246586,0.1
corrected,243-R-mPFC-S1-NE_2023_01_10,80,0,Liberal,0.99955,2.25492e-07,0.000450113,0.803548,1,-0.0421467,0.1
corrected,243-R-mPFC-S1-NE_2023_01_10,81,0,Liberal,0.999515,5.24766e-07,0.000484741,0.747713,1,-0.704351,0.05
corrected,243-R-mPFC-S1-NE_2023_01_10,82,0,Liberal,0.999363,6.75089e-06,0.000629902,0.716084,0,-0.501156,0.025
corrected,243-R-mPFC-S1-NE_2023_01_10,83,0,Liberal,0.999328,2.27896e-06,0.000670066,0.999254,1,-0.852001,1
corrected,243-R-mPFC-S1-NE_2023_01_10,84,0,Liberal,0.999308,7.51066e-07,0.000691252,0.98173,1,-0.0971253,0.5
corrected,243-R-mPFC-S1-NE_2023_01_10,85,0,Liberal,0.999284,1.8034e-07,0.000715425,0.747591,1,-0.480106,0.05
corrected,243-R-mPFC-S1-NE_2023_01_10,86,0,Liberal,0.999214,6.92281e-06,0.000778619,0.999252,1,2.00678,1
corrected,243-R-mPFC-S1-NE_2023_01_10,87,0,Liberal,0.99909,3.20224e-06,0.000906795,0.981732,1,0.204063,0.5
corrected,243-R-mPFC-S1-NE_2023_01_10,88,0,Liberal,0.998916,2.32163e-06,0.00108181,0.682018,0,-0.964703,0
corrected,243-R-mPFC-S1-NE_2023_01_10,89,0,Liberal,0.998924,7.82259e-07,0.00107551,0.914939,1,1.03551,0.25
corrected,243-R-mPFC-S1-NE_2023_01_10,90,0,Liberal,0.998915,6.17094e-07,0.00108402,0.91494,1,0.0474692,0.25
corrected,243-R-mPFC-S1-NE_2023_01_10,91,0,Liberal,0.998893,1.58163e-06,0.00110517,0.999255,1,-0.867088,1
corrected,243-R-mPFC-S1-NE_2023_01_10,92,0,Liberal,0.998892,2.95675e-06,0.00110469,0.715811,1,-0.0344317,0.025
corrected,243-R-mPFC-S1-NE_2023_01_10,93,0,Liberal,0.99867,0.000418636,0.000910914,0.681847,0,4.74786,0
corrected,243-R-mPFC-S1-NE_2023_01_10,94,0,Liberal,0.998614,0.000268612,0.001117,0.681822,0,-0.195762,0
corrected,243-R-mPFC-S1-NE_2023_01_10,95,0,Liberal,0.998731,3.30395e-05,0.001236,0.681905,1,-0.345012,0
corrected,243-R-mPFC-S1-NE_2023_01_10,96,0,Liberal,0.998473,3.94642e-06,0.00152293,0.914961,1,0.13024,0.25
corrected,243-R-mPFC-S1-NE_2023_01_10,97,0,Liberal,0.99817,1.30871e-06,0.00182906,0.91498,1,-0.603577,0.25
corrected,243-R-mPFC-S1-NE_2023_01_10,98,0,Liberal,0.997855,7.14796e-06,0.00213738,0.681378,0,-0.918592,0
corrected,243-R-mPFC-S1-NE_2023_01_10,99,0,Liberal,0.997786,6.55897e-07,0.00221289,0.915002,1,-0.633387,0.25
corrected,243-R-mPFC-S1-NE_2023_01_10,100,0,Liberal,0.997737,1.08419e-06,0.00226183,0.71514,1,-0.307203,0.025
corrected,243-R-mPFC-S1-NE_2023_01_10,101,0,Liberal,0.997285,8.36874e-07,0.0027145,0.915029,1,-0.355499,0.25
corrected,243-R-mPFC-S1-NE_2023_01_10,102,0,Liberal,0.996848,3.56077e-06,0.00314801,0.999255,1,-0.429314,1
corrected,243-R-mPFC-S1-NE_2023_01_10,103,0,Liberal,0.996471,1.2644e-06,0.0035278,0.915074,1,0.0569996,0.25
corrected,243-R-mPFC-S1-NE_2023_01_10,104,0,Liberal,0.996066,2.08168e-06,0.00393224,0.802422,1,-0.380013,0.1
corrected,243-R-mPFC-S1-NE_2023_01_10,105,0,Liberal,0.995355,2.35133e-05,0.0046218,0.745516,0,-0.424818,0.05
corrected,243-R-mPFC-S1-NE_2023_01_10,106,0,Liberal,0.99514,1.57686e-06,0.00485883,0.915147,1,-0.665431,0.25
corrected,243-R-mPFC-S1-NE_2023_01_10,107,0,Liberal,0.994988,5.14944e-06,0.00500733,0.981805,1,0.0694419,0.5
corrected,243-R-mPFC-S1-NE_2023_01_10,108,0,Liberal,0.994803,1.75345e-05,0.0051797,0.679537,0,-0.473741,0
corrected,243-R-mPFC-S1-NE_2023_01_10,109,0,Liberal,0.994858,1.36981e-05,0.00512822,0.9818,1,0.085992,0.5
corrected,243-R-mPFC-S1-NE_2023_01_10,110,0,Liberal,0.994892,4.00589e-05,0.00506747,0.713483,0,-0.346512,0.025
corrected,243-R-mPFC-S1-NE_2023_01_10,111,0,Liberal,0.995151,2.27037e-06,0.00484692,0.915145,1,-1.04182,0.25
corrected,243-R-mPFC-S1-NE_2023_01_10,112,0,Liberal,0.995481,3.85252e-06,0.00451527,0.713829,1,-0.280195,0.025
corrected,243-R-mPFC-S1-NE_2023_01_10,113,0,Liberal,0.995418,3.41396e-06,0.00457824,0.713793,1,-0.984957,0.025
corrected,243-R-mPFC-S1-NE_2023_01_10,114,0,Liberal,0.994875,2.08237e-05,0.00510378,0.679581,0,-0.557893,0
corrected,243-R-mPFC-S1-NE_2023_01_10,115,0,Liberal,0.994711,2.76437e-06,0.00528608,0.679483,1,-0.821316,0
corrected,243-R-mPFC-S1-NE_2023_01_10,116,0,Liberal,0.993612,5.30854e-06,0.00638232,0.915227,1,0.846665,0.25
corrected,243-R-mPFC-S1-NE_2023_01_10,117,0,Liberal,0.991945,2.10275e-06,0.00805314,0.915322,1,-0.814926,0.25
corrected,243-R-mPFC-S1-NE_2023_01_10,118,0,Liberal,0.990351,2.60402e-06,0.00964595,0.91541,1,-0.861043,0.25
corrected,243-R-mPFC-S1-NE_2023_01_10,119,0,Liberal,0.988625,1.39216e-06,0.0113734,0.80002,1,-1.35923,0.1
corrected,243-R-mPFC-S1-NE_2023_01_10,120,0,Liberal,0.986409,7.11282e-06,0.0135843,0.981959,1,-0.405798,0.5
corrected,243-R-mPFC-S1-NE_2023_01_10,121,0,Liberal,0.984432,3.38878e-05,0.0155344,0.673284,1,-0.0196438,0
corrected,243-R-mPFC-S1-NE_2023_01_10,122,0,Liberal,0.961679,3.10151e-05,0.0382896,0.791306,1,-1.06963,0.1
corrected,243-R-mPFC-S1-NE_2023_01_10,123,0,Liberal,0.91862,8.53589e-05,0.0812942,0.66917,1,-1.51418,0.025
corrected,243-R-mPFC-S1-NE_2023_01_10,124,0,Liberal,0.704286,5.5023e-05,0.295659,0.931122,1,-1.31415,0.25
corrected,243-R-mPFC-S1-NE_2023_01_10,125,0,Liberal,0.610704,0.00404846,0.385247,0.676193,1,1.6938,0.1
corrected,243-R-mPFC-S1-NE_2023_01_10,126,2,Engaged,0.393907,0.0736967,0.532396,0.575266,0,1.46923,0.1
corrected,243-R-mPFC-S1-NE_2023_01_10,127,2,Engaged,0.324255,0.101392,0.574352,0.269847,0,1.98532,0
corrected,243-R-mPFC-S1-NE_2023_01_10,128,2,Engaged,0.283401,0.0672704,0.649328,0.292965,0,-0.588054,0.025
corrected,243-R-mPFC-S1-NE_2023_01_10,129,2,Engaged,0.26718,0.00518478,0.727635,0.950541,1,-1.34344,0.25
corrected,243-R-mPFC-S1-NE_2023_01_10,130,2,Engaged,0.254195,0.00513491,0.74067,0.997149,1,-0.700517,1
corrected,243-R-mPFC-S1-NE_2023_01_10,131,2,Engaged,0.239324,0.00545654,0.755219,0.223799,0,-1.1831,0
corrected,243-R-mPFC-S1-NE_2023_01_10,132,2,Engaged,0.234462,0.00432107,0.761217,0.3436,0,-1.05982,0.05
corrected,243-R-mPFC-S1-NE_2023_01_10,133,2,Engaged,0.233033,0.000321399,0.766646,0.956843,1,-1.13383,0.25
corrected,243-R-mPFC-S1-NE_2023_01_10,134,2,Engaged,0.231814,0.000638181,0.767548,0.21953,0,-0.84316,0
corrected,243-R-mPFC-S1-NE_2023_01_10,135,2,Engaged,0.232673,0.0041925,0.763134,0.992062,1,2.01729,0.5
corrected,243-R-mPFC-S1-NE_2023_01_10,136,2,Engaged,0.23296,0.00918225,0.757858,0.219763,1,0.284033,0
corrected,243-R-mPFC-S1-NE_2023_01_10,137,2,Engaged,0.227296,0.0108172,0.761887,0.266418,0,-1.65064,0.025
corrected,243-R-mPFC-S1-NE_2023_01_11,1,0,Liberal,0.998909,1.45799e-05,0.00107636,0.981725,1,0.51842,0.5
corrected,243-R-mPFC-S1-NE_2023_01_11,2,0,Liberal,0.999514,2.11238e-06,0.000484207,0.747712,1,-0.285567,0.05
corrected,243-R-mPFC-S1-NE_2023_01_11,3,0,Liberal,0.999664,1.84383e-06,0.000334097,0.999254,1,-0.782225,1
corrected,243-R-mPFC-S1-NE_2023_01_11,4,0,Liberal,0.999876,5.32248e-07,0.000123817,0.682596,1,0.390155,0
corrected,243-R-mPFC-S1-NE_2023_01_11,5,0,Liberal,0.99989,7.28084e-08,0.000109455,0.914886,1,-0.119328,0.25
corrected,243-R-mPFC-S1-NE_2023_01_11,6,0,Liberal,0.999917,2.09879e-07,8.23103e-05,0.914885,1,0.827438,0.25
corrected,243-R-mPFC-S1-NE_2023_01_11,7,0,Liberal,0.999937,9.92996e-08,6.29246e-05,0.914884,1,-0.526391,0.25
corrected,243-R-mPFC-S1-NE_2023_01_11,8,0,Liberal,0.999958,5.15679e-08,4.18109e-05,0.80368,1,-0.865653,0.1
corrected,243-R-mPFC-S1-NE_2023_01_11,9,0,Liberal,0.999971,5.71299e-08,2.87245e-05,0.803684,1,-0.72156,0.1
corrected,243-R-mPFC-S1-NE_2023_01_11,10,0,Liberal,0.999978,2.53657e-07,2.18994e-05,0.999254,1,-0.915835,1
corrected,243-R-mPFC-S1-NE_2023_01_11,11,0,Liberal,0.99999,5.04712e-08,1.0251e-05,0.80369,1,-0.390272,0.1
corrected,243-R-mPFC-S1-NE_2023_01_11,12,0,Liberal,0.999997,1.2155e-08,3.16796e-06,0.68267,1,-0.755324,0
corrected,243-R-mPFC-S1-NE_2023_01_11,13,0,Liberal,0.999997,3.38115e-08,3.00641e-06,0.803692,1,0.76266,0.1
corrected,243-R-mPFC-S1-NE_2023_01_11,14,0,Liberal,0.999997,3.83991e-08,3.38123e-06,0.914881,1,-0.196777,0.25
corrected,243-R-mPFC-S1-NE_2023_01_11,15,0,Liberal,0.999998,1.40474e-08,1.62323e-06,0.716454,1,-0.954595,0.025
corrected,243-R-mPFC-S1-NE_2023_01_11,16,0,Liberal,0.999998,1.55613e-08,2.2014e-06,0.747968,1,-0.47011,0.05
corrected,243-R-mPFC-S1-NE_2023_01_11,17,0,Liberal,0.999996,1.01226e-07,4.12477e-06,0.747966,1,0.0592711,0.05
corrected,243-R-mPFC-S1-NE_2023_01_11,18,0,Liberal,0.999985,1.17237e-06,1.41892e-05,0.74796,0,-0.948624,0.05
corrected,243-R-mPFC-S1-NE_2023_01_11,19,0,Liberal,0.999991,8.01804e-08,9.16323e-06,0.747964,1,-0.484492,0.05
corrected,243-R-mPFC-S1-NE_2023_01_11,20,0,Liberal,0.999991,4.23195e-07,9.00054e-06,0.999254,1,0.333469,1
corrected,243-R-mPFC-S1-NE_2023_01_11,21,0,Liberal,0.999992,3.77515e-08,8.37418e-06,0.747964,1,-0.7682,0.05
corrected,243-R-mPFC-S1-NE_2023_01_11,22,0,Liberal,0.999986,7.4147e-08,1.36315e-05,0.999254,1,-0.536632,1
corrected,243-R-mPFC-S1-NE_2023_01_11,23,0,Liberal,0.999989,1.36552e-07,1.04524e-05,0.747963,1,1.87928,0.05
corrected,243-R-mPFC-S1-NE_2023_01_11,24,0,Liberal,0.999977,8.76059e-08,2.34122e-05,0.747956,1,-0.648927,0.05
corrected,243-R-mPFC-S1-NE_2023_01_11,25,0,Liberal,0.999936,1.59956e-06,6.24242e-05,0.682633,0,-0.176871,0
corrected,243-R-mPFC-S1-NE_2023_01_11,26,0,Liberal,0.999933,4.69843e-07,6.69556e-05,0.981719,1,0.162556,0.5
corrected,243-R-mPFC-S1-NE_2023_01_11,27,0,Liberal,0.999932,1.05853e-06,6.69184e-05,0.999254,1,0.342219,1
corrected,243-R-mPFC-S1-NE_2023_01_11,28,0,Liberal,0.999928,2.06028e-07,7.19071e-05,0.981719,1,-0.959764,0.5
corrected,243-R-mPFC-S1-NE_2023_01_11,29,0,Liberal,0.999927,4.19437e-08,7.34379e-05,0.80367,1,-0.952437,0.1
corrected,243-R-mPFC-S1-NE_2023_01_11,30,0,Liberal,0.999919,3.6615e-08,8.12821e-05,0.803667,1,-0.668286,0.1
corrected,243-R-mPFC-S1-NE_2023_01_11,31,0,Liberal,0.999905,2.27568e-07,9.43896e-05,0.98172,1,-0.0257962,0.5
corrected,243-R-mPFC-S1-NE_2023_01_11,32,0,Liberal,0.999907,7.96339e-06,8.53909e-05,0.99925,1,2.45998,1
corrected,243-R-mPFC-S1-NE_2023_01_11,33,0,Liberal,0.999905,1.56111e-05,7.98725e-05,0.747915,0,1.60679,0.05
corrected,243-R-mPFC-S1-NE_2023_01_11,34,0,Liberal,0.999935,2.31916e-06,6.21907e-05,0.981717,1,-0.16643,0.5
corrected,243-R-mPFC-S1-NE_2023_01_11,35,0,Liberal,0.999957,1.33397e-07,4.32484e-05,0.803679,1,-0.644387,0.1
corrected,243-R-mPFC-S1-NE_2023_01_11,36,0,Liberal,0.999968,3.91209e-08,3.16718e-05,0.803683,1,-0.502083,0.1
corrected,243-R-mPFC-S1-NE_2023_01_11,37,0,Liberal,0.999976,1.24935e-07,2.35903e-05,0.981718,1,-0.0115476,0.5
corrected,243-R-mPFC-S1-NE_2023_01_11,38,0,Liberal,0.999986,4.86989e-08,1.39699e-05,0.716446,1,-0.356072,0.025
corrected,243-R-mPFC-S1-NE_2023_01_11,39,0,Liberal,0.99998,7.84032e-08,1.94356e-05,0.981718,1,-0.654731,0.5
corrected,243-R-mPFC-S1-NE_2023_01_11,40,0,Liberal,0.99998,3.52147e-07,2.00211e-05,0.999254,1,-0.0633286,1
corrected,243-R-mPFC-S1-NE_2023_01_11,41,0,Liberal,0.999981,3.51966e-08,1.93214e-05,0.914881,1,-0.52038,0.25
corrected,243-R-mPFC-S1-NE_2023_01_11,42,0,Liberal,0.999988,5.49172e-08,1.21729e-05,0.747962,1,0.450022,0.05
corrected,243-R-mPFC-S1-NE_2023_01_11,43,0,Liberal,0.999984,5.28317e-09,1.64416e-05,0.914881,1,-0.663205,0.25
corrected,243-R-mPFC-S1-NE_2023_01_11,44,0,Liberal,0.999992,5.60403e-07,7.06229e-06,0.747965,1,3.83589,0.05
corrected,243-R-mPFC-S1-NE_2023_01_11,45,0,Liberal,0.999986,1.04273e-06,1.27783e-05,0.682663,0,0.228649,0
corrected,243-R-mPFC-S1-NE_2023_01_11,46,0,Liberal,0.999997,1.56708e-07,3.03941e-06,0.716453,1,1.40087,0.025
corrected,243-R-mPFC-S1-NE_2023_01_11,47,0,Liberal,0.999997,3.51798e-08,3.39948e-06,0.803692,1,-0.20921,0.1
corrected,243-R-mPFC-S1-NE_2023_01_11,48,0,Liberal,0.999996,9.88337e-09,4.29589e-06,0.716452,1,-1.0233,0.025
corrected,243-R-mPFC-S1-NE_2023_01_11,49,0,Liberal,0.999991,1.53854e-07,9.16425e-06,0.981718,1,0.803452,0.5
corrected,243-R-mPFC-S1-NE_2023_01_11,50,0,Liberal,0.999984,3.02426e-08,1.56051e-05,0.803688,1,-0.934444,0.1
corrected,243-R-mPFC-S1-NE_2023_01_11,51,0,Liberal,0.999977,3.0247e-07,2.29861e-05,0.981718,1,-0.270371,0.5
corrected,243-R-mPFC-S1-NE_2023_01_11,52,0,Liberal,0.999969,1.37046e-06,3.0038e-05,0.716436,0,-1.05669,0.025
corrected,243-R-mPFC-S1-NE_2023_01_11,53,0,Liberal,0.999983,9.37705e-08,1.69829e-05,0.716445,1,-0.604804,0.025
corrected,243-R-mPFC-S1-NE_2023_01_11,54,0,Liberal,0.99998,4.44325e-08,2.04398e-05,0.981718,1,-0.588156,0.5
corrected,243-R-mPFC-S1-NE_2023_01_11,55,0,Liberal,0.999983,1.43616e-07,1.67189e-05,0.716445,1,0.830194,0.025
corrected,243-R-mPFC-S1-NE_2023_01_11,56,0,Liberal,0.999957,2.08185e-07,4.31295e-05,0.999254,1,-1.31164,1
corrected,243-R-mPFC-S1-NE_2023_01_11,57,0,Liberal,0.999941,1.16951e-07,5.93297e-05,0.981719,1,-0.305334,0.5
corrected,243-R-mPFC-S1-NE_2023_01_11,58,0,Liberal,0.99993,2.31915e-07,7.01885e-05,0.981719,1,0.0416003,0.5
corrected,243-R-mPFC-S1-NE_2023_01_11,59,0,Liberal,0.999918,5.19869e-07,8.16403e-05,0.999254,1,-0.547196,1
corrected,243-R-mPFC-S1-NE_2023_01_11,60,0,Liberal,0.999907,4.78213e-08,9.32431e-05,0.74792,1,-0.938278,0.05
corrected,243-R-mPFC-S1-NE_2023_01_11,61,0,Liberal,0.999869,2.26099e-07,0.000130305,0.803651,1,0.363846,0.1
corrected,243-R-mPFC-S1-NE_2023_01_11,62,0,Liberal,0.999773,8.06226e-07,0.000225914,0.981722,1,-0.986985,0.5
corrected,243-R-mPFC-S1-NE_2023_01_11,63,0,Liberal,0.999688,7.44714e-06,0.000304417,0.716273,0,-0.595139,0.025
corrected,243-R-mPFC-S1-NE_2023_01_11,64,0,Liberal,0.999674,5.52032e-06,0.000320283,0.999252,1,-0.971629,1
corrected,243-R-mPFC-S1-NE_2023_01_11,65,0,Liberal,0.999671,9.68691e-06,0.000319753,0.716262,0,-0.183524,0.025
corrected,243-R-mPFC-S1-NE_2023_01_11,66,0,Liberal,0.999723,4.87416e-07,0.000276938,0.803604,1,-0.883519,0.1
corrected,243-R-mPFC-S1-NE_2023_01_11,67,0,Liberal,0.999746,1.05896e-07,0.000253954,0.803611,1,-0.733744,0.1
corrected,243-R-mPFC-S1-NE_2023_01_11,68,0,Liberal,0.999758,6.9041e-07,0.00024155,0.716314,1,-0.0632747,0.025
corrected,243-R-mPFC-S1-NE_2023_01_11,69,0,Liberal,0.99969,6.56523e-06,0.000303487,0.716274,0,-0.12632,0.025
corrected,243-R-mPFC-S1-NE_2023_01_11,70,0,Liberal,0.999675,4.3651e-07,0.00032476,0.747797,1,-1.45256,0.05
corrected,243-R-mPFC-S1-NE_2023_01_11,71,0,Liberal,0.999597,7.35492e-07,0.000401974,0.999254,1,-0.626255,1
corrected,243-R-mPFC-S1-NE_2023_01_11,72,0,Liberal,0.999535,1.57957e-07,0.000464832,0.914906,1,-0.0992029,0.25
corrected,243-R-mPFC-S1-NE_2023_01_11,73,0,Liberal,0.999484,3.32592e-07,0.000515772,0.914909,1,0.135329,0.25
corrected,243-R-mPFC-S1-NE_2023_01_11,74,0,Liberal,0.99945,6.98363e-06,0.000543066,0.682339,0,0.892167,0
corrected,243-R-mPFC-S1-NE_2023_01_11,75,0,Liberal,0.999473,8.5648e-07,0.00052641,0.716148,1,0.091792,0.025
corrected,243-R-mPFC-S1-NE_2023_01_11,76,0,Liberal,0.999391,9.41085e-07,0.00060773,0.716101,1,0.499369,0.025
corrected,243-R-mPFC-S1-NE_2023_01_11,77,0,Liberal,0.998952,1.01569e-05,0.00103822,0.981728,1,0.883071,0.5
corrected,243-R-mPFC-S1-NE_2023_01_11,78,0,Liberal,0.998308,3.76623e-05,0.00165406,0.715468,0,-0.449535,0.025
corrected,243-R-mPFC-S1-NE_2023_01_11,79,0,Liberal,0.998098,3.08773e-05,0.00187076,0.681523,0,-0.709682,0
corrected,243-R-mPFC-S1-NE_2023_01_11,80,0,Liberal,0.998062,6.41696e-06,0.00193125,0.981748,1,-0.842672,0.5
corrected,243-R-mPFC-S1-NE_2023_01_11,81,0,Liberal,0.998043,1.36112e-05,0.00194336,0.999249,1,-0.185944,1
corrected,243-R-mPFC-S1-NE_2023_01_11,82,0,Liberal,0.998019,2.32882e-05,0.00195782,0.74692,0,-0.419111,0.05
corrected,243-R-mPFC-S1-NE_2023_01_11,83,0,Liberal,0.998144,1.04586e-05,0.00184507,0.715375,0,-0.352172,0.025
corrected,243-R-mPFC-S1-NE_2023_01_11,84,0,Liberal,0.999088,1.33051e-05,0.000898311,0.682121,1,3.20983,0
corrected,243-R-mPFC-S1-NE_2023_01_11,85,0,Liberal,0.999119,2.58852e-06,0.000878561,0.747504,1,0.434107,0.05
corrected,243-R-mPFC-S1-NE_2023_01_11,86,0,Liberal,0.999023,8.78285e-07,0.000975898,0.914933,1,-0.48385,0.25
corrected,243-R-mPFC-S1-NE_2023_01_11,87,0,Liberal,0.998975,2.91191e-05,0.000995462,0.99924,1,1.33301,1
corrected,243-R-mPFC-S1-NE_2023_01_11,88,0,Liberal,0.99888,3.68986e-05,0.00108323,0.999236,1,-0.637262,1
corrected,243-R-mPFC-S1-NE_2023_01_11,89,0,Liberal,0.998768,5.48542e-05,0.00117717,0.914898,0,-1.09041,0.25
corrected,243-R-mPFC-S1-NE_2023_01_11,90,0,Liberal,0.998619,2.6094e-05,0.00135499,0.681837,1,1.51127,0
corrected,243-R-mPFC-S1-NE_2023_01_11,91,0,Liberal,0.996746,9.15036e-06,0.00324511,0.915051,1,0.542422,0.25
corrected,243-R-mPFC-S1-NE_2023_01_11,92,0,Liberal,0.993985,2.21633e-06,0.00601261,0.91521,1,-1.03026,0.25
corrected,243-R-mPFC-S1-NE_2023_01_11,93,0,Liberal,0.991867,1.97202e-05,0.00811318,0.677767,0,-0.267653,0
corrected,243-R-mPFC-S1-NE_2023_01_11,94,0,Liberal,0.991471,4.73288e-05,0.00848127,0.999236,1,1.95258,1
corrected,243-R-mPFC-S1-NE_2023_01_11,95,0,Liberal,0.990846,1.22731e-05,0.00914143,0.999255,1,0.458504,1
corrected,243-R-mPFC-S1-NE_2023_01_11,96,0,Liberal,0.99052,5.76117e-05,0.00942192,0.981841,1,3.35184,0.5
corrected,243-R-mPFC-S1-NE_2023_01_11,97,0,Liberal,0.989558,5.55908e-06,0.0104363,0.742463,1,-0.280196,0.05
corrected,243-R-mPFC-S1-NE_2023_01_11,98,0,Liberal,0.987032,9.66791e-06,0.0129581,0.799502,1,0.754688,0.1
corrected,243-R-mPFC-S1-NE_2023_01_11,99,0,Liberal,0.981202,1.07876e-05,0.0187873,0.797619,1,-0.35264,0.1
corrected,243-R-mPFC-S1-NE_2023_01_11,100,0,Liberal,0.969537,5.17039e-06,0.0304578,0.731909,1,-0.98352,0.05
corrected,243-R-mPFC-S1-NE_2023_01_11,101,0,Liberal,0.950779,0.000305307,0.048916,0.999133,1,1.93048,1
corrected,243-R-mPFC-S1-NE_2023_01_11,102,0,Liberal,0.926548,0.000126446,0.0733251,0.918812,1,1.11877,0.25
corrected,243-R-mPFC-S1-NE_2023_01_11,103,0,Liberal,0.893385,0.000152337,0.106463,0.999255,1,-0.155104,1
corrected,243-R-mPFC-S1-NE_2023_01_11,104,0,Liberal,0.868061,0.000141961,0.131797,0.92202,1,0.890402,0.25
corrected,243-R-mPFC-S1-NE_2023_01_11,105,0,Liberal,0.837455,0.00071595,0.161829,0.999005,1,0.0960343,1
corrected,243-R-mPFC-S1-NE_2023_01_11,106,0,Liberal,0.797606,0.000346739,0.202047,0.999226,1,-0.863894,1
corrected,243-R-mPFC-S1-NE_2023_01_11,107,0,Liberal,0.774097,0.00138768,0.224516,0.998704,1,1.17915,1
corrected,243-R-mPFC-S1-NE_2023_01_11,108,0,Liberal,0.737889,0.000497514,0.261613,0.928869,1,-0.387538,0.25
corrected,243-R-mPFC-S1-NE_2023_01_11,109,0,Liberal,0.686654,0.00108792,0.312258,0.49371,0,-1.80705,0
corrected,243-R-mPFC-S1-NE_2023_01_11,110,0,Liberal,0.672846,0.00114718,0.326007,0.575294,0,-0.944885,0.05
corrected,243-R-mPFC-S1-NE_2023_01_11,111,0,Liberal,0.668798,0.000138924,0.331063,0.933001,1,-0.68873,0.25
corrected,243-R-mPFC-S1-NE_2023_01_11,112,0,Liberal,0.664783,0.0002759,0.334942,0.69533,1,-0.845379,0.1
corrected,243-R-mPFC-S1-NE_2023_01_11,113,0,Liberal,0.658723,0.00611303,0.335164,0.517546,1,-0.0919074,0.025
corrected,243-R-mPFC-S1-NE_2023_01_11,114,0,Liberal,0.613118,0.0389374,0.347944,0.955131,1,-0.576637,0.5
corrected,243-R-mPFC-S1-NE_2023_01_11,115,1,Conservative,0.431699,0.567007,0.00129429,0.502368,0,0.378738,0.5
corrected,243-R-mPFC-S1-NE_2023_01_11,116,1,Conservative,0.404291,0.585475,0.0102336,0.415546,0,3.50708,0.25
corrected,243-R-mPFC-S1-NE_2023_01_11,117,1,Conservative,0.37546,0.436908,0.187632,0.408041,1,2.83191,0.1
corrected,243-R-mPFC-S1-NE_2023_01_11,118,1,Conservative,0.27593,0.36237,0.361701,0.226694,0,0.393386,0
corrected,243-R-mPFC-S1-NE_2023_01_11,119,2,Engaged,0.233023,0.202596,0.56438,0.894803,1,-0.508118,1
corrected,243-R-mPFC-S1-NE_2023_01_11,120,2,Engaged,0.199156,0.177211,0.623633,0.190357,0,0.527764,0
corrected,243-R-mPFC-S1-NE_2023_01_11,121,2,Engaged,0.187198,0.144741,0.668061,0.184892,0,0.422,0
corrected,243-R-mPFC-S1-NE_2023_01_11,122,2,Engaged,0.183635,0.124881,0.691484,0.228839,0,0.98195,0.025
corrected,243-R-mPFC-S1-NE_2023_01_11,123,2,Engaged,0.182131,0.0124667,0.805402,0.985836,1,-0.856724,0.5
corrected,243-R-mPFC-S1-NE_2023_01_11,124,2,Engaged,0.180483,0.00100398,0.818513,0.959117,1,-0.671751,0.25
corrected,243-R-mPFC-S1-NE_2023_01_11,125,2,Engaged,0.17904,0.00144399,0.819516,0.239389,0,-0.366392,0.025
corrected,243-R-mPFC-S1-NE_2023_01_11,126,2,Engaged,0.17907,0.000307084,0.820623,0.538481,1,0.15717,0.1
corrected,243-R-mPFC-S1-NE_2023_01_11,127,2,Engaged,0.178407,0.000110059,0.821483,0.996575,1,-0.44424,0.5
corrected,243-R-mPFC-S1-NE_2023_01_11,128,2,Engaged,0.178119,0.000744525,0.821136,0.314578,1,0.895036,0.05
corrected,243-R-mPFC-S1-NE_2023_01_11,129,2,Engaged,0.175191,0.00108551,0.823724,0.999307,1,-0.309419,1
corrected,243-R-mPFC-S1-NE_2023_01_11,130,2,Engaged,0.172737,0.0023213,0.824942,0.998668,1,0.359146,1
corrected,243-R-mPFC-S1-NE_2023_01_11,131,2,Engaged,0.170415,0.00501414,0.824571,0.992485,1,0.658317,0.5
corrected,243-R-mPFC-S1-NE_2023_01_11,132,2,Engaged,0.167731,0.0299935,0.802275,0.521639,0,0.722571,0.1
corrected,243-R-mPFC-S1-NE_2023_01_11,133,2,Engaged,0.16692,0.0356543,0.797425,0.518863,0,0.363072,0.1
corrected,243-R-mPFC-S1-NE_2023_01_11,134,2,Engaged,0.1672,0.0321748,0.800625,0.178883,0,0.47594,0
corrected,243-R-mPFC-S1-NE_2023_01_11,135,2,Engaged,0.168787,0.00962975,0.821583,0.307972,1,-0.748654,0.05
corrected,243-R-mPFC-S1-NE_2023_01_11,136,2,Engaged,0.168315,0.00565048,0.826034,0.308479,0,-1.63802,0.05
corrected,243-R-mPFC-S1-NE_2023_01_11,137,2,Engaged,0.16904,0.00026636,0.830693,0.233706,1,-1.48116,0.025
corrected,243-R-mPFC-S1-NE_2023_01_11,138,2,Engaged,0.168622,0.000127041,0.831251,0.960568,1,0.598221,0.25
corrected,243-R-mPFC-S1-NE_2023_01_11,139,2,Engaged,0.168166,0.000126483,0.831708,0.960594,1,0.325247,0.25
corrected,243-R-mPFC-S1-NE_2023_01_11,140,2,Engaged,0.167742,0.0006464,0.831611,0.99954,1,0.311197,1
corrected,243-R-mPFC-S1-NE_2023_01_11,141,2,Engaged,0.167471,0.00114204,0.831387,0.995883,1,0.981625,0.5
corrected,243-R-mPFC-S1-NE_2023_01_11,142,2,Engaged,0.166575,0.000136979,0.833288,0.308608,1,-1.15822,0.05
corrected,243-R-mPFC-S1-NE_2023_01_11,143,2,Engaged,0.163985,0.000212659,0.835802,0.960746,1,0.00984447,0.25
corrected,243-R-mPFC-S1-NE_2023_01_11,144,2,Engaged,0.161539,0.00235445,0.836107,0.229125,0,0.0935694,0.025
corrected,243-R-mPFC-S1-NE_2023_01_11,145,2,Engaged,0.161012,0.00225142,0.836736,0.959056,1,0.320766,0.25
corrected,243-R-mPFC-S1-NE_2023_01_12,1,0,Liberal,0.998975,4.59133e-06,0.00102065,0.914933,1,-0.986517,0.25
corrected,243-R-mPFC-S1-NE_2023_01_12,2,0,Liberal,0.999748,1.46108e-06,0.00025059,0.716308,1,0.536681,0.025
corrected,243-R-mPFC-S1-NE_2023_01_12,3,0,Liberal,0.999878,2.02816e-07,0.000121539,0.716384,1,0.190471,0.025
corrected,243-R-mPFC-S1-NE_2023_01_12,4,0,Liberal,0.999904,1.9292e-07,9.62627e-05,0.914886,1,0.895116,0.25
corrected,243-R-mPFC-S1-NE_2023_01_12,5,0,Liberal,0.999923,5.92698e-08,7.65174e-05,0.803669,1,-0.177196,0.1
corrected,243-R-mPFC-S1-NE_2023_01_12,6,0,Liberal,0.999935,7.52082e-08,6.51884e-05,0.803672,1,0.148098,0.1
corrected,243-R-mPFC-S1-NE_2023_01_12,7,0,Liberal,0.999935,1.15312e-07,6.46783e-05,0.981719,1,-0.377916,0.5
corrected,243-R-mPFC-S1-NE_2023_01_12,8,0,Liberal,0.999943,7.01295e-07,5.59552e-05,0.981719,1,0.524321,0.5
corrected,243-R-mPFC-S1-NE_2023_01_12,9,0,Liberal,0.999945,1.46657e-06,5.31696e-05,0.682638,0,-1.21826,0
corrected,243-R-mPFC-S1-NE_2023_01_12,10,0,Liberal,0.99999,1.37943e-07,1.03456e-05,0.716448,1,-0.0499231,0.025
corrected,243-R-mPFC-S1-NE_2023_01_12,11,0,Liberal,0.999997,3.01399e-08,3.00834e-06,0.747967,1,-0.302724,0.05
corrected,243-R-mPFC-S1-NE_2023_01_12,12,0,Liberal,0.999999,1.6695e-08,5.43287e-07,0.682671,1,-0.3701,0
corrected,243-R-mPFC-S1-NE_2023_01_12,13,0,Liberal,1,1.78676e-08,2.39231e-07,0.682671,1,-0.299764,0
corrected,243-R-mPFC-S1-NE_2023_01_12,14,0,Liberal,1,1.34523e-08,4.13337e-07,0.716454,1,-0.837955,0.025
corrected,243-R-mPFC-S1-NE_2023_01_12,15,0,Liberal,0.999999,1.51887e-08,5.90882e-07,0.682671,1,-0.790473,0
corrected,243-R-mPFC-S1-NE_2023_01_12,16,0,Liberal,0.999997,9.33163e-09,3.36055e-06,0.803692,1,-0.974171,0.1
corrected,243-R-mPFC-S1-NE_2023_01_12,17,0,Liberal,0.999996,3.98902e-08,3.98939e-06,0.914881,1,0.363287,0.25
corrected,243-R-mPFC-S1-NE_2023_01_12,18,0,Liberal,0.999997,2.42406e-08,2.54164e-06,0.747967,1,-0.376687,0.05
corrected,243-R-mPFC-S1-NE_2023_01_12,19,0,Liberal,0.999996,2.01107e-08,3.80064e-06,0.803692,1,-0.840229,0.1
corrected,243-R-mPFC-S1-NE_2023_01_12,20,0,Liberal,0.999995,1.84286e-08,5.05537e-06,0.914881,1,-1.08141,0.25
corrected,243-R-mPFC-S1-NE_2023_01_12,21,0,Liberal,0.999998,2.08233e-08,2.09762e-06,0.716453,1,-0.377983,0.025
corrected,243-R-mPFC-S1-NE_2023_01_12,22,0,Liberal,0.999997,6.80355e-08,2.82842e-06,0.981718,1,-0.299106,0.5
corrected,243-R-mPFC-S1-NE_2023_01_12,23,0,Liberal,0.999999,1.54749e-08,1.28763e-06,0.716454,1,-0.845899,0.025
corrected,243-R-mPFC-S1-NE_2023_01_12,24,0,Liberal,0.999998,1.92354e-08,1.64323e-06,0.803693,1,-0.474642,0.1
corrected,243-R-mPFC-S1-NE_2023_01_12,25,0,Liberal,0.999999,1.78653e-08,9.93206e-07,0.716454,1,-0.735288,0.025
corrected,243-R-mPFC-S1-NE_2023_01_12,26,0,Liberal,0.999998,1.49521e-08,2.25383e-06,0.803693,1,-1.05698,0.1
corrected,243-R-mPFC-S1-NE_2023_01_12,27,0,Liberal,0.999998,1.50332e-08,2.38723e-06,0.747967,1,-0.883385,0.05
corrected,243-R-mPFC-S1-NE_2023_01_12,28,0,Liberal,0.999996,2.16324e-08,4.29915e-06,0.803692,1,-0.64355,0.1
corrected,243-R-mPFC-S1-NE_2023_01_12,29,0,Liberal,0.999993,1.73392e-08,6.74969e-06,0.747965,1,-1.01411,0.05
corrected,243-R-mPFC-S1-NE_2023_01_12,30,0,Liberal,0.999984,2.57734e-08,1.57025e-05,0.803688,1,-0.660906,0.1
corrected,243-R-mPFC-S1-NE_2023_01_12,31,0,Liberal,0.999971,1.02608e-07,2.86731e-05,0.981719,1,-0.518151,0.5
corrected,243-R-mPFC-S1-NE_2023_01_12,32,0,Liberal,0.999959,1.08264e-07,4.04717e-05,0.981719,1,-0.905164,0.5
corrected,243-R-mPFC-S1-NE_2023_01_12,33,0,Liberal,0.999949,3.57074e-08,5.14247e-05,0.914883,1,-1.34273,0.25
corrected,243-R-mPFC-S1-NE_2023_01_12,34,0,Liberal,0.999944,5.59942e-08,5.6145e-05,0.914883,1,-0.916981,0.25
corrected,243-R-mPFC-S1-NE_2023_01_12,35,0,Liberal,0.999941,1.06172e-07,5.87281e-05,0.682636,1,-1.26595,0
corrected,243-R-mPFC-S1-NE_2023_01_12,36,0,Liberal,0.999877,1.9381e-06,0.000121317,0.999254,1,-0.410393,1
corrected,243-R-mPFC-S1-NE_2023_01_12,37,0,Liberal,0.999804,3.44238e-06,0.000192414,0.682553,0,-0.960914,0
corrected,243-R-mPFC-S1-NE_2023_01_12,38,0,Liberal,0.999796,1.56856e-06,0.000202092,0.747861,0,-0.543013,0.05
corrected,243-R-mPFC-S1-NE_2023_01_12,39,0,Liberal,0.999892,6.4382e-07,0.000107831,0.803658,1,2.91224,0.1
corrected,243-R-mPFC-S1-NE_2023_01_12,40,0,Liberal,0.999925,5.03975e-07,7.40757e-05,0.999254,1,1.43704,1
corrected,243-R-mPFC-S1-NE_2023_01_12,41,0,Liberal,0.999975,5.32206e-07,2.41432e-05,0.747956,1,3.10109,0.05
corrected,243-R-mPFC-S1-NE_2023_01_12,42,0,Liberal,0.999979,1.78142e-07,2.07847e-05,0.981718,1,0.378111,0.5
corrected,243-R-mPFC-S1-NE_2023_01_12,43,0,Liberal,0.999985,1.06748e-07,1.52514e-05,0.981718,1,0.146991,0.5
corrected,243-R-mPFC-S1-NE_2023_01_12,44,0,Liberal,0.999993,4.1774e-08,6.76717e-06,0.716451,1,0.167287,0.025
corrected,243-R-mPFC-S1-NE_2023_01_12,45,0,Liberal,0.999991,2.73766e-08,8.93941e-06,0.80369,1,-0.275922,0.1
corrected,243-R-mPFC-S1-NE_2023_01_12,46,0,Liberal,0.999988,1.62517e-07,1.19853e-05,0.999254,1,-0.163676,1
corrected,243-R-mPFC-S1-NE_2023_01_12,47,0,Liberal,0.999989,4.19727e-08,1.07436e-05,0.80369,1,0.529939,0.1
corrected,243-R-mPFC-S1-NE_2023_01_12,48,0,Liberal,0.999988,1.26171e-08,1.21028e-05,0.914881,1,-0.0299478,0.25
corrected,243-R-mPFC-S1-NE_2023_01_12,49,0,Liberal,0.999995,2.21088e-07,4.96022e-06,0.91488,1,2.32694,0.25
corrected,243-R-mPFC-S1-NE_2023_01_12,50,0,Liberal,0.999998,2.45575e-08,1.64106e-06,0.68267,1,-1.02268,0
corrected,243-R-mPFC-S1-NE_2023_01_12,51,0,Liberal,0.999997,2.5833e-07,2.31745e-06,0.999254,1,-0.0487766,1
corrected,243-R-mPFC-S1-NE_2023_01_12,52,0,Liberal,0.999999,2.62923e-08,9.35249e-07,0.682671,1,-0.774302,0
corrected,243-R-mPFC-S1-NE_2023_01_12,53,0,Liberal,0.999997,1.025e-08,2.91033e-06,0.716453,1,-0.992699,0.025
corrected,243-R-mPFC-S1-NE_2023_01_12,54,0,Liberal,0.99999,3.83602e-08,9.82638e-06,0.914881,1,0.233481,0.25
corrected,243-R-mPFC-S1-NE_2023_01_12,55,0,Liberal,0.999986,9.4854e-08,1.4145e-05,0.981718,1,-0.0290272,0.5
corrected,243-R-mPFC-S1-NE_2023_01_12,56,0,Liberal,0.999983,9.17892e-08,1.67079e-05,0.981718,1,-0.470865,0.5
corrected,243-R-mPFC-S1-NE_2023_01_12,57,0,Liberal,0.999983,6.46752e-08,1.70317e-05,0.981718,1,-0.74093,0.5
corrected,243-R-mPFC-S1-NE_2023_01_12,58,0,Liberal,0.999987,9.29679e-08,1.27484e-05,0.981718,1,-0.165029,0.5
corrected,243-R-mPFC-S1-NE_2023_01_12,59,0,Liberal,0.999994,2.81907e-08,6.05095e-06,0.682668,1,-0.345531,0
corrected,243-R-mPFC-S1-NE_2023_01_12,60,0,Liberal,0.99999,1.51582e-07,1.03088e-05,0.716448,1,0.249319,0.025
corrected,243-R-mPFC-S1-NE_2023_01_12,61,0,Liberal,0.999961,3.44711e-06,3.59161e-05,0.682648,0,0.437988,0
corrected,243-R-mPFC-S1-NE_2023_01_12,62,0,Liberal,0.999957,1.73848e-06,4.15922e-05,0.999254,1,-0.299353,1
corrected,243-R-mPFC-S1-NE_2023_01_12,63,0,Liberal,0.999954,7.38218e-07,4.48792e-05,0.999254,1,-0.445903,1
corrected,243-R-mPFC-S1-NE_2023_01_12,64,0,Liberal,0.999956,3.63466e-08,4.42174e-05,0.803679,1,-0.198622,0.1
corrected,243-R-mPFC-S1-NE_2023_01_12,65,0,Liberal,0.999957,1.74609e-07,4.26999e-05,0.803679,1,1.26305,0.1
corrected,243-R-mPFC-S1-NE_2023_01_12,66,0,Liberal,0.999945,7.39033e-07,5.43469e-05,0.999254,1,-0.263517,1
corrected,243-R-mPFC-S1-NE_2023_01_12,67,0,Liberal,0.999933,8.77146e-07,6.56923e-05,0.999254,1,-0.666639,1
corrected,243-R-mPFC-S1-NE_2023_01_12,68,0,Liberal,0.999919,2.32182e-07,8.05304e-05,0.999254,1,-1.59735,1
corrected,243-R-mPFC-S1-NE_2023_01_12,69,0,Liberal,0.999919,7.18016e-08,8.05972e-05,0.914885,1,0.255637,0.25
corrected,243-R-mPFC-S1-NE_2023_01_12,70,0,Liberal,0.999923,6.71067e-08,7.67477e-05,0.914885,1,0.273542,0.25
corrected,243-R-mPFC-S1-NE_2023_01_12,71,0,Liberal,0.999931,9.09788e-08,6.91525e-05,0.803671,1,0.266952,0.1
corrected,243-R-mPFC-S1-NE_2023_01_12,72,0,Liberal,0.999928,4.53922e-07,7.14026e-05,0.999254,1,-0.118427,1
corrected,243-R-mPFC-S1-NE_2023_01_12,73,0,Liberal,0.999928,9.62275e-08,7.20714e-05,0.80367,1,-0.271518,0.1
corrected,243-R-mPFC-S1-NE_2023_01_12,74,0,Liberal,0.999919,5.7494e-07,8.02071e-05,0.981719,1,-0.221969,0.5
corrected,243-R-mPFC-S1-NE_2023_01_12,75,0,Liberal,0.999909,3.00808e-06,8.77264e-05,0.803663,0,-0.765257,0.1
corrected,243-R-mPFC-S1-NE_2023_01_12,76,0,Liberal,0.999932,3.3368e-07,6.79707e-05,0.914884,1,-0.405887,0.25
corrected,243-R-mPFC-S1-NE_2023_01_12,77,0,Liberal,0.999951,4.3472e-08,4.93673e-05,0.803677,1,-1.16457,0.1
corrected,243-R-mPFC-S1-NE_2023_01_12,78,0,Liberal,0.999964,1.04984e-08,3.56541e-05,0.803682,1,-0.515326,0.1
corrected,243-R-mPFC-S1-NE_2023_01_12,79,0,Liberal,0.999986,1.48433e-07,1.42522e-05,0.803689,1,2.41497,0.1
corrected,243-R-mPFC-S1-NE_2023_01_12,80,0,Liberal,0.999993,5.23857e-08,7.3149e-06,0.747965,1,0.505448,0.05
corrected,243-R-mPFC-S1-NE_2023_01_12,81,0,Liberal,0.999992,5.2369e-08,8.32368e-06,0.747964,1,-0.259648,0.05
corrected,243-R-mPFC-S1-NE_2023_01_12,82,0,Liberal,0.999981,4.72851e-07,1.80647e-05,0.999254,1,-0.623123,1
corrected,243-R-mPFC-S1-NE_2023_01_12,83,0,Liberal,0.999979,3.40708e-06,1.77892e-05,0.747957,0,1.41044,0.05
corrected,243-R-mPFC-S1-NE_2023_01_12,84,0,Liberal,0.999995,1.4723e-07,5.29983e-06,0.682668,1,0.567794,0
corrected,243-R-mPFC-S1-NE_2023_01_12,85,0,Liberal,0.999994,8.54996e-08,6.03439e-06,0.716451,1,0.992638,0.025
corrected,243-R-mPFC-S1-NE_2023_01_12,86,0,Liberal,0.999983,6.02069e-06,1.0973e-05,0.682661,0,3.62679,0
corrected,243-R-mPFC-S1-NE_2023_01_12,87,0,Liberal,0.999988,5.30714e-07,1.18534e-05,0.747962,1,0.951266,0.05
corrected,243-R-mPFC-S1-NE_2023_01_12,88,0,Liberal,0.999979,9.38e-07,2.00652e-05,0.999254,1,1.28329,1
corrected,243-R-mPFC-S1-NE_2023_01_12,89,0,Liberal,0.999967,6.14103e-08,3.26931e-05,0.914882,1,-0.350004,0.25
corrected,243-R-mPFC-S1-NE_2023_01_12,90,0,Liberal,0.999963,1.89984e-07,3.68076e-05,0.981719,1,0.701517,0.5
corrected,243-R-mPFC-S1-NE_2023_01_12,91,0,Liberal,0.999957,7.78624e-08,4.32392e-05,0.747946,1,-0.502873,0.05
corrected,243-R-mPFC-S1-NE_2023_01_12,92,0,Liberal,0.999932,1.66902e-06,6.64131e-05,0.999254,1,0.5715,1
corrected,243-R-mPFC-S1-NE_2023_01_12,93,0,Liberal,0.999908,4.09866e-06,8.75932e-05,0.682616,0,0.477154,0
corrected,243-R-mPFC-S1-NE_2023_01_12,94,0,Liberal,0.999913,2.65582e-07,8.68513e-05,0.914885,1,-0.335722,0.25
corrected,243-R-mPFC-S1-NE_2023_01_12,95,0,Liberal,0.999925,7.52058e-07,7.47389e-05,0.999254,1,0.607613,1
corrected,243-R-mPFC-S1-NE_2023_01_12,96,0,Liberal,0.999939,5.40106e-07,6.05411e-05,0.981719,1,0.60424,0.5
corrected,243-R-mPFC-S1-NE_2023_01_12,97,0,Liberal,0.999947,2.06799e-07,5.30194e-05,0.682639,1,-0.992107,0
corrected,243-R-mPFC-S1-NE_2023_01_12,98,0,Liberal,0.999921,2.63493e-05,5.2725e-05,0.747922,0,3.55685,0.05
corrected,243-R-mPFC-S1-NE_2023_01_12,99,0,Liberal,0.99993,1.39656e-05,5.62462e-05,0.999247,1,0.391851,1
corrected,243-R-mPFC-S1-NE_2023_01_12,100,0,Liberal,0.999934,2.11922e-06,6.36547e-05,0.914882,1,-0.896614,0.25
corrected,243-R-mPFC-S1-NE_2023_01_12,101,0,Liberal,0.999934,3.27021e-06,6.27032e-05,0.747933,0,-0.870053,0.05
corrected,243-R-mPFC-S1-NE_2023_01_12,102,0,Liberal,0.999973,1.99529e-07,2.66512e-05,0.716439,1,-0.319152,0.025
corrected,243-R-mPFC-S1-NE_2023_01_12,103,0,Liberal,0.999977,1.62157e-07,2.24249e-05,0.682658,1,-0.111067,0
corrected,243-R-mPFC-S1-NE_2023_01_12,104,0,Liberal,0.99995,1.96311e-06,4.83569e-05,0.747942,0,0.0548193,0.05
corrected,243-R-mPFC-S1-NE_2023_01_12,105,0,Liberal,0.999953,7.69259e-07,4.62409e-05,0.747944,1,0.510712,0.05
corrected,243-R-mPFC-S1-NE_2023_01_12,106,0,Liberal,0.999921,1.72608e-06,7.7586e-05,0.716408,0,-1.12853,0.025
corrected,243-R-mPFC-S1-NE_2023_01_12,107,0,Liberal,0.999926,1.63401e-07,7.41007e-05,0.716411,1,-0.579439,0.025
corrected,243-R-mPFC-S1-NE_2023_01_12,108,0,Liberal,0.999888,3.80497e-08,0.000111542,0.914886,1,-0.503841,0.25
corrected,243-R-mPFC-S1-NE_2023_01_12,109,0,Liberal,0.999867,1.40636e-07,0.000132419,0.98172,1,0.615095,0.5
corrected,243-R-mPFC-S1-NE_2023_01_12,110,0,Liberal,0.999851,2.20927e-07,0.000148588,0.981721,1,0.847973,0.5
corrected,243-R-mPFC-S1-NE_2023_01_12,111,0,Liberal,0.999846,2.75092e-06,0.000150843,0.999253,1,2.20386,1
corrected,243-R-mPFC-S1-NE_2023_01_12,112,0,Liberal,0.999824,1.7706e-07,0.000175906,0.981721,1,-0.245666,0.5
corrected,243-R-mPFC-S1-NE_2023_01_12,113,0,Liberal,0.999823,7.88647e-07,0.00017605,0.747875,1,2.07023,0.05
corrected,243-R-mPFC-S1-NE_2023_01_12,114,0,Liberal,0.999708,1.26743e-07,0.000292216,0.803599,1,-0.831053,0.1
corrected,243-R-mPFC-S1-NE_2023_01_12,115,0,Liberal,0.999542,2.25672e-07,0.000458272,0.716188,1,-0.290283,0.025
corrected,243-R-mPFC-S1-NE_2023_01_12,116,0,Liberal,0.99894,3.23823e-06,0.0010567,0.747409,1,1.22843,0.05
corrected,243-R-mPFC-S1-NE_2023_01_12,117,0,Liberal,0.99639,2.24729e-05,0.00358777,0.802518,1,0.523215,0.1
corrected,243-R-mPFC-S1-NE_2023_01_12,118,0,Liberal,0.991182,0.000352713,0.00846485,0.999078,1,0.0160909,1
corrected,243-R-mPFC-S1-NE_2023_01_17,1,2,Engaged,0.00360349,0.00392628,0.99247,0.99646,1,-0.533863,0.5
corrected,243-R-mPFC-S1-NE_2023_01_17,2,2,Engaged,0.00135375,0.00923559,0.989411,0.0801341,0,0.0500555,0
corrected,243-R-mPFC-S1-NE_2023_01_17,3,2,Engaged,0.000508957,0.00938936,0.990102,0.0796165,0,-0.309361,0
corrected,243-R-mPFC-S1-NE_2023_01_17,4,2,Engaged,0.000220615,0.00689232,0.992887,0.0795768,0,-0.293615,0
corrected,243-R-mPFC-S1-NE_2023_01_17,5,2,Engaged,0.000130255,0.00319294,0.996677,0.967064,1,0.00289084,0.25
corrected,243-R-mPFC-S1-NE_2023_01_17,6,2,Engaged,4.13163e-05,0.0198924,0.980066,0.217071,0,0.380403,0.05
corrected,243-R-mPFC-S1-NE_2023_01_17,7,2,Engaged,1.85338e-05,0.0529195,0.947062,0.0769824,0,1.58252,0
corrected,243-R-mPFC-S1-NE_2023_01_17,8,2,Engaged,8.00081e-06,0.0534205,0.946572,0.0769491,0,0.0604813,0
corrected,243-R-mPFC-S1-NE_2023_01_17,9,2,Engaged,6.05971e-06,0.0640705,0.935923,0.45235,0,0.95738,0.1
corrected,243-R-mPFC-S1-NE_2023_01_17,10,2,Engaged,5.75286e-06,0.0272346,0.97276,0.132623,0,-0.694975,0.025
corrected,243-R-mPFC-S1-NE_2023_01_17,11,2,Engaged,1.10349e-05,0.0135614,0.986428,0.988204,1,0.590886,0.5
corrected,243-R-mPFC-S1-NE_2023_01_17,12,2,Engaged,9.72686e-06,0.0127864,0.987204,0.993372,1,-0.298671,1
corrected,243-R-mPFC-S1-NE_2023_01_17,13,2,Engaged,5.77445e-06,0.01959,0.980404,0.217109,0,0.0595571,0.05
corrected,243-R-mPFC-S1-NE_2023_01_17,14,2,Engaged,5.47321e-06,0.0174373,0.982557,0.473055,0,-0.458964,0.1
corrected,243-R-mPFC-S1-NE_2023_01_17,15,2,Engaged,8.84915e-06,0.00771612,0.992275,0.996,1,-0.291931,1
corrected,243-R-mPFC-S1-NE_2023_01_17,16,2,Engaged,9.47312e-06,0.00604782,0.993943,0.964476,1,0.271851,0.25
corrected,243-R-mPFC-S1-NE_2023_01_17,17,2,Engaged,5.42888e-06,0.0246833,0.975311,0.469838,0,-0.280795,0.1
corrected,243-R-mPFC-S1-NE_2023_01_17,18,2,Engaged,4.48151e-06,0.028021,0.971974,0.132538,0,-0.608652,0.025
corrected,243-R-mPFC-S1-NE_2023_01_17,19,2,Engaged,7.06462e-06,0.0304325,0.96956,0.942312,1,-0.418697,0.25
corrected,243-R-mPFC-S1-NE_2023_01_17,20,2,Engaged,3.3391e-06,0.13493,0.865067,0.121088,0,-0.694097,0.025
corrected,243-R-mPFC-S1-NE_2023_01_17,21,2,Engaged,2.15607e-06,0.298094,0.701904,0.103614,0,-0.0975661,0.025
corrected,243-R-mPFC-S1-NE_2023_01_17,22,2,Engaged,1.75625e-06,0.429378,0.57062,0.0895539,0,-0.326799,0.025
corrected,243-R-mPFC-S1-NE_2023_01_17,23,1,Conservative,1.35691e-06,0.637438,0.362561,0.19777,0,0.304993,0.1
corrected,243-R-mPFC-S1-NE_2023_01_17,24,1,Conservative,1.46296e-06,0.698795,0.301204,0.0422751,0,-0.492738,0
corrected,243-R-mPFC-S1-NE_2023_01_17,25,1,Conservative,3.10678e-07,0.999924,7.56616e-05,0.136337,0,1.44276,0.5
corrected,243-R-mPFC-S1-NE_2023_01_17,26,1,Conservative,1.0753e-06,0.99541,0.00458902,0.0652188,0,0.937894,0.25
corrected,243-R-mPFC-S1-NE_2023_01_17,27,1,Conservative,5.62363e-06,0.824912,0.175083,0.0642376,0,0.674972,0.05
corrected,243-R-mPFC-S1-NE_2023_01_17,28,2,Engaged,2.01439e-05,0.377952,0.622028,0.0595223,0,-0.365025,0
corrected,243-R-mPFC-S1-NE_2023_01_17,29,2,Engaged,4.38987e-05,0.117766,0.88219,0.898208,1,0.302459,0.5
corrected,243-R-mPFC-S1-NE_2023_01_17,30,2,Engaged,2.92094e-05,0.0307071,0.969264,0.973396,1,-1.02209,0.5
corrected,243-R-mPFC-S1-NE_2023_01_17,31,2,Engaged,1.36232e-05,0.0386329,0.961354,0.213499,0,0.41586,0.05
corrected,243-R-mPFC-S1-NE_2023_01_17,32,2,Engaged,7.79622e-06,0.0299301,0.970062,0.215148,0,-0.536678,0.05
corrected,243-R-mPFC-S1-NE_2023_01_17,33,2,Engaged,7.66714e-06,0.0140909,0.985901,0.987747,1,-0.733089,0.5
corrected,243-R-mPFC-S1-NE_2023_01_17,34,2,Engaged,3.47788e-06,0.0212652,0.978731,0.471355,0,-0.627824,0.1
corrected,243-R-mPFC-S1-NE_2023_01_17,35,2,Engaged,2.50751e-06,0.025039,0.974958,0.0784705,0,-0.00379492,0
corrected,243-R-mPFC-S1-NE_2023_01_17,36,2,Engaged,2.74516e-06,0.0247863,0.975211,0.216121,0,-0.142411,0.05
corrected,243-R-mPFC-S1-NE_2023_01_17,37,2,Engaged,4.95113e-06,0.0188468,0.981148,0.99023,1,-0.254748,1
corrected,243-R-mPFC-S1-NE_2023_01_17,38,2,Engaged,4.51992e-06,0.0256909,0.974305,0.46939,0,0.468107,0.1
corrected,243-R-mPFC-S1-NE_2023_01_17,39,2,Engaged,5.14378e-06,0.00788717,0.992108,0.477296,0,-0.796812,0.1
corrected,243-R-mPFC-S1-NE_2023_01_17,40,2,Engaged,1.26307e-05,0.00185223,0.998135,0.968289,1,1.36523,0.25
corrected,243-R-mPFC-S1-NE_2023_01_17,41,2,Engaged,1.2713e-05,0.000443534,0.999544,0.999534,1,-0.180494,0.5
corrected,243-R-mPFC-S1-NE_2023_01_17,42,2,Engaged,1.21353e-05,0.00243658,0.997551,0.967758,1,0.840963,0.25
corrected,243-R-mPFC-S1-NE_2023_01_17,43,2,Engaged,4.75084e-06,0.012015,0.98798,0.0791715,0,-0.680137,0
corrected,243-R-mPFC-S1-NE_2023_01_17,44,2,Engaged,2.68896e-06,0.0241279,0.975869,0.470084,0,-0.230898,0.1
corrected,243-R-mPFC-S1-NE_2023_01_17,45,2,Engaged,2.11005e-06,0.0263316,0.973666,0.0784008,0,-0.185788,0
corrected,243-R-mPFC-S1-NE_2023_01_17,46,2,Engaged,1.9254e-06,0.0204581,0.97954,0.133346,0,-0.792166,0.025
corrected,243-R-mPFC-S1-NE_2023_01_17,47,2,Engaged,3.69452e-06,0.0207467,0.97925,0.216889,0,0.231555,0.05
corrected,243-R-mPFC-S1-NE_2023_01_17,48,2,Engaged,8.21052e-06,0.00849214,0.9915,0.992583,1,-0.563807,0.5
corrected,243-R-mPFC-S1-NE_2023_01_17,49,2,Engaged,9.15531e-06,0.0156882,0.984303,0.991867,1,-0.150751,1
corrected,243-R-mPFC-S1-NE_2023_01_17,50,2,Engaged,5.85008e-06,0.0256703,0.974324,0.132791,0,-0.6682,0.025
corrected,243-R-mPFC-S1-NE_2023_01_17,51,2,Engaged,7.86133e-06,0.042755,0.957237,0.977836,1,0.0624062,1
corrected,243-R-mPFC-S1-NE_2023_01_17,52,2,Engaged,5.38679e-06,0.0685596,0.931435,0.128197,0,-0.435279,0.025
corrected,243-R-mPFC-S1-NE_2023_01_17,53,1,Conservative,6.28086e-06,0.684734,0.31526,0.0622097,0,3.88862,0.025
corrected,243-R-mPFC-S1-NE_2023_01_17,54,1,Conservative,1.26429e-05,0.67942,0.320568,0.647798,1,-0.610302,1
corrected,243-R-mPFC-S1-NE_2023_01_17,55,1,Conservative,1.32027e-05,0.69038,0.309606,0.342467,0,-1.28663,0.25
corrected,243-R-mPFC-S1-NE_2023_01_17,56,2,Engaged,1.28599e-05,0.457966,0.542022,0.0864988,0,-0.766965,0.025
corrected,243-R-mPFC-S1-NE_2023_01_17,57,2,Engaged,2.07974e-05,0.257569,0.74241,0.36644,0,-0.607014,0.1
corrected,243-R-mPFC-S1-NE_2023_01_17,58,2,Engaged,5.07283e-05,0.0660374,0.933912,0.942883,1,0.134701,0.5
corrected,243-R-mPFC-S1-NE_2023_01_17,59,2,Engaged,4.34023e-05,0.00266585,0.997291,0.967548,1,-1.20199,0.25
corrected,243-R-mPFC-S1-NE_2023_01_17,60,2,Engaged,3.19796e-05,0.00100576,0.998962,0.969057,1,-0.537202,0.25
corrected,243-R-mPFC-S1-NE_2023_01_17,61,2,Engaged,1.39887e-05,0.00367855,0.996307,0.13515,0,-1.31601,0.025
corrected,243-R-mPFC-S1-NE_2023_01_17,62,2,Engaged,8.80853e-06,0.00360559,0.996386,0.220145,0,-1.39511,0.05
corrected,243-R-mPFC-S1-NE_2023_01_17,63,2,Engaged,1.1301e-05,0.00310133,0.996887,0.998392,1,-0.617362,1
corrected,243-R-mPFC-S1-NE_2023_01_17,64,2,Engaged,9.81857e-06,0.00201975,0.99797,0.998172,1,-1.06558,0.5
corrected,243-R-mPFC-S1-NE_2023_01_17,65,2,Engaged,4.66097e-06,0.00663277,0.993363,0.477852,0,-1.34311,0.1
corrected,243-R-mPFC-S1-NE_2023_01_17,66,2,Engaged,3.68447e-06,0.00818284,0.991813,0.0793767,0,-0.775186,0
corrected,243-R-mPFC-S1-NE_2023_01_17,67,2,Engaged,5.61034e-06,0.00946922,0.990525,0.995091,1,-0.368025,1
corrected,243-R-mPFC-S1-NE_2023_01_17,68,2,Engaged,3.77143e-06,0.0119715,0.988025,0.475482,0,-0.79443,0.1
corrected,243-R-mPFC-S1-NE_2023_01_17,69,2,Engaged,5.92361e-06,0.0172233,0.982771,0.991072,1,0.672702,1
corrected,243-R-mPFC-S1-NE_2023_01_17,70,2,Engaged,3.65878e-06,0.0213394,0.978657,0.0786699,0,-0.116398,0
corrected,243-R-mPFC-S1-NE_2023_01_17,71,2,Engaged,2.58444e-06,0.0144675,0.98553,0.0790384,0,-1.13007,0
corrected,243-R-mPFC-S1-NE_2023_01_17,72,2,Engaged,3.01553e-06,0.00743265,0.992564,0.134742,0,-0.985869,0.025
corrected,243-R-mPFC-S1-NE_2023_01_17,73,2,Engaged,6.26945e-06,0.000726082,0.999268,0.969313,1,-0.570068,0.25
corrected,243-R-mPFC-S1-NE_2023_01_17,74,2,Engaged,5.91558e-06,0.000671368,0.999323,0.999337,1,-0.815612,0.5
corrected,243-R-mPFC-S1-NE_2023_01_17,75,2,Engaged,5.54296e-06,0.0181356,0.981859,0.133597,0,1.21436,0.025
corrected,243-R-mPFC-S1-NE_2023_01_17,76,2,Engaged,5.15516e-06,0.00697839,0.993016,0.96363,1,-1.42244,0.25
corrected,243-R-mPFC-S1-NE_2023_01_17,77,2,Engaged,2.8386e-06,0.0650637,0.934933,0.208476,0,0.4134,0.05
corrected,243-R-mPFC-S1-NE_2023_01_17,78,2,Engaged,1.83834e-06,0.079664,0.920334,0.445425,0,-0.779348,0.1
corrected,243-R-mPFC-S1-NE_2023_01_17,79,2,Engaged,1.6228e-06,0.0851483,0.91485,0.44299,0,-0.508862,0.1
corrected,243-R-mPFC-S1-NE_2023_01_17,80,2,Engaged,1.27119e-06,0.0685528,0.931446,0.128195,0,-1.00109,0.025
corrected,243-R-mPFC-S1-NE_2023_01_17,81,2,Engaged,1.87022e-06,0.0756172,0.924381,0.206472,0,0.589985,0.05
corrected,243-R-mPFC-S1-NE_2023_01_17,82,2,Engaged,2.18361e-06,0.0436603,0.956337,0.130862,0,-1.16589,0.025
corrected,243-R-mPFC-S1-NE_2023_01_17,83,2,Engaged,4.8706e-06,0.0412134,0.958782,0.213004,0,0.665827,0.05
corrected,243-R-mPFC-S1-NE_2023_01_17,84,2,Engaged,1.24032e-05,0.0207819,0.979206,0.951083,1,-0.117331,0.25
corrected,243-R-mPFC-S1-NE_2023_01_17,85,1,Conservative,1.34807e-06,0.990926,0.00907216,0.0327213,0,5.91332,0.05
corrected,243-R-mPFC-S1-NE_2023_01_17,86,1,Conservative,2.49883e-06,0.99961,0.000387562,0.136608,0,0.388029,0.5
corrected,243-R-mPFC-S1-NE_2023_01_17,87,2,Engaged,4.14641e-05,0.169976,0.829983,0.853117,1,-0.0870955,0.5
corrected,243-R-mPFC-S1-NE_2023_01_17,88,2,Engaged,2.77454e-05,0.155943,0.844029,0.191237,0,1.94587,0.05
corrected,243-R-mPFC-S1-NE_2023_01_17,89,2,Engaged,2.78754e-05,0.053662,0.94631,0.953571,1,0.367346,0.5
corrected,243-R-mPFC-S1-NE_2023_01_17,90,2,Engaged,1.11196e-05,0.0247655,0.975223,0.21613,0,-0.726165,0.05
corrected,243-R-mPFC-S1-NE_2023_01_17,91,2,Engaged,1.18585e-05,0.03078,0.969208,0.132247,0,2.35746,0.025
corrected,243-R-mPFC-S1-NE_2023_01_17,92,2,Engaged,1.7676e-05,0.0138772,0.986105,0.987932,1,0.905684,0.5
corrected,243-R-mPFC-S1-NE_2023_01_17,93,2,Engaged,1.5767e-05,0.0114009,0.988583,0.218669,0,0.0193661,0.05
corrected,243-R-mPFC-S1-NE_2023_01_17,94,2,Engaged,2.21974e-05,0.000965569,0.999012,0.969094,1,-0.417254,0.25
corrected,243-R-mPFC-S1-NE_2023_01_17,95,2,Engaged,2.38325e-05,0.000471622,0.999505,0.999755,1,-0.653547,1
corrected,243-R-mPFC-S1-NE_2023_01_17,96,2,Engaged,3.19109e-05,0.00552722,0.994441,0.997135,1,2.31219,1
corrected,243-R-mPFC-S1-NE_2023_01_17,97,2,Engaged,2.96378e-05,0.002438,0.997532,0.997811,1,0.354447,0.5
corrected,243-R-mPFC-S1-NE_2023_01_17,98,2,Engaged,2.2474e-05,0.0039724,0.996005,0.479039,0,-0.0520607,0.1
corrected,243-R-mPFC-S1-NE_2023_01_17,99,2,Engaged,2.9674e-05,0.00620583,0.993764,0.964331,1,1.60249,0.25
corrected,243-R-mPFC-S1-NE_2023_01_17,100,2,Engaged,2.93017e-05,0.0281548,0.971816,0.975601,1,0.544779,0.5
corrected,243-R-mPFC-S1-NE_2023_01_17,101,1,Conservative,1.00307e-05,0.551534,0.448456,0.0764766,0,2.04457,0.025
corrected,243-R-mPFC-S1-NE_2023_01_17,102,1,Conservative,4.13895e-06,0.998821,0.00117451,0.137289,0,2.0831,0.5
corrected,243-R-mPFC-S1-NE_2023_01_17,103,1,Conservative,1.25107e-05,0.572531,0.427457,0.0742295,0,-0.951556,0.025
corrected,243-R-mPFC-S1-NE_2023_01_17,104,2,Engaged,2.39314e-05,0.360861,0.639115,0.812935,1,-0.060174,1
corrected,243-R-mPFC-S1-NE_2023_01_17,105,2,Engaged,1.75832e-05,0.293374,0.706608,0.165144,0,0.316599,0.05
corrected,243-R-mPFC-S1-NE_2023_01_17,106,2,Engaged,2.52644e-05,0.135665,0.86431,0.929673,1,-0.524011,1
corrected,243-R-mPFC-S1-NE_2023_01_17,107,2,Engaged,1.91521e-05,0.0883062,0.911675,0.923651,1,-0.0922561,0.5
corrected,243-R-mPFC-S1-NE_2023_01_17,108,2,Engaged,7.63238e-06,0.126759,0.873233,0.121966,0,0.950659,0.025
corrected,243-R-mPFC-S1-NE_2023_01_17,109,2,Engaged,3.62958e-06,0.139389,0.860608,0.194367,0,0.240997,0.05
corrected,243-R-mPFC-S1-NE_2023_01_17,110,2,Engaged,2.43227e-06,0.135224,0.864774,0.195157,0,-0.241643,0.05
corrected,243-R-mPFC-S1-NE_2023_01_17,111,2,Engaged,2.35088e-06,0.113435,0.886563,0.430431,0,-0.785798,0.1
corrected,243-R-mPFC-S1-NE_2023_01_17,112,2,Engaged,3.82056e-06,0.0965308,0.903465,0.437937,0,0.177153,0.1
corrected,243-R-mPFC-S1-NE_2023_01_17,113,2,Engaged,8.76546e-06,0.0570496,0.942942,0.918119,1,0.185523,0.25
corrected,243-R-mPFC-S1-NE_2023_01_17,114,2,Engaged,6.30786e-06,0.0864053,0.913588,0.126286,0,0.196847,0.025
corrected,243-R-mPFC-S1-NE_2023_01_17,115,2,Engaged,8.14873e-06,0.107067,0.892925,0.944498,1,0.030777,1
corrected,243-R-mPFC-S1-NE_2023_01_17,116,2,Engaged,5.65852e-06,0.271149,0.728845,0.106501,0,1.46595,0.025
corrected,243-R-mPFC-S1-NE_2023_01_17,117,2,Engaged,7.34622e-06,0.348131,0.651861,0.819534,1,0.721892,1
corrected,243-R-mPFC-S1-NE_2023_01_17,118,2,Engaged,3.31758e-06,0.411062,0.588935,0.0577335,0,-0.519184,0
corrected,243-R-mPFC-S1-NE_2023_01_17,119,2,Engaged,1.76217e-06,0.442118,0.55788,0.1369,0,-1.38539,0.05
corrected,243-R-mPFC-S1-NE_2023_01_17,120,1,Conservative,1.29406e-06,0.549269,0.450729,0.11656,0,0.0240386,0.05
corrected,243-R-mPFC-S1-NE_2023_01_17,121,1,Conservative,1.1656e-06,0.638298,0.361701,0.197388,0,-0.012853,0.1
corrected,243-R-mPFC-S1-NE_2023_01_17,122,1,Conservative,1.4073e-06,0.696093,0.303905,0.0886886,0,0.193363,0.05
corrected,243-R-mPFC-S1-NE_2023_01_17,123,1,Conservative,2.27898e-06,0.808789,0.191209,0.0363666,0,1.19188,0
corrected,243-R-mPFC-S1-NE_2023_01_17,124,1,Conservative,5.04835e-06,0.852304,0.147691,0.558178,1,0.100368,1
corrected,243-R-mPFC-S1-NE_2023_01_17,125,1,Conservative,2.70198e-06,0.999997,7.9238e-08,0.481615,0,0.524634,1
corrected,243-R-mPFC-S1-NE_2023_01_17,126,1,Conservative,8.36507e-05,0.527876,0.47204,0.544017,1,1.02745,0.5
corrected,243-R-mPFC-S1-NE_2023_01_17,127,2,Engaged,7.8981e-05,0.367594,0.632327,0.317608,0,-0.212959,0.1
corrected,243-R-mPFC-S1-NE_2023_01_17,128,2,Engaged,0.000132448,0.0921243,0.907743,0.952244,1,-0.215264,1
corrected,243-R-mPFC-S1-NE_2023_01_17,129,2,Engaged,0.000141259,0.016452,0.983407,0.985706,1,0.420161,0.5
corrected,243-R-mPFC-S1-NE_2023_01_17,130,2,Engaged,0.000128293,0.00291693,0.996955,0.997395,1,0.00160388,0.5
corrected,243-R-mPFC-S1-NE_2023_01_17,131,2,Engaged,0.000107355,0.000640028,0.999253,0.999362,1,-0.353448,0.5
corrected,243-R-mPFC-S1-NE_2023_01_17,132,2,Engaged,8.37521e-05,0.000603983,0.999312,0.999394,1,-0.339435,0.5
corrected,243-R-mPFC-S1-NE_2023_01_17,133,2,Engaged,5.78147e-05,0.00270487,0.997237,0.220342,0,-0.280874,0.05
corrected,243-R-mPFC-S1-NE_2023_01_17,134,2,Engaged,5.54344e-05,0.00118567,0.998759,0.998892,1,-0.28992,0.5
corrected,243-R-mPFC-S1-NE_2023_01_17,135,2,Engaged,4.50569e-05,0.000904118,0.999051,0.969149,1,-1.26127,0.25
corrected,243-R-mPFC-S1-NE_2023_01_17,136,2,Engaged,3.39764e-05,0.0150234,0.984943,0.217991,0,-0.803931,0.05
corrected,243-R-mPFC-S1-NE_2023_01_17,137,2,Engaged,3.68446e-05,0.0223234,0.97764,0.216607,0,-1.10543,0.05
corrected,243-R-mPFC-S1-NE_2023_01_17,138,2,Engaged,6.02122e-05,0.0273877,0.972552,0.0783791,0,-0.995608,0
corrected,243-R-mPFC-S1-NE_2023_01_17,139,2,Engaged,0.000168333,0.0561905,0.943641,0.129616,0,0.644392,0.025
corrected,243-R-mPFC-S1-NE_2023_01_18,1,2,Engaged,0.00202179,0.012667,0.985311,0.0803525,0,-0.228842,0
corrected,243-R-mPFC-S1-NE_2023_01_18,2,2,Engaged,0.0011587,0.00452019,0.994321,0.135725,0,-0.43659,0.025
corrected,243-R-mPFC-S1-NE_2023_01_18,3,2,Engaged,0.000984955,0.00252677,0.996488,0.997717,1,1.28466,0.5
corrected,243-R-mPFC-S1-NE_2023_01_18,4,2,Engaged,0.000721662,0.00159234,0.997686,0.998529,1,-0.0721184,0.5
corrected,243-R-mPFC-S1-NE_2023_01_18,5,2,Engaged,0.000420324,0.00393724,0.995642,0.079856,0,-0.497689,0
corrected,243-R-mPFC-S1-NE_2023_01_18,6,2,Engaged,0.000318734,0.00329936,0.996382,0.998289,1,-0.555284,1
corrected,243-R-mPFC-S1-NE_2023_01_18,7,2,Engaged,0.000212272,0.00341762,0.99637,0.0797585,0,-0.600635,0
corrected,243-R-mPFC-S1-NE_2023_01_18,8,2,Engaged,0.000180318,0.000546394,0.999273,0.999442,1,-0.676508,0.5
corrected,243-R-mPFC-S1-NE_2023_01_18,9,2,Engaged,0.00014961,0.000505204,0.999345,0.48062,1,-0.361407,0.1
corrected,243-R-mPFC-S1-NE_2023_01_18,10,2,Engaged,7.964e-05,0.00319316,0.996727,0.135241,0,-0.731337,0.025
corrected,243-R-mPFC-S1-NE_2023_01_18,11,2,Engaged,6.04424e-05,0.00339098,0.996549,0.998242,1,-0.590703,1
corrected,243-R-mPFC-S1-NE_2023_01_18,12,2,Engaged,3.97642e-05,0.00556707,0.994393,0.997114,1,-0.35277,1
corrected,243-R-mPFC-S1-NE_2023_01_18,13,2,Engaged,1.60708e-05,0.0109029,0.989081,0.0792381,0,-0.279249,0
corrected,243-R-mPFC-S1-NE_2023_01_18,14,2,Engaged,6.938e-06,0.0106742,0.989319,0.0792448,0,-0.749111,0
corrected,243-R-mPFC-S1-NE_2023_01_18,15,2,Engaged,5.26694e-06,0.012267,0.987728,0.0791583,0,-0.0557044,0
corrected,243-R-mPFC-S1-NE_2023_01_18,16,2,Engaged,6.2436e-06,0.00795078,0.992043,0.0793907,0,-0.533854,0
corrected,243-R-mPFC-S1-NE_2023_01_18,17,2,Engaged,1.48066e-05,0.00812306,0.991862,0.219291,0,0.729273,0.05
corrected,243-R-mPFC-S1-NE_2023_01_18,18,2,Engaged,4.06203e-05,0.00178681,0.998173,0.998373,1,0.403993,0.5
corrected,243-R-mPFC-S1-NE_2023_01_18,19,2,Engaged,5.75103e-05,0.000452484,0.99949,0.480614,1,-0.099576,0.1
corrected,243-R-mPFC-S1-NE_2023_01_18,20,2,Engaged,5.73541e-05,0.000692073,0.999251,0.999318,1,-0.672765,0.5
corrected,243-R-mPFC-S1-NE_2023_01_18,21,2,Engaged,5.58086e-05,0.00491385,0.99503,0.219922,0,-0.37564,0.05
corrected,243-R-mPFC-S1-NE_2023_01_18,22,2,Engaged,7.24433e-05,0.00364654,0.996281,0.220171,0,-0.812201,0.05
corrected,243-R-mPFC-S1-NE_2023_01_18,23,2,Engaged,0.000141468,0.000533537,0.999325,0.96948,1,-0.387992,0.25
corrected,243-R-mPFC-S1-NE_2023_01_18,24,2,Engaged,0.000201697,0.00112573,0.998673,0.999416,1,-0.675363,1
corrected,243-R-mPFC-S1-NE_2023_01_18,25,2,Engaged,0.000264632,0.00161274,0.998123,0.999164,1,-0.401053,1
corrected,243-R-mPFC-S1-NE_2023_01_18,26,2,Engaged,0.000315834,0.000577671,0.999106,0.480641,1,-0.897659,0.1
corrected,243-R-mPFC-S1-NE_2023_01_18,27,2,Engaged,0.000342536,0.00632191,0.993336,0.079681,0,-0.281094,0
corrected,243-R-mPFC-S1-NE_2023_01_18,28,2,Engaged,0.000432085,0.00598324,0.993585,0.996898,1,-0.964793,1
corrected,243-R-mPFC-S1-NE_2023_01_18,29,2,Engaged,0.000522029,0.00936726,0.990111,0.0796256,0,-0.77097,0
corrected,243-R-mPFC-S1-NE_2023_01_18,30,2,Engaged,0.000835112,0.012927,0.986238,0.218811,0,-0.358449,0.05
corrected,243-R-mPFC-S1-NE_2023_01_18,31,2,Engaged,0.00189472,0.0138477,0.984258,0.219195,0,-0.131395,0.05
corrected,243-R-mPFC-S1-NE_2023_01_18,32,2,Engaged,0.00539906,0.01115,0.983451,0.08247,0,0.0163925,0
corrected,243-R-mPFC-S1-NE_2023_01_18,33,2,Engaged,0.0152404,0.0020762,0.982683,0.967246,1,-0.291094,0.25
corrected,243-R-mPFC-S1-NE_2023_01_18,34,2,Engaged,0.0234425,0.00410308,0.972454,0.148715,0,-0.633649,0.025
corrected,243-R-mPFC-S1-NE_2023_01_18,35,2,Engaged,0.0474514,0.000348161,0.9522,0.967043,1,-0.921361,0.25
corrected,243-R-mPFC-S1-NE_2023_01_18,36,2,Engaged,0.0719678,0.000260983,0.927771,0.258713,1,-0.874349,0.05
corrected,243-R-mPFC-S1-NE_2023_01_18,37,2,Engaged,0.0806156,0.00148113,0.917903,0.999172,1,-0.210034,1
corrected,243-R-mPFC-S1-NE_2023_01_18,38,2,Engaged,0.0877975,0.000369456,0.911833,0.508981,1,-0.9405,0.1
corrected,243-R-mPFC-S1-NE_2023_01_18,39,2,Engaged,0.0927174,0.00352047,0.903762,0.269032,0,-0.351716,0.05
corrected,243-R-mPFC-S1-NE_2023_01_18,40,2,Engaged,0.106568,0.000524406,0.892907,0.997525,1,-0.880486,0.5
corrected,243-R-mPFC-S1-NE_2023_01_18,41,2,Engaged,0.121358,0.000313624,0.878329,0.963002,1,-0.536745,0.25
corrected,243-R-mPFC-S1-NE_2023_01_18,42,2,Engaged,0.136063,0.00227587,0.861661,0.998719,1,-0.733009,1
corrected,243-R-mPFC-S1-NE_2023_01_18,43,2,Engaged,0.14973,0.00362951,0.846641,0.222128,0,-1.04652,0.025
corrected,243-R-mPFC-S1-NE_2023_01_18,44,2,Engaged,0.19544,0.000582809,0.803977,0.995857,1,-0.795076,0.5
corrected,243-R-mPFC-S1-NE_2023_01_18,45,2,Engaged,0.249762,0.000831682,0.749407,0.955457,1,-0.104119,0.25
corrected,243-R-mPFC-S1-NE_2023_01_18,46,2,Engaged,0.297952,0.00586735,0.696181,0.259122,0,-0.713338,0
corrected,243-R-mPFC-S1-NE_2023_01_18,47,2,Engaged,0.448829,0.00166999,0.549501,0.62498,1,-0.518094,0.1
corrected,243-R-mPFC-S1-NE_2023_01_18,48,0,Liberal,0.534903,0.0101067,0.45499,0.500877,0,-0.588035,0.05
corrected,243-R-mPFC-S1-NE_2023_01_18,49,0,Liberal,0.832632,0.000681057,0.166687,0.659613,1,-0.266026,0.05
corrected,243-R-mPFC-S1-NE_2023_01_18,50,0,Liberal,0.925659,0.000251125,0.0740897,0.779577,1,0.0610643,0.1
corrected,243-R-mPFC-S1-NE_2023_01_18,51,0,Liberal,0.968995,9.08077e-05,0.0309138,0.731608,1,-0.805424,0.05
corrected,243-R-mPFC-S1-NE_2023_01_18,52,0,Liberal,0.98113,0.000164234,0.0187059,0.999183,1,-0.988966,1
corrected,243-R-mPFC-S1-NE_2023_01_18,53,0,Liberal,0.994938,1.89247e-05,0.00504282,0.713512,1,-0.545186,0.025
corrected,243-R-mPFC-S1-NE_2023_01_18,54,0,Liberal,0.997879,6.42057e-06,0.00211422,0.803006,1,-0.0750645,0.1
corrected,243-R-mPFC-S1-NE_2023_01_18,55,0,Liberal,0.999387,1.53764e-06,0.000611914,0.747645,1,-0.599821,0.05
corrected,243-R-mPFC-S1-NE_2023_01_18,56,0,Liberal,0.999934,1.12883e-06,6.5101e-05,0.682631,1,0.176156,0
corrected,243-R-mPFC-S1-NE_2023_01_18,57,0,Liberal,0.999984,1.03223e-07,1.62328e-05,0.682662,1,-0.731037,0
corrected,243-R-mPFC-S1-NE_2023_01_18,58,0,Liberal,0.999988,1.74463e-08,1.22688e-05,0.803689,1,-0.540193,0.1
corrected,243-R-mPFC-S1-NE_2023_01_18,59,0,Liberal,0.999993,4.97151e-08,7.35241e-06,0.747965,1,0.635151,0.05
corrected,243-R-mPFC-S1-NE_2023_01_18,60,0,Liberal,0.999989,3.21394e-08,1.07903e-05,0.682665,1,-0.545254,0
corrected,243-R-mPFC-S1-NE_2023_01_18,61,0,Liberal,0.999953,1.766e-07,4.66663e-05,0.981719,1,-0.033826,0.5
corrected,243-R-mPFC-S1-NE_2023_01_18,62,0,Liberal,0.999914,2.03354e-07,8.59205e-05,0.747923,1,-0.61509,0.05
corrected,243-R-mPFC-S1-NE_2023_01_18,63,0,Liberal,0.999776,2.58627e-06,0.000221577,0.716324,0,-0.608913,0.025
corrected,243-R-mPFC-S1-NE_2023_01_18,64,0,Liberal,0.999752,1.83743e-06,0.000245724,0.999254,1,0.389565,1
corrected,243-R-mPFC-S1-NE_2023_01_18,65,0,Liberal,0.999727,2.87961e-07,0.0002726,0.747825,1,0.0204241,0.05
corrected,243-R-mPFC-S1-NE_2023_01_18,66,0,Liberal,0.999633,1.85336e-06,0.000364955,0.999254,1,0.825465,1
corrected,243-R-mPFC-S1-NE_2023_01_18,67,0,Liberal,0.999526,1.09441e-06,0.000472428,0.981726,1,0.34536,0.5
corrected,243-R-mPFC-S1-NE_2023_01_18,68,0,Liberal,0.999413,2.70445e-06,0.000584615,0.981726,1,0.064527,0.5
corrected,243-R-mPFC-S1-NE_2023_01_18,69,0,Liberal,0.999285,1.47499e-05,0.000699987,0.747589,0,-0.271605,0.05
corrected,243-R-mPFC-S1-NE_2023_01_18,70,0,Liberal,0.999276,1.70195e-05,0.000706653,0.716032,0,0.0883297,0.025
corrected,243-R-mPFC-S1-NE_2023_01_18,71,0,Liberal,0.999359,3.12076e-06,0.000638348,0.981727,1,-0.0159932,0.5
corrected,243-R-mPFC-S1-NE_2023_01_18,72,0,Liberal,0.999424,3.41982e-07,0.000575202,0.747665,1,-0.490646,0.05
corrected,243-R-mPFC-S1-NE_2023_01_18,73,0,Liberal,0.999418,2.18141e-07,0.000581933,0.914912,1,-0.109653,0.25
corrected,243-R-mPFC-S1-NE_2023_01_18,74,0,Liberal,0.999411,2.63666e-07,0.000588825,0.747658,1,-0.484753,0.05
corrected,243-R-mPFC-S1-NE_2023_01_18,75,0,Liberal,0.999308,4.76203e-07,0.000691379,0.98173,1,-0.593358,0.5
corrected,243-R-mPFC-S1-NE_2023_01_18,76,0,Liberal,0.999222,2.28604e-06,0.000775973,0.999254,1,-0.18605,1
corrected,243-R-mPFC-S1-NE_2023_01_18,77,0,Liberal,0.99912,6.53908e-07,0.0008797,0.747505,1,-0.785324,0.05
corrected,243-R-mPFC-S1-NE_2023_01_18,78,0,Liberal,0.998718,3.60812e-07,0.00128181,0.981741,1,-1.02284,0.5
corrected,243-R-mPFC-S1-NE_2023_01_18,79,0,Liberal,0.998451,8.31522e-07,0.00154806,0.914965,1,0.335597,0.25
corrected,243-R-mPFC-S1-NE_2023_01_18,80,0,Liberal,0.998109,5.85777e-07,0.00189034,0.999256,1,-0.727726,1
corrected,243-R-mPFC-S1-NE_2023_01_18,81,0,Liberal,0.997995,1.933e-05,0.0019855,0.803037,1,3.93011,0.1
corrected,243-R-mPFC-S1-NE_2023_01_18,82,0,Liberal,0.997564,9.43662e-05,0.00234207,0.715029,0,2.01557,0.025
corrected,243-R-mPFC-S1-NE_2023_01_18,83,0,Liberal,0.99741,8.60026e-05,0.00250379,0.746587,0,1.11594,0.05
corrected,243-R-mPFC-S1-NE_2023_01_18,84,0,Liberal,0.997422,6.51103e-06,0.00257153,0.915016,1,0.475119,0.25
corrected,243-R-mPFC-S1-NE_2023_01_18,85,0,Liberal,0.997423,4.28507e-06,0.00257277,0.999254,1,0.616669,1
corrected,243-R-mPFC-S1-NE_2023_01_18,86,0,Liberal,0.99745,4.36332e-06,0.0025453,0.714973,1,1.48216,0.025
corrected,243-R-mPFC-S1-NE_2023_01_18,87,0,Liberal,0.997098,2.13712e-06,0.00290016,0.746438,1,0.241152,0.05
corrected,243-R-mPFC-S1-NE_2023_01_18,88,0,Liberal,0.995741,1.30248e-06,0.00425785,0.802318,1,-0.0881769,0.1
corrected,243-R-mPFC-S1-NE_2023_01_18,89,0,Liberal,0.993705,3.80597e-06,0.00629169,0.712797,1,0.352588,0.025
corrected,243-R-mPFC-S1-NE_2023_01_18,90,0,Liberal,0.985121,2.53617e-05,0.0148538,0.74012,1,1.30654,0.05
corrected,243-R-mPFC-S1-NE_2023_01_18,91,0,Liberal,0.963014,0.0012722,0.0357133,0.998623,1,3.06262,1
corrected,243-R-mPFC-S1-NE_2023_01_18,92,0,Liberal,0.925808,0.00121038,0.0729818,0.637879,0,1.22808,0
corrected,243-R-mPFC-S1-NE_2023_01_18,93,0,Liberal,0.915612,0.00108791,0.0833006,0.998753,1,2.43211,1
corrected,243-R-mPFC-S1-NE_2023_01_18,94,0,Liberal,0.900857,0.000201116,0.0989415,0.771591,1,1.21776,0.1
corrected,243-R-mPFC-S1-NE_2023_01_18,95,0,Liberal,0.874151,0.000519753,0.125329,0.999079,1,1.09123,1
corrected,243-R-mPFC-S1-NE_2023_01_18,96,0,Liberal,0.845463,0.000564017,0.153973,0.984043,1,0.931893,0.5
corrected,243-R-mPFC-S1-NE_2023_01_18,97,0,Liberal,0.815632,0.00279094,0.181577,0.609053,0,0.956194,0.025
corrected,243-R-mPFC-S1-NE_2023_01_18,98,0,Liberal,0.807421,0.0178233,0.174756,0.733596,1,4.7194,0.1
corrected,243-R-mPFC-S1-NE_2023_01_18,99,0,Liberal,0.774088,0.0403586,0.185553,0.580896,0,1.53132,0.025
corrected,243-R-mPFC-S1-NE_2023_01_18,100,0,Liberal,0.763011,0.0465363,0.190453,0.537301,0,0.737371,0
corrected,243-R-mPFC-S1-NE_2023_01_19,1,2,Engaged,0.118769,0.000940884,0.88029,0.283255,1,-0.481858,0.05
corrected,243-R-mPFC-S1-NE_2023_01_19,2,2,Engaged,0.111716,0.00017224,0.888112,0.963662,1,-0.190874,0.25
corrected,243-R-mPFC-S1-NE_2023_01_19,3,2,Engaged,0.104568,0.000145279,0.895286,0.514496,1,-0.419626,0.1
corrected,243-R-mPFC-S1-NE_2023_01_19,4,2,Engaged,0.0926681,0.000587966,0.906744,0.997723,1,-0.366928,0.5
corrected,243-R-mPFC-S1-NE_2023_01_19,5,2,Engaged,0.0792251,0.00207104,0.918704,0.127464,0,-0.825381,0
corrected,243-R-mPFC-S1-NE_2023_01_19,6,2,Engaged,0.0746484,0.000777567,0.924574,0.260028,1,-0.825262,0.05
corrected,243-R-mPFC-S1-NE_2023_01_19,7,2,Engaged,0.059326,0.00240134,0.938273,0.11545,0,-0.723991,0
corrected,243-R-mPFC-S1-NE_2023_01_19,8,2,Engaged,0.0544355,0.00180768,0.943757,0.999022,1,-0.472031,1
corrected,243-R-mPFC-S1-NE_2023_01_19,9,2,Engaged,0.0492631,0.000646076,0.950091,0.246671,1,-0.673454,0.05
corrected,243-R-mPFC-S1-NE_2023_01_19,10,2,Engaged,0.0349146,0.00405566,0.96103,0.23846,0,0.153715,0.05
corrected,243-R-mPFC-S1-NE_2023_01_19,11,2,Engaged,0.0311101,0.00660478,0.962285,0.0982142,0,0.94739,0
corrected,243-R-mPFC-S1-NE_2023_01_19,12,2,Engaged,0.0294227,0.000795359,0.969782,0.489943,1,-0.0363404,0.1
corrected,243-R-mPFC-S1-NE_2023_01_19,13,2,Engaged,0.0263484,0.000587792,0.973064,0.234603,1,-0.26165,0.05
corrected,243-R-mPFC-S1-NE_2023_01_19,14,2,Engaged,0.0152665,0.00174234,0.982991,0.144218,0,-0.423899,0.025
corrected,243-R-mPFC-S1-NE_2023_01_19,15,2,Engaged,0.0119965,0.000505761,0.987498,0.968853,1,-0.0513068,0.25
corrected,243-R-mPFC-S1-NE_2023_01_19,16,2,Engaged,0.00938254,0.00701465,0.983603,0.996357,1,0.763769,1
corrected,243-R-mPFC-S1-NE_2023_01_19,17,2,Engaged,0.00524509,0.00677782,0.987977,0.137857,0,-0.955301,0.025
corrected,243-R-mPFC-S1-NE_2023_01_19,18,2,Engaged,0.00414558,0.00728936,0.988565,0.0819217,0,-0.200297,0
corrected,243-R-mPFC-S1-NE_2023_01_19,19,2,Engaged,0.00374387,0.00324019,0.993016,0.998318,1,-0.542161,1
corrected,243-R-mPFC-S1-NE_2023_01_19,20,2,Engaged,0.00338071,0.0021056,0.994514,0.998906,1,-0.150986,1
corrected,243-R-mPFC-S1-NE_2023_01_19,21,2,Engaged,0.00302048,0.00123687,0.995743,0.998794,1,-0.0729226,0.5
corrected,243-R-mPFC-S1-NE_2023_01_19,22,2,Engaged,0.00265847,0.004518,0.992824,0.081174,0,-0.0211756,0
corrected,243-R-mPFC-S1-NE_2023_01_19,23,2,Engaged,0.00251027,0.000704685,0.996785,0.969194,1,-1.09542,0.25
corrected,243-R-mPFC-S1-NE_2023_01_19,24,2,Engaged,0.00237024,0.00291182,0.994718,0.136601,0,-1.01593,0.025
corrected,243-R-mPFC-S1-NE_2023_01_19,25,2,Engaged,0.0023905,0.00314676,0.994463,0.0810862,0,-0.746993,0
corrected,243-R-mPFC-S1-NE_2023_01_19,26,2,Engaged,0.00258052,0.000843259,0.996576,0.999142,1,-0.701815,0.5
corrected,243-R-mPFC-S1-NE_2023_01_19,27,2,Engaged,0.00275165,0.0010785,0.99617,0.999439,1,-0.886914,1
corrected,243-R-mPFC-S1-NE_2023_01_19,28,2,Engaged,0.00290982,0.000236152,0.996854,0.969598,1,-1.09287,0.25
corrected,243-R-mPFC-S1-NE_2023_01_19,29,2,Engaged,0.00309175,0.00201061,0.994898,0.222073,0,-0.79241,0.05
corrected,243-R-mPFC-S1-NE_2023_01_19,30,2,Engaged,0.00373061,0.000439256,0.99583,0.99947,1,-0.788595,0.5
corrected,243-R-mPFC-S1-NE_2023_01_19,31,2,Engaged,0.00435861,0.000240425,0.995401,0.223077,1,-0.793463,0.05
corrected,243-R-mPFC-S1-NE_2023_01_19,32,2,Engaged,0.00451323,0.000103324,0.995383,0.969631,1,-0.756783,0.25
corrected,243-R-mPFC-S1-NE_2023_01_19,33,2,Engaged,0.00468185,0.000212707,0.995105,0.969522,1,-0.682139,0.25
corrected,243-R-mPFC-S1-NE_2023_01_19,34,2,Engaged,0.00486296,0.00235265,0.992784,0.138109,0,-0.643679,0.025
corrected,243-R-mPFC-S1-NE_2023_01_19,35,2,Engaged,0.0054444,0.000251301,0.994304,0.482442,1,-1.09909,0.1
corrected,243-R-mPFC-S1-NE_2023_01_19,36,2,Engaged,0.00578082,0.000374793,0.993844,0.223801,1,-0.91327,0.05
corrected,243-R-mPFC-S1-NE_2023_01_19,37,2,Engaged,0.00583561,0.0028834,0.991281,0.138617,0,-0.337746,0.025
corrected,243-R-mPFC-S1-NE_2023_01_19,38,2,Engaged,0.00613432,0.00031866,0.993547,0.482635,1,-0.979533,0.1
corrected,243-R-mPFC-S1-NE_2023_01_19,39,2,Engaged,0.00626467,0.000189581,0.993546,0.482735,1,-1.08509,0.1
corrected,243-R-mPFC-S1-NE_2023_01_19,40,2,Engaged,0.00630693,0.00189732,0.991796,0.138997,0,-0.68598,0.025
corrected,243-R-mPFC-S1-NE_2023_01_19,41,2,Engaged,0.00664136,0.000395636,0.992963,0.224251,1,-0.765318,0.05
corrected,243-R-mPFC-S1-NE_2023_01_19,42,2,Engaged,0.00666217,0.000311442,0.993026,0.999527,1,-0.571067,0.5
corrected,243-R-mPFC-S1-NE_2023_01_19,43,2,Engaged,0.00667475,0.000435784,0.992889,0.224261,1,-0.718563,0.05
corrected,243-R-mPFC-S1-NE_2023_01_19,44,2,Engaged,0.00636857,0.00129779,0.992334,0.999322,1,-0.940141,1
corrected,243-R-mPFC-S1-NE_2023_01_19,45,2,Engaged,0.00610588,0.00320265,0.990691,0.13874,0,-0.425097,0.025
corrected,243-R-mPFC-S1-NE_2023_01_19,46,2,Engaged,0.00607936,0.000498668,0.993422,0.223935,1,-0.903474,0.05
corrected,243-R-mPFC-S1-NE_2023_01_19,47,2,Engaged,0.00575017,0.000215776,0.994034,0.482557,1,-0.686738,0.1
corrected,243-R-mPFC-S1-NE_2023_01_19,48,2,Engaged,0.0050908,0.000362023,0.994547,0.22344,1,-1.12385,0.05
corrected,243-R-mPFC-S1-NE_2023_01_19,49,2,Engaged,0.00266561,0.0010523,0.996282,0.0813645,0,-1.34527,0
corrected,243-R-mPFC-S1-NE_2023_01_19,50,2,Engaged,0.00196898,0.000148372,0.997883,0.96973,1,-0.732017,0.25
corrected,243-R-mPFC-S1-NE_2023_01_19,51,2,Engaged,0.00136009,0.00055156,0.998088,0.999416,1,-0.425273,0.5
corrected,243-R-mPFC-S1-NE_2023_01_19,52,2,Engaged,0.000684667,0.00197761,0.997338,0.0801206,0,-0.801888,0
corrected,243-R-mPFC-S1-NE_2023_01_19,53,2,Engaged,0.000477363,0.00155635,0.997966,0.998564,1,-0.438116,0.5
corrected,243-R-mPFC-S1-NE_2023_01_19,54,2,Engaged,0.000242609,0.00499017,0.994767,0.0796923,0,-0.808046,0
corrected,243-R-mPFC-S1-NE_2023_01_19,55,2,Engaged,0.00016851,0.00679478,0.993037,0.134906,0,-0.612224,0.025
corrected,243-R-mPFC-S1-NE_2023_01_19,56,2,Engaged,0.000150719,0.00529764,0.994552,0.997254,1,-0.685769,1
corrected,243-R-mPFC-S1-NE_2023_01_19,57,2,Engaged,0.000130811,0.00651844,0.993351,0.0795428,0,-0.54376,0
corrected,243-R-mPFC-S1-NE_2023_01_19,58,2,Engaged,0.00013644,0.00281689,0.997047,0.99854,1,-1.05682,1
corrected,243-R-mPFC-S1-NE_2023_01_19,59,2,Engaged,0.000140879,0.00166471,0.998194,0.999137,1,-0.732386,1
corrected,243-R-mPFC-S1-NE_2023_01_19,60,2,Engaged,0.000144222,0.00109097,0.998765,0.220694,1,-0.470305,0.05
corrected,243-R-mPFC-S1-NE_2023_01_19,61,2,Engaged,9.25521e-05,0.00245077,0.997457,0.135328,0,-1.00995,0.025
corrected,243-R-mPFC-S1-NE_2023_01_19,62,2,Engaged,8.3276e-05,0.00207672,0.99784,0.998923,1,-0.608403,1
corrected,243-R-mPFC-S1-NE_2023_01_19,63,2,Engaged,6.77252e-05,0.00058702,0.999345,0.480557,1,-1.09672,0.1
corrected,243-R-mPFC-S1-NE_2023_01_19,64,2,Engaged,3.25685e-05,0.00333294,0.996634,0.0796547,0,-1.06038,0
corrected,243-R-mPFC-S1-NE_2023_01_19,65,2,Engaged,2.23521e-05,0.00400274,0.995975,0.997925,1,-0.953021,1
corrected,243-R-mPFC-S1-NE_2023_01_19,66,2,Engaged,1.05108e-05,0.00820665,0.991783,0.477155,0,-0.588883,0.1
corrected,243-R-mPFC-S1-NE_2023_01_19,67,2,Engaged,5.54903e-06,0.00315178,0.996843,0.22023,0,-1.10865,0.05
corrected,243-R-mPFC-S1-NE_2023_01_19,68,2,Engaged,7.25118e-06,0.000617602,0.999375,0.969411,1,0.275783,0.25
corrected,243-R-mPFC-S1-NE_2023_01_19,69,2,Engaged,7.85581e-06,0.00766204,0.99233,0.996028,1,1.39812,1
corrected,243-R-mPFC-S1-NE_2023_01_19,70,2,Engaged,4.81523e-06,0.0181946,0.981801,0.0788396,0,1.24724,0
corrected,243-R-mPFC-S1-NE_2023_01_19,71,2,Engaged,5.30055e-06,0.0290837,0.970911,0.132425,0,1.63542,0.025
corrected,243-R-mPFC-S1-NE_2023_01_19,72,2,Engaged,6.33425e-06,0.00303011,0.996964,0.0796551,0,-0.913837,0
corrected,243-R-mPFC-S1-NE_2023_01_19,73,2,Engaged,1.82921e-05,0.00108322,0.998898,0.968988,1,2.25614,0.25
corrected,243-R-mPFC-S1-NE_2023_01_19,74,2,Engaged,2.468e-05,0.00335392,0.996621,0.998261,1,1.72619,1
corrected,243-R-mPFC-S1-NE_2023_01_19,75,2,Engaged,2.79967e-05,0.0071765,0.992796,0.99628,1,1.93596,1
corrected,243-R-mPFC-S1-NE_2023_01_19,76,2,Engaged,2.1525e-05,0.0025101,0.997468,0.997749,1,-0.00709878,0.5
corrected,243-R-mPFC-S1-NE_2023_01_19,77,2,Engaged,1.34628e-05,0.00717522,0.992811,0.0794367,0,0.532662,0
corrected,243-R-mPFC-S1-NE_2023_01_19,78,2,Engaged,1.25382e-05,0.00693714,0.99305,0.996404,1,0.217053,1
corrected,243-R-mPFC-S1-NE_2023_01_19,79,2,Engaged,7.93197e-06,0.00787574,0.992116,0.134697,0,0.0153711,0.025
corrected,243-R-mPFC-S1-NE_2023_01_19,80,2,Engaged,9.06022e-06,0.0063374,0.993654,0.994443,1,0.190522,0.5
corrected,243-R-mPFC-S1-NE_2023_01_19,81,2,Engaged,6.27716e-06,0.0168962,0.983097,0.0789102,0,-0.0331503,0
corrected,243-R-mPFC-S1-NE_2023_01_19,82,2,Engaged,9.5928e-06,0.0464585,0.953532,0.959793,1,1.31672,0.5
corrected,243-R-mPFC-S1-NE_2023_01_19,83,2,Engaged,4.86178e-06,0.124902,0.875093,0.0731072,0,-0.0125914,0
corrected,243-R-mPFC-S1-NE_2023_01_19,84,2,Engaged,3.52332e-06,0.344875,0.655122,0.15536,0,1.3308,0.05
corrected,243-R-mPFC-S1-NE_2023_01_19,85,1,Conservative,9.4712e-07,0.990606,0.00939287,0.0695851,0,3.13888,0.25
corrected,243-R-mPFC-S1-NE_2023_01_19,86,1,Conservative,1.02084e-06,0.994825,0.00517443,0.0319812,0,1.53647,0.05
corrected,243-R-mPFC-S1-NE_2023_01_19,87,1,Conservative,2.42758e-06,0.99981,0.000187771,0.136436,0,1.44684,0.5
corrected,243-R-mPFC-S1-NE_2023_01_19,88,1,Conservative,4.59546e-05,0.623335,0.376619,0.676872,1,1.74732,1
corrected,243-R-mPFC-S1-NE_2023_01_19,89,1,Conservative,4.64428e-05,0.526718,0.473236,0.0791554,0,2.61714,0.025
corrected,243-R-mPFC-S1-NE_2023_01_19,90,2,Engaged,9.47084e-05,0.249855,0.750051,0.784129,1,1.55715,0.5
corrected,243-R-mPFC-S1-NE_2023_01_19,91,2,Engaged,8.53527e-05,0.157592,0.842323,0.118709,0,0.393648,0.025
corrected,243-R-mPFC-S1-NE_2023_01_19,92,2,Engaged,0.00011936,0.00888557,0.990995,0.992241,1,-0.105585,0.5
corrected,243-R-mPFC-S1-NE_2023_01_19,93,2,Engaged,0.00012449,0.00246281,0.997413,0.967728,1,1.23777,0.25
corrected,243-R-mPFC-S1-NE_2023_01_19,94,2,Engaged,0.000119061,0.00354679,0.996334,0.998161,1,0.359681,1
corrected,243-R-mPFC-S1-NE_2023_01_19,95,2,Engaged,0.000118415,0.0144287,0.985453,0.99252,1,1.7147,1
corrected,243-R-mPFC-S1-NE_2023_01_19,96,2,Engaged,9.88162e-05,0.0125391,0.987362,0.218497,0,-0.431897,0.05
corrected,243-R-mPFC-S1-NE_2023_01_19,97,2,Engaged,0.000110247,0.0101076,0.989782,0.134518,0,0.0896923,0.025
corrected,243-R-mPFC-S1-NE_2023_01_19,98,2,Engaged,0.000161371,0.00158268,0.998256,0.998547,1,-0.270649,0.5
corrected,243-R-mPFC-S1-NE_2023_01_19,99,2,Engaged,0.000203518,0.000797622,0.998999,0.220781,1,-0.222533,0.05
corrected,243-R-mPFC-S1-NE_2023_01_19,100,2,Engaged,0.000195944,0.00306941,0.996735,0.0797673,0,0.00800267,0
corrected,243-R-mPFC-S1-NE_2023_01_19,101,2,Engaged,0.000218722,0.000385356,0.999396,0.480695,1,-0.597043,0.1
corrected,243-R-mPFC-S1-NE_2023_01_19,102,2,Engaged,0.000217274,0.000494211,0.999289,0.220846,1,-0.651031,0.05
corrected,243-R-mPFC-S1-NE_2023_01_19,103,2,Engaged,0.000164525,0.00385428,0.995981,0.0797062,0,-0.0893028,0
corrected,243-R-mPFC-S1-NE_2023_01_19,104,2,Engaged,0.00015179,0.00276386,0.997084,0.998567,1,-0.494974,1
corrected,243-R-mPFC-S1-NE_2023_01_19,105,2,Engaged,0.000136558,0.00251045,0.997353,0.998699,1,-0.41534,1
corrected,243-R-mPFC-S1-NE_2023_01_19,106,2,Engaged,0.000118768,0.00279202,0.997089,0.135306,0,-0.348773,0.025
corrected,243-R-mPFC-S1-NE_2023_01_19,107,2,Engaged,0.000130649,0.00028314,0.999586,0.480712,1,-0.233044,0.1
corrected,243-R-mPFC-S1-NE_2023_01_19,108,2,Engaged,0.000125783,0.000244141,0.99963,0.969744,1,-0.0255902,0.25
corrected,243-R-mPFC-S1-NE_2023_01_19,109,2,Engaged,0.000114207,0.00074998,0.999136,0.999611,1,-0.693906,1
corrected,243-R-mPFC-S1-NE_2023_01_19,110,2,Engaged,9.99759e-05,0.000115816,0.999784,0.969862,1,-0.682218,0.25
corrected,243-R-mPFC-S1-NE_2023_01_19,111,2,Engaged,8.58895e-05,0.000132626,0.999781,0.480765,1,-0.478421,0.1
corrected,243-R-mPFC-S1-NE_2023_01_19,112,2,Engaged,5.75899e-05,0.0012536,0.998689,0.998833,1,0.0847655,0.5
corrected,243-R-mPFC-S1-NE_2023_01_19,113,2,Engaged,2.06004e-05,0.00585039,0.994129,0.134922,0,-0.429357,0.025
corrected,243-R-mPFC-S1-NE_2023_01_19,114,2,Engaged,8.50828e-06,0.00701825,0.992973,0.13479,0,-0.497289,0.025
corrected,243-R-mPFC-S1-NE_2023_01_19,115,2,Engaged,6.42219e-06,0.00899376,0.991,0.134577,0,0.272256,0.025
corrected,243-R-mPFC-S1-NE_2023_01_19,116,2,Engaged,7.25113e-06,0.00216839,0.997824,0.968002,1,-0.628602,0.25
corrected,243-R-mPFC-S1-NE_2023_01_19,117,2,Engaged,5.68034e-06,0.0105082,0.989486,0.218833,0,-0.102685,0.05
corrected,243-R-mPFC-S1-NE_2023_01_19,118,2,Engaged,8.1612e-06,0.0141225,0.985869,0.474528,0,-0.144279,0.1
corrected,243-R-mPFC-S1-NE_2023_01_19,119,2,Engaged,1.58806e-05,0.00635331,0.993631,0.219627,1,-0.589078,0.05
corrected,243-R-mPFC-S1-NE_2023_01_19,120,2,Engaged,8.17719e-06,0.0167794,0.983212,0.133744,0,0.0904842,0.025
corrected,243-R-mPFC-S1-NE_2023_01_19,121,2,Engaged,8.80637e-06,0.0411983,0.958793,0.462506,0,1.31928,0.1
corrected,243-R-mPFC-S1-NE_2023_01_19,122,2,Engaged,1.20277e-05,0.0285565,0.971431,0.0782873,0,-0.289146,0
corrected,243-R-mPFC-S1-NE_2023_01_19,123,2,Engaged,2.64695e-05,0.0218123,0.978161,0.133216,0,0.386989,0.025
corrected,243-R-mPFC-S1-NE_2023_01_19,124,2,Engaged,6.99057e-05,0.00199889,0.997931,0.479931,1,-0.296711,0.1
corrected,243-R-mPFC-S1-NE_2023_01_19,125,2,Engaged,9.04529e-05,0.0048239,0.995086,0.997499,1,0.874954,1
corrected,243-R-mPFC-S1-NE_2023_01_19,126,2,Engaged,9.96199e-05,0.00384981,0.996051,0.135182,0,-0.292693,0.025
corrected,243-R-mPFC-S1-NE_2023_01_19,127,2,Engaged,0.000150934,0.000799454,0.99905,0.48049,1,-0.00477831,0.1
corrected,243-R-mPFC-S1-NE_2023_01_19,128,2,Engaged,0.000184249,0.00750733,0.992308,0.0795219,0,1.12285,0
corrected,243-R-mPFC-S1-NE_2023_01_19,129,2,Engaged,0.000265376,0.00398126,0.995753,0.997936,1,-0.11117,1
corrected,243-R-mPFC-S1-NE_2023_01_19,130,2,Engaged,0.00034134,0.00227414,0.997385,0.997947,1,-0.0429966,0.5
corrected,243-R-mPFC-S1-NE_2023_01_19,131,2,Engaged,0.000454055,0.0244065,0.975139,0.470106,0,1.62184,0.1
corrected,243-R-mPFC-S1-NE_2023_01_19,132,2,Engaged,0.000688984,0.0157226,0.983588,0.134253,0,0.0275412,0.025
corrected,243-R-mPFC-S1-NE_2023_01_19,133,2,Engaged,0.00142029,0.000754782,0.997825,0.480919,1,-0.188098,0.1
corrected,243-R-mPFC-S1-NE_2023_01_19,134,2,Engaged,0.00183904,0.00053344,0.997628,0.221693,1,0.68026,0.05
corrected,243-R-mPFC-S1-NE_2023_01_19,135,2,Engaged,0.00191652,0.000325038,0.997758,0.999601,1,0.0918742,0.5
corrected,243-R-mPFC-S1-NE_2023_01_19,136,2,Engaged,0.00198116,1.76266e-05,0.998001,0.969848,1,-0.215014,0.25
corrected,243-R-mPFC-S1-NE_2023_01_19,137,2,Engaged,0.00219334,0.0031752,0.994631,0.966966,1,3.85896,0.25
corrected,243-R-mPFC-S1-NE_2023_01_19,138,2,Engaged,0.00228843,0.00932405,0.988388,0.477395,0,1.71437,0.1
corrected,243-R-mPFC-S1-NE_2023_01_19,139,2,Engaged,0.0025498,0.000402692,0.997048,0.969467,1,0.689458,0.25
corrected,243-R-mPFC-S1-NE_2023_01_19,140,2,Engaged,0.00292578,0.00327715,0.993797,0.221745,0,2.78133,0.05
corrected,243-R-mPFC-S1-NE_2023_01_19,141,2,Engaged,0.0040854,0.00343912,0.992475,0.996872,1,3.46131,0.5
corrected,243-R-mPFC-S1-NE_2023_01_19,142,2,Engaged,0.00470632,0.00161368,0.99368,0.968247,1,1.3424,0.25
corrected,243-R-mPFC-S1-NE_2023_01_19,143,2,Engaged,0.00517903,0.00450707,0.990314,0.0826942,0,0.439362,0
corrected,243-R-mPFC-S1-NE_2023_01_19,144,2,Engaged,0.00709814,0.0109197,0.981982,0.994334,1,1.72302,1
corrected,243-R-mPFC-S1-NE_2023_01_19,145,2,Engaged,0.00861312,0.0148725,0.976514,0.0842076,0,0.902643,0
corrected,243-R-mPFC-S1-NE_2023_01_19,146,2,Engaged,0.0119881,0.0013703,0.986642,0.226884,1,-0.750835,0.05
corrected,243-R-mPFC-S1-NE_2023_01_19,147,2,Engaged,0.012937,0.000694579,0.986368,0.227513,1,-0.0642962,0.05
corrected,243-R-mPFC-S1-NE_2023_01_19,148,2,Engaged,0.0131384,0.0017177,0.985144,0.9991,1,-0.168752,1
corrected,243-R-mPFC-S1-NE_2023_01_19,149,2,Engaged,0.0133751,0.00385839,0.982767,0.996341,1,0.251955,0.5
corrected,243-R-mPFC-S1-NE_2023_01_20,1,2,Engaged,0.0389203,0.00151599,0.959564,0.49269,1,-0.484282,0.1
corrected,243-R-mPFC-S1-NE_2023_01_20,2,2,Engaged,0.0346955,0.00280887,0.962496,0.155391,0,-0.538183,0.025
corrected,243-R-mPFC-S1-NE_2023_01_20,3,2,Engaged,0.0333853,0.00132694,0.965288,0.238172,1,-0.4439,0.05
corrected,243-R-mPFC-S1-NE_2023_01_20,4,2,Engaged,0.0286017,0.00358997,0.967808,0.235221,0,-0.552277,0.05
corrected,243-R-mPFC-S1-NE_2023_01_20,5,2,Engaged,0.026946,0.00119526,0.971859,0.234803,1,-0.889517,0.05
corrected,243-R-mPFC-S1-NE_2023_01_20,6,2,Engaged,0.0217451,0.00404019,0.974215,0.147736,0,-0.496655,0.025
corrected,243-R-mPFC-S1-NE_2023_01_20,7,2,Engaged,0.0199041,0.00251722,0.977579,0.99868,1,-0.844692,1
corrected,243-R-mPFC-S1-NE_2023_01_20,8,2,Engaged,0.018001,0.00136799,0.980631,0.999277,1,-0.964246,1
corrected,243-R-mPFC-S1-NE_2023_01_20,9,2,Engaged,0.0162305,0.000579868,0.98319,0.229271,1,-0.70981,0.05
corrected,243-R-mPFC-S1-NE_2023_01_20,10,2,Engaged,0.00964346,0.000932911,0.989424,0.998936,1,-1.00216,0.5
corrected,243-R-mPFC-S1-NE_2023_01_20,11,2,Engaged,0.0036946,0.00822302,0.988082,0.0815997,0,-0.547277,0
corrected,243-R-mPFC-S1-NE_2023_01_20,12,2,Engaged,0.00151145,0.0110571,0.987431,0.219523,0,-0.838188,0.05
corrected,243-R-mPFC-S1-NE_2023_01_20,13,2,Engaged,0.000803437,0.00990457,0.989292,0.0797664,0,-0.909701,0
corrected,243-R-mPFC-S1-NE_2023_01_20,14,2,Engaged,0.000554183,0.00581072,0.993635,0.135236,0,-1.05767,0.025
corrected,243-R-mPFC-S1-NE_2023_01_20,15,2,Engaged,0.000486843,0.000519853,0.998993,0.969474,1,-0.805549,0.25
corrected,243-R-mPFC-S1-NE_2023_01_20,16,2,Engaged,0.000419248,0.000683383,0.998897,0.999319,1,-0.846629,0.5
corrected,243-R-mPFC-S1-NE_2023_01_20,17,2,Engaged,0.000349942,0.00381629,0.995834,0.220285,0,-0.796808,0.05
corrected,243-R-mPFC-S1-NE_2023_01_20,18,2,Engaged,0.000354481,0.00700188,0.992644,0.134992,0,0.0442727,0.025
corrected,243-R-mPFC-S1-NE_2023_01_20,19,2,Engaged,0.000401385,0.000558027,0.999041,0.480678,1,-1.22372,0.1
corrected,243-R-mPFC-S1-NE_2023_01_20,20,2,Engaged,0.000411342,0.000273979,0.999315,0.22099,1,-1.21015,0.05
corrected,243-R-mPFC-S1-NE_2023_01_20,21,2,Engaged,0.000356941,0.000913395,0.99873,0.999526,1,-0.834733,1
corrected,243-R-mPFC-S1-NE_2023_01_20,22,2,Engaged,0.000296154,0.000309415,0.999394,0.999644,1,-1.02473,0.5
corrected,243-R-mPFC-S1-NE_2023_01_20,23,2,Engaged,0.00024361,0.00117948,0.998577,0.999388,1,-0.492696,1
corrected,243-R-mPFC-S1-NE_2023_01_20,24,2,Engaged,0.000181291,0.000566791,0.999252,0.999424,1,-0.8657,0.5
corrected,243-R-mPFC-S1-NE_2023_01_20,25,2,Engaged,0.000120343,0.00224047,0.997639,0.998838,1,-0.667415,1
corrected,243-R-mPFC-S1-NE_2023_01_20,26,2,Engaged,5.14122e-05,0.00366384,0.996285,0.135174,0,-0.919528,0.025
corrected,243-R-mPFC-S1-NE_2023_01_20,27,2,Engaged,3.33765e-05,0.00400139,0.995965,0.0796192,0,-0.411517,0
corrected,243-R-mPFC-S1-NE_2023_01_20,28,2,Engaged,3.04247e-05,0.000805332,0.999164,0.999221,1,-0.608365,0.5
corrected,243-R-mPFC-S1-NE_2023_01_20,29,2,Engaged,2.37327e-05,0.000418266,0.999558,0.969592,1,-0.794457,0.25
corrected,243-R-mPFC-S1-NE_2023_01_20,30,2,Engaged,1.51088e-05,0.00468201,0.995303,0.135044,0,-0.664541,0.025
corrected,243-R-mPFC-S1-NE_2023_01_20,31,2,Engaged,1.55536e-05,0.00600654,0.993978,0.0795008,0,-0.662513,0
corrected,243-R-mPFC-S1-NE_2023_01_20,32,2,Engaged,2.50599e-05,0.00477964,0.995195,0.997522,1,-0.657202,1
corrected,243-R-mPFC-S1-NE_2023_01_20,33,2,Engaged,3.30624e-05,0.00748076,0.992486,0.0794321,0,-0.187705,0
corrected,243-R-mPFC-S1-NE_2023_01_20,34,2,Engaged,5.75975e-05,0.00396341,0.995979,0.135145,0,-0.880668,0.025
corrected,243-R-mPFC-S1-NE_2023_01_20,35,2,Engaged,0.000152947,0.0009959,0.998851,0.999054,1,-0.0875646,0.5
corrected,243-R-mPFC-S1-NE_2023_01_20,36,2,Engaged,0.000227428,0.000165351,0.999607,0.480796,1,-0.685564,0.1
corrected,243-R-mPFC-S1-NE_2023_01_20,37,2,Engaged,0.000267424,0.000283617,0.999449,0.220912,1,-0.468659,0.05
corrected,243-R-mPFC-S1-NE_2023_01_20,38,2,Engaged,0.000248212,0.000113307,0.999638,0.969857,1,-0.799704,0.25
corrected,243-R-mPFC-S1-NE_2023_01_20,39,2,Engaged,0.000229523,0.000385603,0.999385,0.480699,1,-0.705666,0.1
corrected,243-R-mPFC-S1-NE_2023_01_20,40,2,Engaged,0.000182373,0.00441688,0.995401,0.135169,0,-0.658316,0.025
corrected,243-R-mPFC-S1-NE_2023_01_20,41,2,Engaged,0.000176205,0.00418936,0.995634,0.220123,0,-0.996065,0.05
corrected,243-R-mPFC-S1-NE_2023_01_20,42,2,Engaged,0.000209155,0.000671164,0.99912,0.220808,1,-1.00025,0.05
corrected,243-R-mPFC-S1-NE_2023_01_20,43,2,Engaged,0.000195465,0.000914181,0.99889,0.135552,0,-0.587225,0.025
corrected,243-R-mPFC-S1-NE_2023_01_20,44,2,Engaged,0.000248473,0.00287621,0.996875,0.22041,1,1.68391,0.05
corrected,243-R-mPFC-S1-NE_2023_01_20,45,2,Engaged,0.000211718,0.00177239,0.998016,0.999081,1,-0.909498,1
corrected,243-R-mPFC-S1-NE_2023_01_20,46,2,Engaged,0.000169242,0.00033962,0.999491,0.99962,1,-1.10983,0.5
corrected,243-R-mPFC-S1-NE_2023_01_20,47,2,Engaged,0.000155472,0.0133159,0.986529,0.134201,0,1.97935,0.025
corrected,243-R-mPFC-S1-NE_2023_01_20,48,2,Engaged,0.000156986,0.00196949,0.997874,0.998213,1,-0.453969,0.5
corrected,243-R-mPFC-S1-NE_2023_01_20,49,2,Engaged,0.000151569,0.000318504,0.99953,0.480703,1,-0.626564,0.1
corrected,243-R-mPFC-S1-NE_2023_01_20,50,2,Engaged,0.000122815,0.000361855,0.999515,0.999602,1,-0.873619,0.5
corrected,243-R-mPFC-S1-NE_2023_01_20,51,2,Engaged,9.47322e-05,0.00193631,0.997969,0.0797672,0,-0.575033,0
corrected,243-R-mPFC-S1-NE_2023_01_20,52,2,Engaged,9.30069e-05,0.000327173,0.99958,0.480681,1,-0.711103,0.1
corrected,243-R-mPFC-S1-NE_2023_01_20,53,2,Engaged,7.18969e-05,0.000274064,0.999654,0.480697,1,-1.09581,0.1
corrected,243-R-mPFC-S1-NE_2023_01_20,54,2,Engaged,3.21427e-05,0.00331585,0.996652,0.1352,0,-0.747259,0.025
corrected,243-R-mPFC-S1-NE_2023_01_20,55,2,Engaged,2.17874e-05,0.00458237,0.995396,0.135058,0,-0.421925,0.025
corrected,243-R-mPFC-S1-NE_2023_01_20,56,2,Engaged,2.12397e-05,0.000634223,0.999345,0.969396,1,-0.968192,0.25
corrected,243-R-mPFC-S1-NE_2023_01_20,57,2,Engaged,1.82883e-05,0.00238472,0.997597,0.135291,0,-0.853008,0.025
corrected,243-R-mPFC-S1-NE_2023_01_20,58,2,Engaged,2.48893e-05,0.00118111,0.998794,0.999388,1,-0.866477,1
corrected,243-R-mPFC-S1-NE_2023_01_20,59,2,Engaged,2.97224e-05,0.000299678,0.999671,0.999658,1,-0.519146,0.5
corrected,243-R-mPFC-S1-NE_2023_01_20,60,2,Engaged,3.62034e-05,0.00217742,0.997786,0.998871,1,0.671822,1
corrected,243-R-mPFC-S1-NE_2023_01_20,61,2,Engaged,3.94114e-05,0.00396463,0.995996,0.997945,1,0.633149,1
corrected,243-R-mPFC-S1-NE_2023_01_20,62,2,Engaged,3.85064e-05,0.00578485,0.994177,0.134939,0,0.406006,0.025
corrected,243-R-mPFC-S1-NE_2023_01_20,63,2,Engaged,5.19255e-05,0.00202387,0.997924,0.220468,1,-0.0436506,0.05
corrected,243-R-mPFC-S1-NE_2023_01_20,64,2,Engaged,3.44446e-05,0.00179758,0.998168,0.999068,1,-0.715969,1
corrected,243-R-mPFC-S1-NE_2023_01_20,65,2,Engaged,1.85388e-05,0.00388971,0.996092,0.13513,0,0.0832293,0.025
corrected,243-R-mPFC-S1-NE_2023_01_20,66,2,Engaged,1.46156e-05,0.00162219,0.998363,0.968498,1,-0.19766,0.25
corrected,243-R-mPFC-S1-NE_2023_01_20,67,2,Engaged,6.44924e-06,0.00689137,0.993102,0.0794478,0,-0.66146,0
corrected,243-R-mPFC-S1-NE_2023_01_20,68,2,Engaged,3.74802e-06,0.00878305,0.991213,0.134598,0,-0.839697,0.025
corrected,243-R-mPFC-S1-NE_2023_01_20,69,2,Engaged,4.06164e-06,0.00878061,0.991215,0.134598,0,-0.67839,0.025
corrected,243-R-mPFC-S1-NE_2023_01_20,70,2,Engaged,8.49988e-06,0.00861132,0.99138,0.99248,1,-0.166693,0.5
corrected,243-R-mPFC-S1-NE_2023_01_20,71,2,Engaged,9.43098e-06,0.0309765,0.969014,0.983942,1,-0.0947571,1
corrected,243-R-mPFC-S1-NE_2023_01_20,72,2,Engaged,6.55618e-06,0.199594,0.8004,0.392177,0,1.49292,0.1
corrected,243-R-mPFC-S1-NE_2023_01_20,73,2,Engaged,7.27279e-06,0.211455,0.788538,0.0684589,0,-0.282285,0
corrected,243-R-mPFC-S1-NE_2023_01_20,74,1,Conservative,1.09422e-05,0.999711,0.000278503,0.136521,0,4.94656,0.5
corrected,243-R-mPFC-S1-NE_2023_01_20,75,1,Conservative,0.000188693,0.713795,0.286016,0.0415821,0,0.0930892,0
corrected,243-R-mPFC-S1-NE_2023_01_20,76,2,Engaged,0.000677225,0.45783,0.541493,0.0556273,0,0.22471,0
corrected,243-R-mPFC-S1-NE_2023_01_20,77,2,Engaged,0.0026562,0.0109581,0.986386,0.476788,1,-0.527185,0.1
corrected,243-R-mPFC-S1-NE_2023_01_20,78,2,Engaged,0.00285048,0.00352792,0.993622,0.96661,1,1.26098,0.25
corrected,243-R-mPFC-S1-NE_2023_01_20,79,2,Engaged,0.00291779,0.000377978,0.996704,0.969469,1,-1.04035,0.25
corrected,243-R-mPFC-S1-NE_2023_01_20,80,2,Engaged,0.00300947,0.00225205,0.994738,0.137043,0,-0.425018,0.025
corrected,243-R-mPFC-S1-NE_2023_01_20,81,2,Engaged,0.00335909,0.000199582,0.996441,0.481792,1,-0.725006,0.1
corrected,243-R-mPFC-S1-NE_2023_01_20,82,2,Engaged,0.00357745,0.000331749,0.996091,0.222648,1,-0.199582,0.05
corrected,243-R-mPFC-S1-NE_2023_01_20,83,2,Engaged,0.00368667,0.0267717,0.969542,0.0805984,0,3.17747,0
corrected,243-R-mPFC-S1-NE_2023_01_20,84,2,Engaged,0.00393489,0.0199911,0.976074,0.989634,1,1.01557,1
corrected,243-R-mPFC-S1-NE_2023_01_20,85,2,Engaged,0.0041416,0.017104,0.978754,0.13611,0,0.795893,0.025
corrected,243-R-mPFC-S1-NE_2023_01_20,86,2,Engaged,0.00479911,0.00251052,0.99269,0.222878,1,0.0745844,0.05
corrected,243-R-mPFC-S1-NE_2023_01_20,87,2,Engaged,0.004908,0.000601684,0.99449,0.969156,1,0.0570774,0.25
corrected,243-R-mPFC-S1-NE_2023_01_20,88,2,Engaged,0.00499198,0.00176824,0.99324,0.0827285,0,-0.420411,0
corrected,243-R-mPFC-S1-NE_2023_01_20,89,2,Engaged,0.00538128,0.000147019,0.994472,0.969543,1,-0.360207,0.25
corrected,243-R-mPFC-S1-NE_2023_01_20,90,2,Engaged,0.00594057,0.00158633,0.992473,0.999173,1,0.85516,1
corrected,243-R-mPFC-S1-NE_2023_01_20,91,2,Engaged,0.0063772,0.000219649,0.993403,0.969422,1,-0.00483743,0.25
corrected,243-R-mPFC-S1-NE_2023_01_20,92,2,Engaged,0.00681022,0.000277432,0.992912,0.224362,1,-0.0937068,0.05
corrected,243-R-mPFC-S1-NE_2023_01_20,93,2,Engaged,0.00686489,0.000313848,0.992821,0.999521,1,-0.160021,0.5
corrected,243-R-mPFC-S1-NE_2023_01_20,94,2,Engaged,0.00689415,3.67143e-05,0.993069,0.96956,1,-0.609783,0.25
corrected,243-R-mPFC-S1-NE_2023_01_20,95,2,Engaged,0.00701255,4.48638e-05,0.992943,0.969546,1,0.818641,0.25
corrected,243-R-mPFC-S1-NE_2023_01_20,96,2,Engaged,0.00723212,0.00076708,0.992001,0.999123,1,2.39846,0.5
corrected,243-R-mPFC-S1-NE_2023_01_20,97,2,Engaged,0.00735283,0.000596095,0.992051,0.999268,1,1.15538,0.5
corrected,243-R-mPFC-S1-NE_2023_01_20,98,2,Engaged,0.00742891,0.000513716,0.992057,0.482967,1,0.522502,0.1
corrected,243-R-mPFC-S1-NE_2023_01_20,99,2,Engaged,0.00735545,0.00217711,0.990467,0.482204,0,-0.0629643,0.1
corrected,243-R-mPFC-S1-NE_2023_01_20,100,2,Engaged,0.00753337,0.00030391,0.992163,0.483093,1,0.501481,0.1
corrected,243-R-mPFC-S1-NE_2023_01_20,101,2,Engaged,0.00757121,0.000156713,0.992272,0.969414,1,0.413149,0.25
corrected,243-R-mPFC-S1-NE_2023_01_20,102,2,Engaged,0.00761386,0.000692906,0.991693,0.482947,1,0.410594,0.1
corrected,243-R-mPFC-S1-NE_2023_01_20,103,2,Engaged,0.00750833,0.00513344,0.987358,0.139348,0,-0.0732412,0.025
corrected,243-R-mPFC-S1-NE_2023_01_20,104,2,Engaged,0.00765706,0.00672873,0.985614,0.223584,0,0.0278103,0.05
corrected,243-R-mPFC-S1-NE_2023_01_20,105,2,Engaged,0.00833614,0.00586112,0.985803,0.996955,1,0.359997,1
corrected,243-R-mPFC-S1-NE_2023_01_20,106,2,Engaged,0.00905526,0.00869576,0.982249,0.479859,0,0.741377,0.1
corrected,243-R-mPFC-S1-NE_2023_01_20,107,2,Engaged,0.0109527,0.000699987,0.988347,0.226466,1,0.275469,0.05
corrected,243-R-mPFC-S1-NE_2023_01_20,108,2,Engaged,0.0115934,0.000914775,0.987492,0.998916,1,1.54873,0.5
corrected,243-R-mPFC-S1-NE_2023_01_20,109,2,Engaged,0.0120012,0.000188311,0.98781,0.484587,1,0.105089,0.1
corrected,243-R-mPFC-S1-NE_2023_01_20,110,2,Engaged,0.0121972,0.000223518,0.987579,0.484635,1,0.143447,0.1
corrected,243-R-mPFC-S1-NE_2023_01_20,111,2,Engaged,0.0121868,0.000141102,0.987672,0.999573,1,-0.57462,0.5
corrected,243-R-mPFC-S1-NE_2023_01_20,112,2,Engaged,0.012229,0.000237286,0.987534,0.999489,1,0.152607,0.5
corrected,243-R-mPFC-S1-NE_2023_01_20,113,2,Engaged,0.0124147,0.00691013,0.980675,0.996409,1,2.24784,1
corrected,243-R-mPFC-S1-NE_2023_01_20,114,2,Engaged,0.012443,0.00440382,0.983153,0.997708,1,0.222646,1
corrected,243-R-mPFC-S1-NE_2023_01_20,115,2,Engaged,0.0124318,0.00153787,0.98603,0.142593,0,-0.220746,0.025
corrected,243-R-mPFC-S1-NE_2023_01_20,116,2,Engaged,0.0129956,0.00034781,0.986657,0.484838,1,1.51397,0.1
corrected,243-R-mPFC-S1-NE_2023_01_20,117,2,Engaged,0.0132532,0.000612232,0.986135,0.999147,1,1.34882,0.5
corrected,243-R-mPFC-S1-NE_2023_01_20,118,2,Engaged,0.013408,0.000220992,0.986371,0.999482,1,0.295963,0.5
corrected,243-R-mPFC-S1-NE_2023_01_20,119,2,Engaged,0.0135857,4.9971e-05,0.986364,0.969179,1,0.608679,0.25
corrected,243-R-mPFC-S1-NE_2023_01_20,120,2,Engaged,0.0138977,0.000505675,0.985597,0.999227,1,1.99568,0.5
corrected,243-R-mPFC-S1-NE_2023_01_20,121,2,Engaged,0.0141243,0.00061691,0.985259,0.228153,1,1.31414,0.05
corrected,243-R-mPFC-S1-NE_2023_01_20,122,2,Engaged,0.013896,0.000482084,0.985622,0.485069,1,0.519301,0.1
corrected,243-R-mPFC-S1-NE_2023_01_20,123,2,Engaged,0.0133794,0.00276992,0.983851,0.998554,1,0.242552,1
corrected,243-R-mPFC-S1-NE_2023_01_20,124,2,Engaged,0.0130673,0.0552193,0.931713,0.217231,0,3.39815,0.05
corrected,243-R-mPFC-S1-NE_2023_01_20,125,2,Engaged,0.0129676,0.030939,0.956093,0.139756,0,0.136881,0.025
corrected,243-R-mPFC-S1-NE_2023_01_20,126,2,Engaged,0.0132847,0.00193971,0.984776,0.967478,1,0.133579,0.25
corrected,243-R-mPFC-S1-NE_2023_01_20,127,2,Engaged,0.0136029,0.00457943,0.981818,0.997616,1,1.54942,1
corrected,243-R-mPFC-S1-NE_2023_01_20,128,2,Engaged,0.0137788,0.0021411,0.98408,0.99888,1,0.121909,1
corrected,243-R-mPFC-S1-NE_2023_01_20,129,2,Engaged,0.0140086,0.00222561,0.983766,0.998836,1,0.901409,1
corrected,243-R-mPFC-S1-NE_2023_01_20,130,2,Engaged,0.0141762,0.00032149,0.985502,0.9689,1,0.295808,0.25
corrected,243-R-mPFC-S1-NE_2023_01_20,131,2,Engaged,0.0143102,0.000188769,0.985501,0.999493,1,-0.119667,0.5
corrected,243-R-mPFC-S1-NE_2023_01_20,132,2,Engaged,0.0144752,0.000128919,0.985396,0.485413,1,0.244332,0.1
corrected,243-R-mPFC-S1-NE_2023_01_20,133,2,Engaged,0.0144891,0.000248298,0.985263,0.968949,1,0.382089,0.25
corrected,243-R-mPFC-S1-NE_2023_01_20,134,2,Engaged,0.0144926,0.00181588,0.983692,0.143761,0,0.14648,0.025
corrected,243-R-mPFC-S1-NE_2023_01_20,135,2,Engaged,0.0148966,0.000163333,0.98494,0.228647,1,0.169466,0.05
corrected,243-R-mPFC-S1-NE_2023_01_20,136,2,Engaged,0.0150341,0.00242078,0.982545,0.997553,1,2.7069,0.5
corrected,243-R-mPFC-S1-NE_2023_01_20,137,2,Engaged,0.0149637,0.0016515,0.983385,0.998218,1,0.221637,0.5
corrected,243-R-mPFC-S1-NE_2023_01_20,138,2,Engaged,0.0149224,0.0092773,0.9758,0.22693,0,0.754286,0.05
corrected,243-R-mPFC-S1-NE_2023_01_20,139,2,Engaged,0.0152446,0.0104996,0.974256,0.226868,1,0.510389,0.05
corrected,243-R-mPFC-S1-NE_2023_01_20,140,2,Engaged,0.0150619,0.0248848,0.960053,0.141621,0,-0.201261,0.025
corrected,243-R-mPFC-S1-NE_2023_01_23,1,2,Engaged,0.0012981,0.0151551,0.983547,0.0797825,0,0.942109,0
corrected,243-R-mPFC-S1-NE_2023_01_23,2,2,Engaged,0.000651534,0.016235,0.983113,0.134176,0,0.734922,0.025
corrected,243-R-mPFC-S1-NE_2023_01_23,3,2,Engaged,0.000427707,0.0115579,0.988014,0.134547,0,0.509047,0.025
corrected,243-R-mPFC-S1-NE_2023_01_23,4,2,Engaged,0.000363804,0.00441697,0.995219,0.99771,1,0.693313,1
corrected,243-R-mPFC-S1-NE_2023_01_23,5,2,Engaged,0.000300891,0.00134823,0.998351,0.480294,1,1.00938,0.1
corrected,243-R-mPFC-S1-NE_2023_01_23,6,2,Engaged,0.00016871,0.00370341,0.996128,0.135238,0,0.72036,0.025
corrected,243-R-mPFC-S1-NE_2023_01_23,7,2,Engaged,0.000126428,0.00207012,0.997803,0.220499,0,0.6022,0.05
corrected,243-R-mPFC-S1-NE_2023_01_23,8,2,Engaged,0.000132405,0.00174917,0.998118,0.480062,1,2.37113,0.1
corrected,243-R-mPFC-S1-NE_2023_01_23,9,2,Engaged,0.000101547,0.00187316,0.998025,0.998297,1,0.445246,0.5
corrected,243-R-mPFC-S1-NE_2023_01_23,10,2,Engaged,6.93801e-05,0.150704,0.849227,0.413905,0,4.66156,0.1
corrected,243-R-mPFC-S1-NE_2023_01_23,11,2,Engaged,6.10481e-05,0.139039,0.8609,0.120682,0,2.19679,0.025
corrected,243-R-mPFC-S1-NE_2023_01_23,12,2,Engaged,7.83392e-05,0.0167388,0.983183,0.954755,1,0.141146,0.25
corrected,243-R-mPFC-S1-NE_2023_01_23,13,2,Engaged,6.96941e-05,0.00804575,0.991885,0.219334,0,-0.252858,0.05
corrected,243-R-mPFC-S1-NE_2023_01_23,14,2,Engaged,9.01212e-05,0.00281627,0.997094,0.220338,1,0.803599,0.05
corrected,243-R-mPFC-S1-NE_2023_01_23,15,2,Engaged,7.29486e-05,0.00359518,0.996332,0.998136,1,0.55353,1
corrected,243-R-mPFC-S1-NE_2023_01_23,16,2,Engaged,5.4712e-05,0.00686035,0.993085,0.996444,1,0.941568,1
corrected,243-R-mPFC-S1-NE_2023_01_23,17,2,Engaged,2.36529e-05,0.00611052,0.993866,0.219678,0,-0.235702,0.05
corrected,243-R-mPFC-S1-NE_2023_01_23,18,2,Engaged,1.49252e-05,0.00176775,0.998217,0.135356,0,-0.170924,0.025
corrected,243-R-mPFC-S1-NE_2023_01_23,19,2,Engaged,2.03897e-05,0.0010025,0.998977,0.969061,1,1.96576,0.25
corrected,243-R-mPFC-S1-NE_2023_01_23,20,2,Engaged,1.74892e-05,0.000643561,0.999339,0.969387,1,0.0892489,0.25
corrected,243-R-mPFC-S1-NE_2023_01_23,21,2,Engaged,1.02522e-05,0.00364456,0.996345,0.135152,0,-0.489869,0.025
corrected,243-R-mPFC-S1-NE_2023_01_23,22,2,Engaged,1.0468e-05,0.00430267,0.995687,0.135082,0,-0.288717,0.025
corrected,243-R-mPFC-S1-NE_2023_01_23,23,2,Engaged,2.22624e-05,0.00740642,0.992571,0.0794296,0,1.04651,0
corrected,243-R-mPFC-S1-NE_2023_01_23,24,2,Engaged,4.9804e-05,0.00136255,0.998588,0.968732,1,-0.0147867,0.25
corrected,243-R-mPFC-S1-NE_2023_01_23,25,2,Engaged,7.39101e-05,0.00464722,0.995279,0.079609,0,0.157493,0
corrected,243-R-mPFC-S1-NE_2023_01_23,26,2,Engaged,0.00013815,0.00219721,0.997665,0.0797793,1,-0.514299,0
corrected,243-R-mPFC-S1-NE_2023_01_23,27,2,Engaged,0.000113148,0.000776046,0.999111,0.220737,1,-0.899484,0.05
corrected,243-R-mPFC-S1-NE_2023_01_23,28,2,Engaged,5.6077e-05,0.0264184,0.973525,0.21584,0,2.05738,0.05
corrected,243-R-mPFC-S1-NE_2023_01_23,29,2,Engaged,3.91502e-05,0.041508,0.958453,0.212966,0,2.01628,0.05
corrected,243-R-mPFC-S1-NE_2023_01_23,30,2,Engaged,3.33077e-05,0.0215467,0.97842,0.0786767,0,0.0204466,0
corrected,243-R-mPFC-S1-NE_2023_01_23,31,2,Engaged,4.27467e-05,0.00392665,0.996031,0.966402,1,0.327842,0.25
corrected,243-R-mPFC-S1-NE_2023_01_23,32,2,Engaged,4.38168e-05,0.00424323,0.995713,0.135107,0,-0.184921,0.025
corrected,243-R-mPFC-S1-NE_2023_01_23,33,2,Engaged,9.07086e-05,0.0263475,0.973562,0.986342,1,3.21518,1
corrected,243-R-mPFC-S1-NE_2023_01_23,34,2,Engaged,0.000105025,0.014878,0.985017,0.134004,0,-0.211178,0.025
corrected,243-R-mPFC-S1-NE_2023_01_23,35,2,Engaged,0.000169514,0.00262414,0.997206,0.220416,1,0.0254164,0.05
corrected,243-R-mPFC-S1-NE_2023_01_23,36,2,Engaged,0.000166749,0.000688781,0.999144,0.480544,1,-0.230848,0.1
corrected,243-R-mPFC-S1-NE_2023_01_23,37,2,Engaged,0.000139956,0.0022559,0.997604,0.479839,0,-0.469843,0.1
corrected,243-R-mPFC-S1-NE_2023_01_23,38,2,Engaged,0.000155064,0.00397727,0.995868,0.997938,1,1.25546,1
corrected,243-R-mPFC-S1-NE_2023_01_23,39,2,Engaged,0.000155888,0.00108776,0.998756,0.999436,1,-0.102976,1
corrected,243-R-mPFC-S1-NE_2023_01_23,40,2,Engaged,0.000162632,0.000698947,0.999138,0.99931,1,1.13136,0.5
corrected,243-R-mPFC-S1-NE_2023_01_23,41,2,Engaged,0.00015972,0.000407143,0.999433,0.969594,1,0.360443,0.25
corrected,243-R-mPFC-S1-NE_2023_01_23,42,2,Engaged,0.000159424,0.00670377,0.993137,0.134911,0,0.993359,0.025
corrected,243-R-mPFC-S1-NE_2023_01_23,43,2,Engaged,0.000179994,0.000150151,0.99967,0.220891,1,-0.753108,0.05
corrected,243-R-mPFC-S1-NE_2023_01_23,44,2,Engaged,0.000181013,0.00139683,0.998422,0.968694,1,2.62024,0.25
corrected,243-R-mPFC-S1-NE_2023_01_23,45,2,Engaged,0.000148367,0.000335221,0.999516,0.480695,1,-0.57962,0.1
corrected,243-R-mPFC-S1-NE_2023_01_23,46,2,Engaged,8.51033e-05,0.0015823,0.998333,0.0797804,0,-0.478401,0
corrected,243-R-mPFC-S1-NE_2023_01_23,47,2,Engaged,6.91149e-05,0.000817458,0.999113,0.480455,1,-0.0852499,0.1
corrected,243-R-mPFC-S1-NE_2023_01_23,48,2,Engaged,3.43227e-05,0.00684977,0.993116,0.134823,0,0.155109,0.025
corrected,243-R-mPFC-S1-NE_2023_01_23,49,2,Engaged,2.29057e-05,0.00706484,0.992912,0.134793,0,-0.283737,0.025
corrected,243-R-mPFC-S1-NE_2023_01_23,50,2,Engaged,2.21627e-05,0.00167688,0.998301,0.480058,1,-0.758802,0.1
corrected,243-R-mPFC-S1-NE_2023_01_23,51,2,Engaged,1.21767e-05,0.00661239,0.993375,0.134835,0,-0.427525,0.025
corrected,243-R-mPFC-S1-NE_2023_01_23,52,2,Engaged,8.81388e-06,0.00422562,0.995766,0.0795924,0,-1.36645,0
corrected,243-R-mPFC-S1-NE_2023_01_23,53,2,Engaged,1.22694e-05,0.0025339,0.997454,0.998686,1,-0.636818,1
corrected,243-R-mPFC-S1-NE_2023_01_23,54,2,Engaged,1.38214e-05,0.00301823,0.996968,0.998435,1,-0.120292,1
corrected,243-R-mPFC-S1-NE_2023_01_23,55,2,Engaged,1.30146e-05,0.00523953,0.994747,0.134983,0,0.172317,0.025
corrected,243-R-mPFC-S1-NE_2023_01_23,56,2,Engaged,1.88798e-05,0.00204275,0.997938,0.998152,1,-0.300974,0.5
corrected,243-R-mPFC-S1-NE_2023_01_23,57,2,Engaged,1.95685e-05,0.00259156,0.997389,0.220343,0,-0.922376,0.05
corrected,243-R-mPFC-S1-NE_2023_01_23,58,2,Engaged,3.31758e-05,0.000504025,0.999463,0.220747,1,-0.693039,0.05
corrected,243-R-mPFC-S1-NE_2023_01_23,59,2,Engaged,2.63395e-05,0.000623428,0.99935,0.999378,1,-0.405516,0.5
corrected,243-R-mPFC-S1-NE_2023_01_23,60,2,Engaged,1.39708e-05,0.00130774,0.998678,0.0797523,0,-1.05975,0
corrected,243-R-mPFC-S1-NE_2023_01_23,61,2,Engaged,1.24397e-05,0.000221543,0.999766,0.969771,1,-0.585128,0.25
corrected,243-R-mPFC-S1-NE_2023_01_23,62,2,Engaged,8.63972e-06,0.000933071,0.999058,0.220652,0,-0.492799,0.05
corrected,243-R-mPFC-S1-NE_2023_01_23,63,2,Engaged,1.35479e-05,0.00083989,0.999147,0.969209,1,0.87726,0.25
corrected,243-R-mPFC-S1-NE_2023_01_23,64,2,Engaged,1.16827e-05,0.00151421,0.998474,0.220544,0,-0.820208,0.05
corrected,243-R-mPFC-S1-NE_2023_01_23,65,2,Engaged,1.89353e-05,0.000282074,0.999699,0.969716,1,-0.192578,0.25
corrected,243-R-mPFC-S1-NE_2023_01_23,66,2,Engaged,2.38523e-05,0.00127966,0.998696,0.999337,1,-0.133261,1
corrected,243-R-mPFC-S1-NE_2023_01_23,67,2,Engaged,2.62887e-05,0.00190524,0.998068,0.999012,1,-0.00887881,1
corrected,243-R-mPFC-S1-NE_2023_01_23,68,2,Engaged,2.43159e-05,0.00109891,0.998877,0.99943,1,-0.454754,1
corrected,243-R-mPFC-S1-NE_2023_01_23,69,2,Engaged,2.13575e-05,0.000861967,0.999117,0.48042,0,0.159538,0.1
corrected,243-R-mPFC-S1-NE_2023_01_23,70,2,Engaged,3.80499e-05,0.00238873,0.997573,0.998762,1,3.40375,1
corrected,243-R-mPFC-S1-NE_2023_01_23,71,2,Engaged,4.68656e-05,0.00198474,0.997968,0.968167,1,3.10584,0.25
corrected,243-R-mPFC-S1-NE_2023_01_23,72,2,Engaged,4.1166e-05,0.0010861,0.998873,0.480327,1,0.570362,0.1
corrected,243-R-mPFC-S1-NE_2023_01_23,73,2,Engaged,1.90652e-05,0.00509942,0.994882,0.0795516,0,0.229326,0
corrected,243-R-mPFC-S1-NE_2023_01_23,74,2,Engaged,1.39251e-05,0.00888891,0.991097,0.079345,0,0.787662,0
corrected,243-R-mPFC-S1-NE_2023_01_23,75,2,Engaged,2.12704e-05,0.0432392,0.95674,0.212628,0,3.60547,0.05
corrected,243-R-mPFC-S1-NE_2023_01_23,76,2,Engaged,3.58424e-05,0.0112015,0.988763,0.95979,1,0.320291,0.25
corrected,243-R-mPFC-S1-NE_2023_01_23,77,2,Engaged,3.53351e-05,0.00708914,0.992876,0.134798,0,-1.10519,0.025
corrected,243-R-mPFC-S1-NE_2023_01_23,78,2,Engaged,5.45659e-05,0.00383687,0.996109,0.998011,1,-0.476567,1
corrected,243-R-mPFC-S1-NE_2023_01_23,79,2,Engaged,8.76171e-05,0.016242,0.98367,0.99158,1,1.92382,1
corrected,243-R-mPFC-S1-NE_2023_01_23,80,2,Engaged,0.000104618,0.0201214,0.979774,0.989569,1,0.465939,1
corrected,243-R-mPFC-S1-NE_2023_01_23,81,2,Engaged,0.000111917,0.022545,0.977343,0.980444,1,-0.395644,0.5
corrected,243-R-mPFC-S1-NE_2023_01_23,82,2,Engaged,0.000112961,0.079445,0.920442,0.897757,0,-0.220689,0.25
corrected,243-R-mPFC-S1-NE_2023_01_23,83,2,Engaged,8.86563e-05,0.00487803,0.995033,0.965535,1,-0.612522,0.25
corrected,243-R-mPFC-S1-NE_2023_01_23,84,2,Engaged,5.96031e-05,0.00230906,0.997631,0.220418,0,-0.28057,0.05
corrected,243-R-mPFC-S1-NE_2023_01_23,85,2,Engaged,6.29602e-05,0.00104333,0.998894,0.969021,1,1.23862,0.25
corrected,243-R-mPFC-S1-NE_2023_01_23,86,2,Engaged,5.6381e-05,0.00157373,0.99837,0.999184,1,-0.165417,1
corrected,243-R-mPFC-S1-NE_2023_01_23,87,2,Engaged,4.41395e-05,0.000460641,0.999495,0.969552,1,-0.664295,0.25
corrected,243-R-mPFC-S1-NE_2023_01_23,88,2,Engaged,3.16817e-05,0.0046864,0.995282,0.135053,0,-0.282866,0.025
corrected,243-R-mPFC-S1-NE_2023_01_23,89,2,Engaged,3.25017e-05,0.0046186,0.995349,0.13506,0,-0.548176,0.025
corrected,243-R-mPFC-S1-NE_2023_01_23,90,2,Engaged,4.94126e-05,0.00151414,0.998436,0.220564,1,-0.548176,0.05
corrected,243-R-mPFC-S1-NE_2023_01_23,91,2,Engaged,3.98852e-05,0.00305132,0.996909,0.998418,1,-0.548176,1
corrected,243-R-mPFC-S1-NE_2023_01_23,92,2,Engaged,2.7279e-05,0.00569296,0.99428,0.997049,1,-0.548176,1
corrected,243-R-mPFC-S1-NE_2023_01_23,93,2,Engaged,1.13311e-05,0.0115177,0.988471,0.218645,0,-0.548176,0.05
corrected,243-R-mPFC-S1-NE_2023_01_23,94,2,Engaged,6.91377e-06,0.0134435,0.98655,0.218277,0,-0.548176,0.05
corrected,243-R-mPFC-S1-NE_2023_01_23,95,2,Engaged,7.59061e-06,0.0114994,0.988493,0.134309,0,-0.548176,0.025
corrected,243-R-mPFC-S1-NE_2023_01_23,96,2,Engaged,1.42303e-05,0.00659368,0.993392,0.996582,1,-0.548176,1
corrected,243-R-mPFC-S1-NE_2023_01_23,97,2,Engaged,1.72988e-05,0.00486229,0.99512,0.0795633,0,-0.548176,0
corrected,243-R-mPFC-S1-NE_2023_01_23,98,2,Engaged,3.19314e-05,0.000479788,0.999488,0.969535,1,-0.548176,0.25
corrected,243-R-mPFC-S1-NE_2023_01_23,99,2,Engaged,4.32921e-05,0.000811036,0.999146,0.220694,1,-0.548176,0.05
corrected,243-R-mPFC-S1-NE_2023_01_23,100,2,Engaged,3.09348e-05,0.0044207,0.995548,0.0795952,0,-0.548176,0
corrected,243-R-mPFC-S1-NE_2023_01_23,101,2,Engaged,3.19044e-05,0.00533724,0.994631,0.219829,0,-0.548176,0.05
corrected,243-R-mPFC-S1-NE_2023_01_23,102,2,Engaged,4.93281e-05,0.00263392,0.997317,0.998635,1,-0.548176,1
corrected,243-R-mPFC-S1-NE_2023_01_23,103,2,Engaged,6.31932e-05,0.000841056,0.999096,0.480443,1,-0.548176,0.1
corrected,243-R-mPFC-S1-NE_2023_01_23,104,2,Engaged,6.27834e-05,0.00428495,0.995652,0.478914,0,-0.548176,0.1
corrected,243-R-mPFC-S1-NE_2023_01_23,105,2,Engaged,8.15434e-05,0.00205792,0.997861,0.998933,1,-0.548176,1
corrected,243-R-mPFC-S1-NE_2023_01_23,106,2,Engaged,9.68261e-05,0.00027895,0.999624,0.969714,1,-0.548176,0.25
corrected,243-R-mPFC-S1-NE_2023_01_23,107,2,Engaged,0.000109952,0.000794877,0.999095,0.999588,1,-0.548176,1
corrected,243-R-mPFC-S1-NE_2023_01_23,108,2,Engaged,0.000120377,0.000166589,0.999713,0.480761,1,-0.548176,0.1
corrected,243-R-mPFC-S1-NE_2023_01_23,109,2,Engaged,0.000113973,0.000130272,0.999756,0.480775,1,-0.548176,0.1
corrected,243-R-mPFC-S1-NE_2023_01_23,110,2,Engaged,8.91987e-05,0.000216884,0.999694,0.969771,1,-0.548176,0.25
corrected,243-R-mPFC-S1-NE_2023_01_23,111,2,Engaged,6.30337e-05,0.00221174,0.997725,0.0797333,0,-0.548176,0
corrected,243-R-mPFC-S1-NE_2023_01_23,112,2,Engaged,5.99253e-05,0.00136472,0.998575,0.480209,1,-0.548176,0.1
corrected,243-R-mPFC-S1-NE_2023_01_23,113,2,Engaged,4.16058e-05,0.00980467,0.990154,0.0793125,0,-0.548176,0
corrected,243-R-mPFC-S1-NE_2023_01_23,114,2,Engaged,4.05974e-05,0.0159262,0.984033,0.473738,0,-0.548176,0.1
corrected,243-R-mPFC-S1-NE_2023_01_23,115,2,Engaged,5.46414e-05,0.0140112,0.985934,0.0790943,0,-0.548176,0
corrected,243-R-mPFC-S1-NE_2023_01_23,116,2,Engaged,0.000102952,0.00973981,0.990157,0.0793529,0,-0.548176,0
corrected,243-R-mPFC-S1-NE_2023_01_23,117,2,Engaged,0.00024818,0.00305333,0.996698,0.997275,1,-0.548176,0.5
corrected,243-R-mPFC-S1-NE_2023_01_23,118,2,Engaged,0.000376038,0.00495741,0.994667,0.99743,1,-0.548176,1
corrected,243-R-mPFC-S1-NE_2023_01_23,119,2,Engaged,0.000500636,0.00928165,0.990218,0.476836,0,-0.548176,0.1
corrected,243-R-mPFC-S1-NE_2023_01_23,120,2,Engaged,0.000859945,0.00672415,0.992416,0.135316,0,-0.548176,0.025
corrected,243-R-mPFC-S1-NE_2023_01_23,121,2,Engaged,0.00199098,0.00104343,0.996966,0.221676,1,-0.548176,0.05
corrected,243-R-mPFC-S1-NE_2023_01_23,122,2,Engaged,0.00228316,0.000359714,0.997357,0.22196,1,-0.548176,0.05
corrected,243-R-mPFC-S1-NE_2023_01_23,123,2,Engaged,0.00233219,0.000338732,0.997329,0.22199,1,-0.548176,0.05
corrected,243-R-mPFC-S1-NE_2023_01_23,124,2,Engaged,0.00222447,0.000848404,0.996927,0.999559,1,-0.548176,1
corrected,243-R-mPFC-S1-NE_2023_01_23,125,2,Engaged,0.00211415,0.0002814,0.997604,0.969601,1,-0.548176,0.25
corrected,243-R-mPFC-S1-NE_2023_01_23,126,2,Engaged,0.00200757,0.00201542,0.995977,0.221501,0,-0.548176,0.05
corrected,243-R-mPFC-S1-NE_2023_01_23,127,2,Engaged,0.00203502,0.000320247,0.997645,0.96957,1,-0.548176,0.25
corrected,243-R-mPFC-S1-NE_2023_01_23,128,2,Engaged,0.00206304,0.00122309,0.996714,0.999364,1,-0.548176,1
corrected,243-R-mPFC-S1-NE_2023_01_23,129,2,Engaged,0.00208865,0.00150373,0.996408,0.999219,1,-0.548176,1
corrected,243-R-mPFC-S1-NE_2023_01_23,130,2,Engaged,0.00211143,0.00138312,0.996505,0.999281,1,-0.548176,1
corrected,243-R-mPFC-S1-NE_2023_01_23,131,2,Engaged,0.00213124,0.000766428,0.997102,0.221803,1,-0.548176,0.05
corrected,243-R-mPFC-S1-NE_2023_01_23,132,2,Engaged,0.00198668,0.00256481,0.995449,0.136416,0,-0.548176,0.025
corrected,243-R-mPFC-S1-NE_2023_01_23,133,2,Engaged,0.00198694,0.00130013,0.996713,0.998758,1,-0.548176,0.5
corrected,243-R-mPFC-S1-NE_2023_01_23,134,2,Engaged,0.00198326,0.00427661,0.99374,0.221059,0,-0.548176,0.05
corrected,243-R-mPFC-S1-NE_2023_01_23,135,2,Engaged,0.0021274,0.00367128,0.994201,0.0808994,0,-0.548176,0
corrected,243-R-mPFC-S1-NE_2023_01_23,136,2,Engaged,0.0026009,0.000298348,0.997101,0.969559,1,-0.548176,0.25
corrected,243-R-mPFC-S1-NE_2023_01_23,137,2,Engaged,0.00306776,0.000128754,0.996803,0.969687,1,-0.548176,0.25
corrected,243-R-mPFC-S1-NE_2023_01_23,138,2,Engaged,0.00355677,0.000431148,0.996012,0.99948,1,-0.548176,0.5
corrected,243-R-mPFC-S1-NE_2023_01_23,139,2,Engaged,0.004051,0.00203737,0.993912,0.137671,0,-0.548176,0.025
corrected,243-R-mPFC-S1-NE_2023_01_23,140,2,Engaged,0.00562727,0.000485314,0.993887,0.999395,1,-0.548176,0.5
corrected,243-R-mPFC-S1-NE_2023_01_23,141,2,Engaged,0.00718055,0.000396437,0.992423,0.224535,1,-0.548176,0.05
corrected,243-R-mPFC-S1-NE_2023_01_23,142,2,Engaged,0.00761342,0.0011542,0.991232,0.999396,1,-0.548176,1
corrected,243-R-mPFC-S1-NE_2023_01_23,143,2,Engaged,0.00804686,0.00119082,0.990762,0.999377,1,-0.548176,1
corrected,243-R-mPFC-S1-NE_2023_01_23,144,2,Engaged,0.00847819,0.00053621,0.990986,0.483295,1,-0.548176,0.1
corrected,243-R-mPFC-S1-NE_2023_01_23,145,2,Engaged,0.00869857,0.00369542,0.987606,0.224709,0,-0.548176,0.05
corrected,243-R-mPFC-S1-NE_2023_01_23,146,2,Engaged,0.00953124,0.00327371,0.987195,0.225228,1,-0.548176,0.05
