{
  "description": "pupil_ne_driven_transitions GLM-HMM (K=3). Compares pupil-only vs pupil+mPFC+S1 NE as transition drivers on identical 49-session subset.",
  "config": {
    "K": 3,
    "C": 2,
    "N_em_iters": 300,
    "transition_alpha": 2.0,
    "prior_sigma": 2.0,
    "n_sessions": 49,
    "n_trials": 6327,
    "animals": [
      "240",
      "241",
      "242",
      "243"
    ]
  },
  "global_fits": {
    "pupil_only_matched": {
      "M_transition": 1,
      "log_likelihood": -2275.709899267387,
      "per_trial_log_likelihood": -0.3596822979717697,
      "n_em_iters": 43
    },
    "pupil_ne": {
      "M_transition": 3,
      "log_likelihood": -2270.8768715296274,
      "per_trial_log_likelihood": -0.35891842445544925,
      "n_em_iters": 100,
      "observation_weights": {
        "state_0": {
          "pupil": 0.4193456536752171,
          "mPFC_NE": 0.11864724683160137,
          "S1_NE": 0.004767434308475451,
          "stim": -6.34870331697577,
          "bias": -0.8229058313899948
        },
        "state_1": {
          "pupil": 0.3657111713005287,
          "mPFC_NE": 0.018588488874619467,
          "S1_NE": 0.024528533191009852,
          "stim": -23.255029246645513,
          "bias": 2.508268390638195
        },
        "state_2": {
          "pupil": 0.438053149588475,
          "mPFC_NE": 0.26366943197317144,
          "S1_NE": 0.004901475668665897,
          "stim": -3.6292471948824265,
          "bias": 3.598355537517612
        }
      },
      "transition_input_weights": [
        [
          0.12236183108648284,
          -0.16246778033250134,
          0.3643946568103481,
          -0.10280705277923555,
          -1.3355255797924457
        ],
        [
          0.03796875638204257,
          -0.9784788283432643,
          0.2572491393455429,
          -0.1938567056563834,
          0.3072800363836856
        ],
        [
          0.7693353278830838,
          -0.404684953454628,
          -0.11694771959855489,
          -0.49944493990422967,
          0.11695432291711212
        ]
      ]
    }
  },
  "delta_ll": 4.833027737759494,
  "delta_ll_per_trial": 0.0007638735163204511,
  "per_animal_pupil_ne": {
    "240": {
      "n_sessions": 17,
      "n_trials": 2128,
      "observation_weights": {
        "state_0": {
          "pupil": 0.9588638799131994,
          "mPFC_NE": 0.44083789580416033,
          "S1_NE": -0.2487491288021972,
          "stim": -4.110055936714234,
          "bias": -1.9026564574169136
        },
        "state_1": {
          "pupil": 0.3145676044243049,
          "mPFC_NE": 0.05580403950341572,
          "S1_NE": -0.04737795214905185,
          "stim": -18.660785787675923,
          "bias": 2.1059591655586054
        },
        "state_2": {
          "pupil": 0.294009477583873,
          "mPFC_NE": -0.04322337225305505,
          "S1_NE": 0.31141525939936493,
          "stim": -2.9645060364103957,
          "bias": 3.47363032308688
        }
      },
      "transition_input_weights": [
        [
          -1.4435372143792715,
          0.19638541454935574,
          0.05172002162186164,
          1.6699169605667739,
          -0.4754093513741697
        ],
        [
          -1.0938134317309387,
          0.1276753683818976,
          -0.23431809145508548,
          0.10622209298896827,
          0.34282351609768197
        ],
        [
          -1.1844295045536952,
          0.20189014471557515,
          0.08305533875619982,
          1.0191326063993895,
          -0.17491237977256976
        ]
      ],
      "transition_matrix_at_u0": [
        [
          0.9815308545934022,
          0.012488725498321484,
          0.005980419908276354
        ],
        [
          0.004064766753099473,
          0.9909758671326416,
          0.004959366114258863
        ],
        [
          0.003594884294552108,
          0.0038599012934182626,
          0.9925452144120296
        ]
      ],
      "log_likelihood": -731.537727189731,
      "per_trial_log_likelihood": -0.34376772894254276,
      "n_em_iters": 20
    },
    "241": {
      "n_sessions": 6,
      "n_trials": 577,
      "observation_weights": {
        "state_0": {
          "pupil": -0.12937354031336662,
          "mPFC_NE": -1.4288015081456595,
          "S1_NE": -1.540081373133334,
          "stim": -0.7908477665387387,
          "bias": -0.7769436925985911
        },
        "state_1": {
          "pupil": 0.5218754056979711,
          "mPFC_NE": -0.16055806400800596,
          "S1_NE": 0.30203800200515507,
          "stim": -9.518999614912182,
          "bias": 1.2446283636181663
        },
        "state_2": {
          "pupil": 1.018018282848215,
          "mPFC_NE": 0.6241668127324679,
          "S1_NE": -0.2053746912848788,
          "stim": -6.071969598124898,
          "bias": 3.0390914278808014
        }
      },
      "transition_input_weights": [
        [
          2.3766236194463866,
          -4.097555691743697,
          5.592818011205374,
          -1.678346356103355,
          -10.661768761885948
        ],
        [
          -0.9930725349497802,
          3.3426241808933383,
          -2.381745598268588,
          0.5829965236473849,
          5.64168767350418
        ],
        [
          -1.1443459257495445,
          3.3633151284873586,
          -2.2728828591063843,
          0.39581828092391175,
          2.8597417672130527
        ]
      ],
      "transition_matrix_at_u0": [
        [
          0.3656789062501614,
          0.39651584217645613,
          0.23780525157338248
        ],
        [
          0.267624317353786,
          0.6028921746091682,
          0.12948350803704578
        ],
        [
          0.3587642508333348,
          0.0003383242484929263,
          0.6408974249181723
        ]
      ],
      "log_likelihood": -257.9364986447155,
      "per_trial_log_likelihood": -0.4470303269405815,
      "n_em_iters": 145
    },
    "242": {
      "n_sessions": 11,
      "n_trials": 1576,
      "observation_weights": {
        "state_0": {
          "pupil": 1.8733309212277185,
          "mPFC_NE": -0.6125005341812833,
          "S1_NE": -0.04162468428856924,
          "stim": 0.6113973674626443,
          "bias": -1.2055144735290781
        },
        "state_1": {
          "pupil": 0.34308514637746385,
          "mPFC_NE": -0.028076308149574895,
          "S1_NE": 0.12905809339639024,
          "stim": -16.6478801037163,
          "bias": 2.1065228685709596
        },
        "state_2": {
          "pupil": 0.6611803390502913,
          "mPFC_NE": 0.22621293243444968,
          "S1_NE": -0.04142719644769944,
          "stim": -4.048288860435453,
          "bias": 3.3891793110399093
        }
      },
      "transition_input_weights": [
        [
          -0.6766813826659522,
          -0.2272010194529445,
          0.8007688744495473,
          0.6064445976767332,
          -1.7971054631540686
        ],
        [
          0.7418717228834625,
          -0.6267119302949773,
          0.6030523993194132,
          -0.0610366747726945,
          0.9972222333922987
        ],
        [
          1.6431029040533542,
          -0.06758178343988785,
          -0.19116913205662214,
          -0.16225428251295312,
          -0.09831086584613598
        ]
      ],
      "transition_matrix_at_u0": [
        [
          0.9024505727359496,
          0.04020780093534273,
          0.057341626328707665
        ],
        [
          0.026105390890814987,
          0.9138314245516411,
          0.060063184557543926
        ],
        [
          0.01576985162606052,
          0.025607559487100272,
          0.9586225888868392
        ]
      ],
      "log_likelihood": -635.4717733682496,
      "per_trial_log_likelihood": -0.4032181303098031,
      "n_em_iters": 69
    },
    "243": {
      "n_sessions": 15,
      "n_trials": 2046,
      "observation_weights": {
        "state_0": {
          "pupil": 0.1775595832565184,
          "mPFC_NE": -0.08917465319595634,
          "S1_NE": -0.1317983425220581,