{
  "Original": {
    "observation_weights": {
      "state_0": {
        "pupil": 0.5787956693667978,
        "stim": -3.5383363061315523,
        "bias": 3.3310829597931093
      },
      "state_1": {
        "pupil": 0.45540352349649826,
        "stim": -6.504857876854011,
        "bias": -0.7776518831333129
      },
      "state_2": {
        "pupil": 0.44808673917174535,
        "stim": -23.22918494571424,
        "bias": 2.481761559632454
      }
    },
    "transition_matrix": [
      [
        0.9293427518587623,
        1.4022984999974348e-15,
        0.07065724814123633
      ],
      [
        1.1689041772283372e-07,
        0.9947120580149517,
        0.005287825094630625
      ],
      [
        0.019564547226665324,
        0.00031623505658271675,
        0.9801192177167519
      ]
    ],
    "init_state_probs": [
      0.04629420833160365,
      0.28483220582321256,
      0.6688735858451839
    ],
    "log_probability": -2371.090106799551
  },
  "New": {
    "observation_weights": {
      "state_0": {
        "pupil": 0.45582486845040127,
        "stim": -6.236392518173387,
        "bias": -0.8105700945380243
      },
      "state_1": {
        "pupil": 0.38517539823911007,
        "stim": -23.150066225070304,
        "bias": 2.472214236816239
      },
      "state_2": {
        "pupil": 0.47497190313072996,
        "stim": -3.4885714921888757,
        "bias": 3.425172234110008
      }
    },
    "transition_matrix": [
      [
        0.9983269454217766,
        0.0011859422683343013,
        0.00048711230988900914
      ],
      [
        0.0016785496451130542,
        0.9683993799319669,
        0.029922070422920034
      ],
      [
        0.0011906231351485612,
        0.03873520396239805,
        0.9600741729024534
      ]
    ],
    "transition_weights": [
      [
        -0.24652630035692144,
        -1.194021235787686,
        -0.8041377821106473
      ],
      [
        -0.5914772876567609,
        -1.562277447670739,
        0.6686712162326651
      ],
      [
        0.1494876971943245,
        -1.9052961340291903,
        0.08641001834447383
      ]
    ],
    "init_state_probs": [
      0.28314426042125845,
      0.6712770009303438,
      0.04557873864839782
    ],
    "log_probability": -2348.3787512856416
  }
}